<?xml version="1.0" encoding="UTF-8"?>
	<mbm>
		<head>000000004d53473200000100</head>
		<size>60190000</size>
		<number>72000000</number>
		<j>200000000000000000000000</j>
		<body>
			<id id="0"/>
			<id id="1">
				<origin>このメンバーに決定しますか？\f801\\ffff\</origin>
				<translate>このメンバーに決定しますか？\f801\\ffff\</translate>
			</id>
			<id id="2">
				<origin>中断セーブしますか？\f801\\ffff\</origin>
				<translate>中断セーブしますか？\f801\\ffff\</translate>
			</id>
			<id id="3">
				<origin>お疲れ様でした\f801\電源をお切りください\f801\\ffff\</origin>
				<translate>お疲れ様でした\f801\電源をお切りください\f801\\ffff\</translate>
			</id>
			<id id="4">
				<origin>習得条件はありません\f801\\ffff\</origin>
				<translate>習得条件はありません\f801\\ffff\</translate>
			</id>
			<id id="5">
				<origin>\f811\\0000\をＬＶ：\f811\\0100\で\f801\習得します。よろしいですか？\f801\\ffff\</origin>
				<translate>\f811\\0000\をＬＶ：\f811\\0100\で\f801\習得します。よろしいですか？\f801\\ffff\</translate>
			</id>
			<id id="6">
				<origin>\f811\\0000\をＬＶ：\f811\\0100\から\f801\ＬＶ：\f811\\0200\へレベルアップしますか？\f801\\ffff\</origin>
				<translate>\f811\\0000\をＬＶ：\f811\\0100\から\f801\ＬＶ：\f811\\0200\へレベルアップしますか？\f801\\ffff\</translate>
			</id>
			<id id="7">
				<origin>\f811\\0000\が\f801\習得できるようになりました！\f801\\ffff\</origin>
				<translate>\f811\\0000\が\f801\習得できるようになりました！\f801\\ffff\</translate>
			</id>
			<id id="8">
				<origin>スキルポイントが足りません！\f801\\ffff\</origin>
				<translate>スキルポイントが足りません！\f801\\ffff\</translate>
			</id>
			<id id="9">
				<origin>マスタリースキルのレベルアップにより\f801\\f811\\0000\を習得しました！\f801\\ffff\</origin>
				<translate>マスタリースキルのレベルアップにより\f801\\f811\\0000\を習得しました！\f801\\ffff\</translate>
			</id>
			<id id="10">
				<origin>この職業についていません！\f801\\ffff\</origin>
				<translate>この職業についていません！\f801\\ffff\</translate>
			</id>
			<id id="11">
				<origin>\f811\\0000\を使った\f801\\ffff\</origin>
				<translate>\f811\\0000\を使った\f801\\ffff\</translate>
			</id>
			<id id="12">
				<origin>このアイテムを捨てますか？\f801\\ffff\</origin>
				<translate>このアイテムを捨てますか？\f801\\ffff\</translate>
			</id>
			<id id="13">
				<origin>\f811\\0000\を\f811\\0100\個捨てました\f801\\ffff\</origin>
				<translate>\f811\\0000\を\f811\\0100\個捨てました\f801\\ffff\</translate>
			</id>
			<id id="14">
				<origin>使用できるスキルがありません！\f801\\ffff\</origin>
				<translate>使用できるスキルがありません！\f801\\ffff\</translate>
			</id>
			<id id="15">
				<origin>\f804\\0500\『ＩＴＥＭ』\f804\\0000\メニューでは…\f801\所持しているアイテムを使用したり\f801\捨てたりすることができます\f801\\ffff\</origin>
				<translate>\f804\\0500\『ＩＴＥＭ』\f804\\0000\メニューでは…\f801\所持しているアイテムを使用したり\f801\捨てたりすることができます\f801\\ffff\</translate>
			</id>
			<id id="16">
				<origin>\f804\\0500\『ＳＫＩＬＬ』\f804\\0000\メニューでは…\f801\ダンジョンや街の中で使用可能なスキルを\f801\使用することができます\f801\\ffff\</origin>
				<translate>\f804\\0500\『ＳＫＩＬＬ』\f804\\0000\メニューでは…\f801\ダンジョンや街の中で使用可能なスキルを\f801\使用することができます\f801\\ffff\</translate>
			</id>
			<id id="17">
				<origin>\f804\\0500\『ＥＱＵＩＰ』\f804\\0000\メニューでは…\f801\キャラクターの各種装備品を自由に\f801\変更することができます\f801\\f802\\f804\\0500\装備した武具によって使用できる\f801\スキルが異なる\f804\\0000\職業があるので\f801\装備の変更は注意して行いましょう\f801\\ffff\</origin>
				<translate>\f804\\0500\『ＥＱＵＩＰ』\f804\\0000\メニューでは…\f801\キャラクターの各種装備品を自由に\f801\変更することができます\f801\\f802\\f804\\0500\装備した武具によって使用できる\f801\スキルが異なる\f804\\0000\職業があるので\f801\装備の変更は注意して行いましょう\f801\\ffff\</translate>
			</id>
			<id id="18">
				<origin>\f804\\0500\『ＣＵＳＴＯＭ』\f804\\0000\メニューでは…\f801\スキルポイントをふりわけて\f801\スキルを習得することができます\f801\\f802\このゲームでは\f801\\f804\\0500\ＬＶアップにつき１スキルポイント\f801\\f804\\0000\を取得します\f801\\f802\強化したいスキルや習得したいスキル\f801\にスキルポイントをふりわけて\f801\キャラクターを育てていきましょう\f801\\ffff\</origin>
				<translate>\f804\\0500\『ＣＵＳＴＯＭ』\f804\\0000\メニューでは…\f801\スキルポイントをふりわけて\f801\スキルを習得することができます\f801\\f802\このゲームでは\f801\\f804\\0500\ＬＶアップにつき１スキルポイント\f801\\f804\\0000\を取得します\f801\\f802\強化したいスキルや習得したいスキル\f801\にスキルポイントをふりわけて\f801\キャラクターを育てていきましょう\f801\\ffff\</translate>
			</id>
			<id id="19">
				<origin>\f804\\0500\『ＰＡＲＴＹ』\f804\\0000\メニューでは…\f801\パーティの前列後列の並び方を\f801\再編成することができます\f801\\f802\戦闘不能者が出て\f801\\f804\\0500\隊列が崩れた後は要注意です\f801\\f804\\0000\必ず直すように心がけましょう\f801\\ffff\</origin>
				<translate>\f804\\0500\『ＰＡＲＴＹ』\f804\\0000\メニューでは…\f801\パーティの前列後列の並び方を\f801\再編成することができます\f801\\f802\戦闘不能者が出て\f801\\f804\\0500\隊列が崩れた後は要注意です\f801\\f804\\0000\必ず直すように心がけましょう\f801\\ffff\</translate>
			</id>
			<id id="20">
				<origin>\f804\\0500\『ＢＯＯＫ』\f804\\0000\メニューでは…\f801\受領中／コンプリート済みのクエストや\f801\ミッションなどが確認できます\f801\\f802\またゲームを進行することで\f801\ギルドカードの確認が\f801\できるようになります\f801\\f802\さらにモンスター図鑑、アイテム図鑑で\f801\発見したモンスター、アイテムを\f801\閲覧することも可能です\f801\\ffff\</origin>
				<translate>\f804\\0500\『ＢＯＯＫ』\f804\\0000\メニューでは…\f801\受領中／コンプリート済みのクエストや\f801\ミッションなどが確認できます\f801\\f802\またゲームを進行することで\f801\ギルドカードの確認が\f801\できるようになります\f801\\f802\さらにモンスター図鑑、アイテム図鑑で\f801\発見したモンスター、アイテムを\f801\閲覧することも可能です\f801\\ffff\</translate>
			</id>
			<id id="21">
				<origin>ドールは二刀流として装備できません\f801\他の武器が外れますが装備しますか？\f801\\ffff\</origin>
				<translate>ドールは二刀流として装備できません\f801\他の武器が外れますが装備しますか？\f801\\ffff\</translate>
			</id>
			<id id="22">
				<origin>装備を外せません！\f801\持ち物を捨ててください\f801\\ffff\</origin>
				<translate>装備を外せません！\f801\持ち物を捨ててください\f801\\ffff\</translate>
			</id>
			<id id="23">
				<origin>依頼はありません\f801\\ffff\</origin>
				<translate>依頼はありません\f801\\ffff\</translate>
			</id>
			<id id="24">
				<origin>このギルドカードを削除します\f801\よろしいですか？\f801\\ffff\</origin>
				<translate>このギルドカードを削除します\f801\よろしいですか？\f801\\ffff\</translate>
			</id>
			<id id="25">
				<origin>ギルドカードを削除しました\f801\\ffff\</origin>
				<translate>ギルドカードを削除しました\f801\\ffff\</translate>
			</id>
			<id id="26">
				<origin>\f811\\0000\のＳＴＲが\f801\\f811\\0100\に上がった！\f801\※\f811\\0200\残り使用可能回数\f804\\0300\\f811\\0300\\f804\\0000\回\f801\\ffff\</origin>
				<translate>\f811\\0000\のＳＴＲが\f801\\f811\\0100\に上がった！\f801\※\f811\\0200\残り使用可能回数\f804\\0300\\f811\\0300\\f804\\0000\回\f801\\ffff\</translate>
			</id>
			<id id="27">
				<origin>\f811\\0000\のＴＥＣが\f801\\f811\\0100\に上がった！\f801\※\f811\\0200\残り使用可能回数\f804\\0300\\f811\\0300\\f804\\0000\回\f801\\ffff\</origin>
				<translate>\f811\\0000\のＴＥＣが\f801\\f811\\0100\に上がった！\f801\※\f811\\0200\残り使用可能回数\f804\\0300\\f811\\0300\\f804\\0000\回\f801\\ffff\</translate>
			</id>
			<id id="28">
				<origin>\f811\\0000\のＶＩＴが\f801\\f811\\0100\に上がった！\f801\※\f811\\0200\残り使用可能回数\f804\\0300\\f811\\0300\\f804\\0000\回\f801\\ffff\</origin>
				<translate>\f811\\0000\のＶＩＴが\f801\\f811\\0100\に上がった！\f801\※\f811\\0200\残り使用可能回数\f804\\0300\\f811\\0300\\f804\\0000\回\f801\\ffff\</translate>
			</id>
			<id id="29">
				<origin>\f811\\0000\のＡＧＩが\f801\\f811\\0100\に上がった！\f801\※\f811\\0200\残り使用可能回数\f804\\0300\\f811\\0300\\f804\\0000\回\f801\\ffff\</origin>
				<translate>\f811\\0000\のＡＧＩが\f801\\f811\\0100\に上がった！\f801\※\f811\\0200\残り使用可能回数\f804\\0300\\f811\\0300\\f804\\0000\回\f801\\ffff\</translate>
			</id>
			<id id="30">
				<origin>\f811\\0000\のＬＵＣが\f801\\f811\\0100\に上がった！\f801\※\f811\\0200\残り使用可能回数\f804\\0300\\f811\\0300\\f804\\0000\回\f801\\ffff\</origin>
				<translate>\f811\\0000\のＬＵＣが\f801\\f811\\0100\に上がった！\f801\※\f811\\0200\残り使用可能回数\f804\\0300\\f811\\0300\\f804\\0000\回\f801\\ffff\</translate>
			</id>
			<id id="31">
				<origin>しかし効果はなかった！\f801\\ffff\</origin>
				<translate>しかし効果はなかった！\f801\\ffff\</translate>
			</id>
			<id id="32">
				<origin>\f804\\0500\『ＳＴＡＴＵＳ』\f804\\0000\メニューでは…\f801\キャラクターのステータス・装備\f801\を見ることができます\f801\\ffff\</origin>
				<translate>\f804\\0500\『ＳＴＡＴＵＳ』\f804\\0000\メニューでは…\f801\キャラクターのステータス・装備\f801\を見ることができます\f801\\ffff\</translate>
			</id>
			<id id="33">
				<origin>\f804\\0500\サブウェポン\f804\\0000\を装備しました。\f801\戦闘時、サブウェポンのスキルも\f801\使用することができます！\f801\\ffff\</origin>
				<translate>\f804\\0500\サブウェポン\f804\\0000\を装備しました。\f801\戦闘時、サブウェポンのスキルも\f801\使用することができます！\f801\\ffff\</translate>
			</id>
			<id id="34">
				<origin>装備を変更したことで\f801\使用できるスキルが変化しました\f801\\ffff\</origin>
				<translate>装備を変更したことで\f801\使用できるスキルが変化しました\f801\\ffff\</translate>
			</id>
			<id id="35">
				<origin>このキャラクターの装備は\f801\変更できません！\f801\\ffff\</origin>
				<translate>このキャラクターの装備は\f801\変更できません！\f801\\ffff\</translate>
			</id>
			<id id="36">
				<origin>習得可能レベルに達していません。\f801\\f804\\0500\レベル２０以上\f804\\0000\\f801\\ffff\</origin>
				<translate>習得可能レベルに達していません。\f801\\f804\\0500\レベル２０以上\f804\\0000\\f801\\ffff\</translate>
			</id>
			<id id="37">
				<origin>習得可能レベルに達していません。\f801\\f804\\0500\レベル４０以上\f804\\0000\\f801\\ffff\</origin>
				<translate>習得可能レベルに達していません。\f801\\f804\\0500\レベル４０以上\f804\\0000\\f801\\ffff\</translate>
			</id>
			<id id="38">
				<origin>習得済みスキルです。\f801\\ffff\</origin>
				<translate>習得済みスキルです。\f801\\ffff\</translate>
			</id>
			<id id="39">
				<origin>このアイテムは使えません\f801\\ffff\</origin>
				<translate>このアイテムは使えません\f801\\ffff\</translate>
			</id>
			<id id="40">
				<origin>\f804\\0500\砲剣\f804\\0000\を装備しました\f801\砲剣装備中は他の武器を装備できません\f801\\ffff\</origin>
				<translate>\f804\\0500\砲剣\f804\\0000\を装備しました\f801\砲剣装備中は他の武器を装備できません\f801\\ffff\</translate>
			</id>
			<id id="41">
				<origin>このキャラクターには使用できません！\f801\\ffff\</origin>
				<translate>このキャラクターには使用できません！\f801\\ffff\</translate>
			</id>
			<id id="42">
				<origin>このキャラクターのパラメータは\f801\最大値になっています。\f801\\ffff\</origin>
				<translate>このキャラクターのパラメータは\f801\最大値になっています。\f801\\ffff\</translate>
			</id>
			<id id="43">
				<origin>このキャラクターはすでに\f801\\f811\\0000\を１０回使用しています。\f801\\ffff\</origin>
				<translate>このキャラクターはすでに\f801\\f811\\0000\を１０回使用しています。\f801\\ffff\</translate>
			</id>
			<id id="44">
				<origin>\f811\\0000\の\f811\\0100\の効果により\f801\\f804\\0300\\f811\\0200\ｅｎ\f804\\0000\手に入れた\f801\\ffff\</origin>
				<translate>\f811\\0000\の\f811\\0100\の効果により\f801\\f804\\0300\\f811\\0200\ｅｎ\f804\\0000\手に入れた\f801\\ffff\</translate>
			</id>
			<id id="45"/>
			<id id="46"/>
			<id id="47"/>
			<id id="48"/>
			<id id="49"/>
			<id id="50">
				<origin>習得条件をみたしていません\f801\\f811\\0000\ ＬＶ：\f811\\0100\以上\f801\\ffff\</origin>
				<translate>習得条件をみたしていません\f801\\f811\\0000\ ＬＶ：\f811\\0100\以上\f801\\ffff\</translate>
			</id>
			<id id="51">
				<origin>習得条件をみたしていません\f801\\f811\\0000\ ＬＶ：\f811\\0100\以上\f801\\f811\\0200\ ＬＶ：\f811\\0300\以上\f801\\ffff\</origin>
				<translate>習得条件をみたしていません\f801\\f811\\0000\ ＬＶ：\f811\\0100\以上\f801\\f811\\0200\ ＬＶ：\f811\\0300\以上\f801\\ffff\</translate>
			</id>
			<id id="52">
				<origin>習得条件をみたしていません\f801\\f811\\0000\ ＬＶ：\f811\\0100\以上\f801\\f811\\0200\ ＬＶ：\f811\\0300\以上\f801\\f802\\f811\\0400\ ＬＶ：\f811\\0500\以上\f801\\ffff\</origin>
				<translate>習得条件をみたしていません\f801\\f811\\0000\ ＬＶ：\f811\\0100\以上\f801\\f811\\0200\ ＬＶ：\f811\\0300\以上\f801\\f802\\f811\\0400\ ＬＶ：\f811\\0500\以上\f801\\ffff\</translate>
			</id>
			<id id="53">
				<origin>習得条件をみたしていません\f801\\f811\\0000\ ＬＶ：\f811\\0100\以上\f801\\f811\\0200\ ＬＶ：\f811\\0300\以上\f801\\f802\\f811\\0400\ ＬＶ：\f811\\0500\以上\f801\\f811\\0600\ ＬＶ：\f811\\0700\以上\f801\\ffff\</origin>
				<translate>習得条件をみたしていません\f801\\f811\\0000\ ＬＶ：\f811\\0100\以上\f801\\f811\\0200\ ＬＶ：\f811\\0300\以上\f801\\f802\\f811\\0400\ ＬＶ：\f811\\0500\以上\f801\\f811\\0600\ ＬＶ：\f811\\0700\以上\f801\\ffff\</translate>
			</id>
			<id id="54">
				<origin>しかし\f811\\0000\は\f801\発動しなかった\f801\\ffff\</origin>
				<translate>しかし\f811\\0000\は\f801\発動しなかった\f801\\ffff\</translate>
			</id>
			<id id="55">
				<origin>\f811\\0100\は\f801\\f811\\0000\を起動した！\f801\\ffff\</origin>
				<translate>\f811\\0100\は\f801\\f811\\0000\を起動した！\f801\\ffff\</translate>
			</id>
			<id id="56">
				<origin>貴重品はありません\f801\\ffff\</origin>
				<translate>貴重品はありません\f801\\ffff\</translate>
			</id>
			<id id="57">
				<origin>このスキルにポイントを\f801\割り振ることは出来ません\f801\\ffff\</origin>
				<translate>このスキルにポイントを\f801\割り振ることは出来ません\f801\\ffff\</translate>
			</id>
			<id id="58">
				<origin>食材はありません\f801\\ffff\</origin>
				<translate>食材はありません\f801\\ffff\</translate>
			</id>
			<id id="59">
				<origin>このアイテムは捨てられません\f801\\ffff\</origin>
				<translate>このアイテムは捨てられません\f801\\ffff\</translate>
			</id>
			<id id="60">
				<origin>捨てたいグリモアを選んでください\f801\\ffff\</origin>
				<translate>捨てたいグリモアを選んでください\f801\\ffff\</translate>
			</id>
			<id id="61">
				<origin>グリモアはありません\f801\\ffff\</origin>
				<translate>グリモアはありません\f801\\ffff\</translate>
			</id>
			<id id="62">
				<origin>所持品はありません\f801\\ffff\</origin>
				<translate>所持品はありません\f801\\ffff\</translate>
			</id>
			<id id="63">
				<origin>このグリモアを捨てますか？\f801\\ffff\</origin>
				<translate>このグリモアを捨てますか？\f801\\ffff\</translate>
			</id>
			<id id="64">
				<origin>レベルが足りません！\f801\\ffff\</origin>
				<translate>レベルが足りません！\f801\\ffff\</translate>
			</id>
			<id id="65">
				<origin>しかし周囲に魔物はいなかった\f801\\ffff\</origin>
				<translate>しかし周囲に魔物はいなかった\f801\\ffff\</translate>
			</id>
			<id id="66">
				<origin>スキルポイントを振り分ける前に\f801\スキルの種類についてご説明します。\f801\\f802\習得可能なスキルには\f804\\0500\ｎｏｖｉｃｅ、\f801\ｖｅｔｅｒａｎ、ｍａｓｔｅｒ\f804\\0000\といった\f801\種類があり、ページごとに分かれています。\f801\\f802\初めのうちは、今見ている画面の\f801\\f804\\0500\ｎｏｖｉｃｅ\f804\\0000\スキルしか\f801\習得ができませんが…\f801\\f802\レベルの上昇に応じて\f804\\0500\ｖｅｔｅｒａｎ、\f801\ｍａｓｔｅｒ\f804\\0000\スキルも解放されます。\f801\\f802\また、習得条件を満たしていないスキルも\f801\習得可能なレベルで\f801\スキルポイントが十分にあれば…\f801\\f802\習得条件も含めて\f801\\f804\\0500\一括でスキルの習得\f804\\0000\ができます。\f801\\f802\スキルポイントに余裕がある時に\f801\役立ててください。\f801\\ffff\</origin>
				<translate>スキルポイントを振り分ける前に\f801\スキルの種類についてご説明します。\f801\\f802\習得可能なスキルには\f804\\0500\ｎｏｖｉｃｅ、\f801\ｖｅｔｅｒａｎ、ｍａｓｔｅｒ\f804\\0000\といった\f801\種類があり、ページごとに分かれています。\f801\\f802\初めのうちは、今見ている画面の\f801\\f804\\0500\ｎｏｖｉｃｅ\f804\\0000\スキルしか\f801\習得ができませんが…\f801\\f802\レベルの上昇に応じて\f804\\0500\ｖｅｔｅｒａｎ、\f801\ｍａｓｔｅｒ\f804\\0000\スキルも解放されます。\f801\\f802\また、習得条件を満たしていないスキルも\f801\習得可能なレベルで\f801\スキルポイントが十分にあれば…\f801\\f802\習得条件も含めて\f801\\f804\\0500\一括でスキルの習得\f804\\0000\ができます。\f801\\f802\スキルポイントに余裕がある時に\f801\役立ててください。\f801\\ffff\</translate>
			</id>
			<id id="67">
				<origin>種族スキルは探索に有効なものが多く存在し\f801\ます。レベルの上昇に応じて解放されますの\f801\で定期的に確認し、習得してみましょう\f801\\ffff\</origin>
				<translate>種族スキルは探索に有効なものが多く存在し\f801\ます。レベルの上昇に応じて解放されますの\f801\で定期的に確認し、習得してみましょう\f801\\ffff\</translate>
			</id>
			<id id="68">
				<origin>習得可能レベルに達していません。\f801\レベル２０以上\f801\\ffff\</origin>
				<translate>習得可能レベルに達していません。\f801\レベル２０以上\f801\\ffff\</translate>
			</id>
			<id id="69">
				<origin>習得可能レベルに達していません。\f801\レベル４０以上\f801\\ffff\</origin>
				<translate>習得可能レベルに達していません。\f801\レベル４０以上\f801\\ffff\</translate>
			</id>
			<id id="70">
				<origin>\f811\\0000\ Ｂ\f811\\0100\Ｆ\f801\\ffff\</origin>
				<translate>\f811\\0000\ Ｂ\f811\\0100\Ｆ\f801\\ffff\</translate>
			</id>
			<id id="71">
				<origin>このキャラクターのスキルは\f801\カスタムできません！\f801\\ffff\</origin>
				<translate>このキャラクターのスキルは\f801\カスタムできません！\f801\\ffff\</translate>
			</id>
			<id id="72">
				<origin>体験版ではＢＯＯＫは\f801\使用できません\f801\\ffff\</origin>
				<translate>体験版ではＢＯＯＫは\f801\使用できません\f801\\ffff\</translate>
			</id>
			<id id="73"/>
			<id id="74"/>
			<id id="75"/>
			<id id="76"/>
			<id id="77"/>
			<id id="78"/>
			<id id="79"/>
			<id id="80"/>
			<id id="81"/>
			<id id="82"/>
			<id id="83"/>
			<id id="84"/>
			<id id="85"/>
			<id id="86"/>
			<id id="87"/>
			<id id="88"/>
			<id id="89"/>
			<id id="90">
				<origin>習得条件を含めて一括で習得しますか？\f801\（使用ＳＰ：\f811\\0000\ 所持ＳＰ：\f811\\0200\）\f801\\ffff\</origin>
				<translate>習得条件を含めて一括で習得しますか？\f801\（使用ＳＰ：\f811\\0000\ 所持ＳＰ：\f811\\0200\）\f801\\ffff\</translate>
			</id>
			<id id="91">
				<origin>スキルポイントが\f811\\0000\ポイントあれば\f801\習得条件を含め習得できます\f801\\ffff\</origin>
				<translate>スキルポイントが\f811\\0000\ポイントあれば\f801\習得条件を含め習得できます\f801\\ffff\</translate>
			</id>
			<id id="92"/>
			<id id="93"/>
			<id id="94"/>
			<id id="95"/>
			<id id="96"/>
			<id id="97"/>
			<id id="98"/>
			<id id="99"/>
			<id id="100"/>
			<id id="101"/>
			<id id="102">
				<origin>エンカウント率が低下した！\f801\\ffff\</origin>
				<translate>エンカウント率が低下した！\f801\\ffff\</translate>
			</id>
			<id id="103">
				<origin>エンカウント率が上昇した！\f801\\ffff\</origin>
				<translate>エンカウント率が上昇した！\f801\\ffff\</translate>
			</id>
			<id id="104">
				<origin>フィールド上でのダメージと\f801\ぬかるみ床が無効化した！\f801\\ffff\</origin>
				<translate>フィールド上でのダメージと\f801\ぬかるみ床が無効化した！\f801\\ffff\</translate>
			</id>
			<id id="105">
				<origin>先制率が上昇した！\f801\\ffff\</origin>
				<translate>先制率が上昇した！\f801\\ffff\</translate>
			</id>
			<id id="106">
				<origin>敵を呼び寄せた！\f801\\ffff\</origin>
				<translate>敵を呼び寄せた！\f801\\ffff\</translate>
			</id>
			<id id="107">
				<origin>このフロアにある宝箱、隠し通路、階段、\f801\採集ポイント、ＦＯＥを地図に表示した！\f801\\ffff\</origin>
				<translate>このフロアにある宝箱、隠し通路、階段、\f801\採集ポイント、ＦＯＥを地図に表示した！\f801\\ffff\</translate>
			</id>
			<id id="108"/>
			<id id="109"/>
			<id id="110"/>
			<id id="111">
				<origin>エンカウント率が低下した！\f801\\ffff\</origin>
				<translate>エンカウント率が低下した！\f801\\ffff\</translate>
			</id>
			<id id="112">
				<origin>エンカウント率が上昇した！\f801\\ffff\</origin>
				<translate>エンカウント率が上昇した！\f801\\ffff\</translate>
			</id>
			<id id="113">
				<origin>フィールド上でのダメージと\f801\ぬかるみ床を無効化した！\f801\\ffff\</origin>
				<translate>フィールド上でのダメージと\f801\ぬかるみ床を無効化した！\f801\\ffff\</translate>
			</id>
			<id id="114">
				<origin>このフロアにある宝箱、隠し通路、階段、\f801\採集ポイント、ＦＯＥを地図に表示した！\f801\\ffff\</origin>
				<translate>このフロアにある宝箱、隠し通路、階段、\f801\採集ポイント、ＦＯＥを地図に表示した！\f801\\ffff\</translate>
			</id>
		</body>
	</mbm>
