<?xml version="1.0" encoding="UTF-8"?>
	<mbm>
		<head>000000004d53473200000100</head>
		<size>c6050000</size>
		<number>35000000</number>
		<j>200000000000000000000000</j>
		<body>
			<id id="0"/>
			<id id="1">
				<origin>世界樹の迷宮Ｘのすれちがい通信は\f801\すでに登録されています。\f801\\f802\すれちがい通信をやめるときは\f801\ＨＯＭＥメニューから「本体設定」を選び\f801\\f802\「データ管理」の「すれちがい通信管理」で\f801\やめることができます。\f801\\ffff\</origin>
				<translate>世界樹の迷宮Ｘのすれちがい通信は\f801\すでに登録されています。\f801\\f802\すれちがい通信をやめるときは\f801\ＨＯＭＥメニューから「本体設定」を選び\f801\\f802\「データ管理」の「すれちがい通信管理」で\f801\やめることができます。\f801\\ffff\</translate>
			</id>
			<id id="2"/>
			<id id="3"/>
			<id id="4"/>
			<id id="5"/>
			<id id="6"/>
			<id id="7"/>
			<id id="8"/>
			<id id="9"/>
			<id id="10"/>
			<id id="11">
				<origin>すれちがい通信を利用するには\f801\最新の利用規約に同意する必要があります。\f801\\f802\本体設定で「インターネット設定」⇒\f801\「その他の情報」⇒「利用規約の確認」を\f801\選び最新の利用規約に同意してください。\f801\\ffff\</origin>
				<translate>すれちがい通信を利用するには\f801\最新の利用規約に同意する必要があります。\f801\\f802\本体設定で「インターネット設定」⇒\f801\「その他の情報」⇒「利用規約の確認」を\f801\選び最新の利用規約に同意してください。\f801\\ffff\</translate>
			</id>
			<id id="12"/>
			<id id="13"/>
			<id id="14"/>
			<id id="15"/>
			<id id="16"/>
			<id id="17"/>
			<id id="18"/>
			<id id="19"/>
			<id id="20"/>
			<id id="21">
				<origin>「他のユーザーとのすれちがい通信」が、\f801\保護者により制限されているため\f801\すれちがい通信を利用できません。\f801\\ffff\</origin>
				<translate>「他のユーザーとのすれちがい通信」が、\f801\保護者により制限されているため\f801\すれちがい通信を利用できません。\f801\\ffff\</translate>
			</id>
			<id id="22"/>
			<id id="23"/>
			<id id="24"/>
			<id id="25"/>
			<id id="26"/>
			<id id="27"/>
			<id id="28"/>
			<id id="29"/>
			<id id="30"/>
			<id id="31">
				<origin>ニンテンドー３ＤＳ本体にこれ以上\f801\すれちがい通信を登録できません。\f801\\f802\本体設定のすれちがい通信管理で\f801\他ソフトのすれちがい通信を\f801\やめてください。\f801\\ffff\</origin>
				<translate>ニンテンドー３ＤＳ本体にこれ以上\f801\すれちがい通信を登録できません。\f801\\f802\本体設定のすれちがい通信管理で\f801\他ソフトのすれちがい通信を\f801\やめてください。\f801\\ffff\</translate>
			</id>
			<id id="32"/>
			<id id="33"/>
			<id id="34"/>
			<id id="35"/>
			<id id="36"/>
			<id id="37"/>
			<id id="38"/>
			<id id="39"/>
			<id id="40"/>
			<id id="41">
				<origin>ニンテンドー３ＤＳ本体にすれちがい通信を\f801\登録することですれ違った相手と\f801\「ギルドカードの交換」が行えます。\f801\\ffff\</origin>
				<translate>ニンテンドー３ＤＳ本体にすれちがい通信を\f801\登録することですれ違った相手と\f801\「ギルドカードの交換」が行えます。\f801\\ffff\</translate>
			</id>
			<id id="42">
				<origin>『世界樹の迷宮Ｘ』のすれちがい通信を\f801\ニンテンドー３ＤＳ本体に登録しますか？\f801\\ffff\</origin>
				<translate>『世界樹の迷宮Ｘ』のすれちがい通信を\f801\ニンテンドー３ＤＳ本体に登録しますか？\f801\\ffff\</translate>
			</id>
			<id id="43">
				<origin>『世界樹の迷宮Ｘ』のすれちがい通信を\f801\ニンテンドー３ＤＳ本体に登録しました。\f801\\f802\このゲームを終了しても\f801\すれちがい通信は自動で行われます。\f801\\f802\ＨＯＭＥメニューから「本体設定」を選び\f801\「データ管理」の「すれちがい通信管理」で\f801\すれちがい通信をやめることができます。\f801\\ffff\</origin>
				<translate>『世界樹の迷宮Ｘ』のすれちがい通信を\f801\ニンテンドー３ＤＳ本体に登録しました。\f801\\f802\このゲームを終了しても\f801\すれちがい通信は自動で行われます。\f801\\f802\ＨＯＭＥメニューから「本体設定」を選び\f801\「データ管理」の「すれちがい通信管理」で\f801\すれちがい通信をやめることができます。\f801\\ffff\</translate>
			</id>
			<id id="44"/>
			<id id="45"/>
			<id id="46"/>
			<id id="47"/>
			<id id="48"/>
			<id id="49"/>
			<id id="50">
				<origin>すれちがい通信の登録に失敗しました\f801\\ffff\</origin>
				<translate>すれちがい通信の登録に失敗しました\f801\\ffff\</translate>
			</id>
			<id id="51">
				<origin>ギルドカードを受け取っています\f801\\ffff\</origin>
				<translate>ギルドカードを受け取っています\f801\\ffff\</translate>
			</id>
			<id id="52">
				<origin>すれちがい通信にデータを\f801\反映しています\f801\\ffff\</origin>
				<translate>すれちがい通信にデータを\f801\反映しています\f801\\ffff\</translate>
			</id>
			<id id="53">
				<origin>\f811\\0000\枚のギルドカードを\f801\受け取りました！\f801\\ffff\</origin>
				<translate>\f811\\0000\枚のギルドカードを\f801\受け取りました！\f801\\ffff\</translate>
			</id>
		</body>
	</mbm>
