<?xml version="1.0" encoding="UTF-8"?>
	<mbm>
		<head>000000004d53473200000100</head>
		<size>20020000</size>
		<number>0f000000</number>
		<j>200000000000000000000000</j>
		<body>
			<id id="0"/>
			<id id="1">
				<origin>\f804\\0200\フェンサー\f801\\ffff\</origin>
				<translate>\f804\\0200\フェンサー\f801\\ffff\</translate>
			</id>
			<id id="2">
				<origin>\f804\\0200\ドラグーン\f801\\ffff\</origin>
				<translate>\f804\\0200\ドラグーン\f801\\ffff\</translate>
			</id>
			<id id="3">
				<origin>\f804\\0200\ウォーロック\f801\\ffff\</origin>
				<translate>\f804\\0200\ウォーロック\f801\\ffff\</translate>
			</id>
			<id id="4">
				<origin>\f804\\0200\ハウンド\f801\\ffff\</origin>
				<translate>\f804\\0200\ハウンド\f801\\ffff\</translate>
			</id>
			<id id="5">
				<origin>\f804\\0200\マスラオ\f801\\ffff\</origin>
				<translate>\f804\\0200\マスラオ\f801\\ffff\</translate>
			</id>
			<id id="6">
				<origin>\f804\\0200\シャーマン\f801\\ffff\</origin>
				<translate>\f804\\0200\シャーマン\f801\\ffff\</translate>
			</id>
			<id id="7">
				<origin>\f804\\0200\ハーバリスト\f801\\ffff\</origin>
				<translate>\f804\\0200\ハーバリスト\f801\\ffff\</translate>
			</id>
			<id id="8">
				<origin>\f804\\0200\セスタス\f801\\ffff\</origin>
				<translate>\f804\\0200\セスタス\f801\\ffff\</translate>
			</id>
			<id id="9">
				<origin>\f804\\0200\リーパー\f801\\ffff\</origin>
				<translate>\f804\\0200\リーパー\f801\\ffff\</translate>
			</id>
			<id id="10">
				<origin>\f804\\0200\ネクロマンサー\f801\\ffff\</origin>
				<translate>\f804\\0200\ネクロマンサー\f801\\ffff\</translate>
			</id>
			<id id="11">
				<origin>\f804\\0200\だみー\f801\\ffff\</origin>
				<translate>\f804\\0200\だみー\f801\\ffff\</translate>
			</id>
			<id id="12">
				<origin>\f804\\0200\だみー\f801\\ffff\</origin>
				<translate>\f804\\0200\だみー\f801\\ffff\</translate>
			</id>
			<id id="13">
				<origin>\f804\\0200\だみー\f801\\ffff\</origin>
				<translate>\f804\\0200\だみー\f801\\ffff\</translate>
			</id>
			<id id="14"/>
			<id id="15">
				<origin>\f804\\0200\主人公説明文\f801\\f801\\f804\\0600\得意武器：剣・カタナ\f801\前列で戦う攻撃型\f801\\ffff\</origin>
				<translate>\f804\\0200\主人公説明文\f801\\f801\\f804\\0600\得意武器：剣・カタナ\f801\前列で戦う攻撃型\f801\\ffff\</translate>
			</id>
		</body>
	</mbm>
