<?xml version="1.0" encoding="UTF-8"?>
	<mbm>
		<head>000000004d53473200000100</head>
		<size>d22b0000</size>
		<number>3e010000</number>
		<j>200000000000000000000000</j>
		<body>
			<id id="0">
				<origin>ダミー\f801\\ffff\</origin>
				<translate>ダミー\f801\\ffff\</translate>
			</id>
			<id id="1">
				<origin>冒険者たちの前に大きな箱がある。\f801\\ffff\</origin>
				<translate>冒険者たちの前に大きな箱がある。\f801\\ffff\</translate>
			</id>
			<id id="2">
				<origin>\f804\\0500\開けますか？\f804\\0000\\f801\\ffff\</origin>
				<translate>\f804\\0500\開けますか？\f804\\0000\\f801\\ffff\</translate>
			</id>
			<id id="3">
				<origin>\f815\\0000\\f804\\0600\\f811\\0000\\f804\\0000\を手に入れた。\f801\\ffff\</origin>
				<translate>\f815\\0000\\f804\\0600\\f811\\0000\\f804\\0000\を手に入れた。\f801\\ffff\</translate>
			</id>
			<id id="4">
				<origin>\f815\\0000\\f804\\0900\\f811\\0000\\f804\\0000\を手に入れた！！！\f801\\ffff\</origin>
				<translate>\f815\\0000\\f804\\0900\\f811\\0000\\f804\\0000\を手に入れた！！！\f801\\ffff\</translate>
			</id>
			<id id="5">
				<origin>\f804\\0500\\f811\\0000\\f804\\0000\エンを手に入れた。\f801\\ffff\</origin>
				<translate>\f804\\0500\\f811\\0000\\f804\\0000\エンを手に入れた。\f801\\ffff\</translate>
			</id>
			<id id="6">
				<origin>しかし、これ以上所持品を持てないようだ。\f801\\ffff\</origin>
				<translate>しかし、これ以上所持品を持てないようだ。\f801\\ffff\</translate>
			</id>
			<id id="7">
				<origin>すでに中身を取り出している。\f801\\ffff\</origin>
				<translate>すでに中身を取り出している。\f801\\ffff\</translate>
			</id>
			<id id="8">
				<origin>しかし、これ以上グリモアを\f801\持てないようだ。\f801\\ffff\</origin>
				<translate>しかし、これ以上グリモアを\f801\持てないようだ。\f801\\ffff\</translate>
			</id>
			<id id="9"/>
			<id id="10"/>
			<id id="11"/>
			<id id="12"/>
			<id id="13">
				<origin>落とし穴だ！！\f801\\ffff\</origin>
				<translate>落とし穴だ！！\f801\\ffff\</translate>
			</id>
			<id id="14">
				<origin>伐採ポイントがある。\f801\伐採しますか？\f801\\ffff\</origin>
				<translate>伐採ポイントがある。\f801\伐採しますか？\f801\\ffff\</translate>
			</id>
			<id id="15">
				<origin>採掘ポイントがある。\f801\採掘しますか？\f801\\ffff\</origin>
				<translate>採掘ポイントがある。\f801\採掘しますか？\f801\\ffff\</translate>
			</id>
			<id id="16">
				<origin>採取ポイントがある。\f801\採取しますか？\f801\\ffff\</origin>
				<translate>採取ポイントがある。\f801\採取しますか？\f801\\ffff\</translate>
			</id>
			<id id="17"/>
			<id id="18"/>
			<id id="19"/>
			<id id="20"/>
			<id id="21"/>
			<id id="22"/>
			<id id="23"/>
			<id id="24"/>
			<id id="25"/>
			<id id="26"/>
			<id id="27"/>
			<id id="28"/>
			<id id="29"/>
			<id id="30"/>
			<id id="31"/>
			<id id="32">
				<origin>辺りに敵の気配はない。\f801\ここなら安心して野営出来そうだ。\f801\\ffff\</origin>
				<translate>辺りに敵の気配はない。\f801\ここなら安心して野営出来そうだ。\f801\\ffff\</translate>
			</id>
			<id id="33">
				<origin>この辺りはあまり敵の気配がない。\f801\少し危険だが野営出来そうだ。\f801\\ffff\</origin>
				<translate>この辺りはあまり敵の気配がない。\f801\少し危険だが野営出来そうだ。\f801\\ffff\</translate>
			</id>
			<id id="34">
				<origin>テントを使い、野営しますか？\f801\\ffff\</origin>
				<translate>テントを使い、野営しますか？\f801\\ffff\</translate>
			</id>
			<id id="35">
				<origin>テントを所持していないので\f801\野営できない。\f801\\ffff\</origin>
				<translate>テントを所持していないので\f801\野営できない。\f801\\ffff\</translate>
			</id>
			<id id="36">
				<origin>君達はその場にテントを設置し、\f801\仮眠を取ることにした。\f801\\ffff\</origin>
				<translate>君達はその場にテントを設置し、\f801\仮眠を取ることにした。\f801\\ffff\</translate>
			</id>
			<id id="37">
				<origin>・・・\f801\\ffff\</origin>
				<translate>・・・\f801\\ffff\</translate>
			</id>
			<id id="38">
				<origin>なんと、テントを蹴散らし\f801\襲撃者が現れた！\f801\\ffff\</origin>
				<translate>なんと、テントを蹴散らし\f801\襲撃者が現れた！\f801\\ffff\</translate>
			</id>
			<id id="39">
				<origin>君達は十分に仮眠を取った。\f801\ＨＰとＴＰが回復した。\f801\\ffff\</origin>
				<translate>君達は十分に仮眠を取った。\f801\ＨＰとＴＰが回復した。\f801\\ffff\</translate>
			</id>
			<id id="40">
				<origin>敵に襲撃され、十分に\f801\仮眠を取る事が出来なかった。\f801\ＨＰとＴＰがわずかに回復した。\f801\\ffff\</origin>
				<translate>敵に襲撃され、十分に\f801\仮眠を取る事が出来なかった。\f801\ＨＰとＴＰがわずかに回復した。\f801\\ffff\</translate>
			</id>
			<id id="41">
				<origin>君たちはテントを放棄し逃げ出した！\f801\休むことは適わず、君たちは\f801\疲弊したままこの場を後にする。\f801\\ffff\</origin>
				<translate>君たちはテントを放棄し逃げ出した！\f801\休むことは適わず、君たちは\f801\疲弊したままこの場を後にする。\f801\\ffff\</translate>
			</id>
			<id id="42">
				<origin>\f804\\0500\樹海磁軸がある。どうしますか？\f804\\0000\\f801\マギニアへ戻る\f801\セーブする\f801\やめる\f801\\ffff\</origin>
				<translate>\f804\\0500\樹海磁軸がある。どうしますか？\f804\\0000\\f801\マギニアへ戻る\f801\セーブする\f801\やめる\f801\\ffff\</translate>
			</id>
			<id id="43">
				<origin>\f804\\0500\樹海磁軸がある。どうしますか？\f804\\0000\\f801\セーブする\f801\やめる\f801\\ffff\</origin>
				<translate>\f804\\0500\樹海磁軸がある。どうしますか？\f804\\0000\\f801\セーブする\f801\やめる\f801\\ffff\</translate>
			</id>
			<id id="44">
				<origin>\f804\\0500\マギニアへ戻ります。\f801\よろしいですか？\f804\\0000\\f801\\ffff\</origin>
				<translate>\f804\\0500\マギニアへ戻ります。\f801\よろしいですか？\f804\\0000\\f801\\ffff\</translate>
			</id>
			<id id="45">
				<origin>\f804\\0500\出口がある。どうしますか？\f804\\0000\\f801\マギニアへ戻る\f801\ワールドマップに出る\f801\やめる\f801\\ffff\</origin>
				<translate>\f804\\0500\出口がある。どうしますか？\f804\\0000\\f801\マギニアへ戻る\f801\ワールドマップに出る\f801\やめる\f801\\ffff\</translate>
			</id>
			<id id="46">
				<origin>\f804\\0500\セーブしますか？\f804\\0000\\f801\\ffff\</origin>
				<translate>\f804\\0500\セーブしますか？\f804\\0000\\f801\\ffff\</translate>
			</id>
			<id id="47"/>
			<id id="48"/>
			<id id="49">
				<origin>ダミー\f801\\ffff\</origin>
				<translate>ダミー\f801\\ffff\</translate>
			</id>
			<id id="50">
				<origin>鮮血の如き赤い迷宮。\f801\その壁からどうやら先に\f801\進むことができるようだ。\f801\\f802\しかし、ここから先に進んだ場合、\f801\後に戻れるという保障はない。\f801\\f802\それでも先に進むのか？\f801\その勇気があるなら、壁の向こう\f801\迷宮最深部へと挑みたまえ！\f801\\ffff\</origin>
				<translate>鮮血の如き赤い迷宮。\f801\その壁からどうやら先に\f801\進むことができるようだ。\f801\\f802\しかし、ここから先に進んだ場合、\f801\後に戻れるという保障はない。\f801\\f802\それでも先に進むのか？\f801\その勇気があるなら、壁の向こう\f801\迷宮最深部へと挑みたまえ！\f801\\ffff\</translate>
			</id>
			<id id="51">
				<origin>君たちの目の前にある壁には、\f801\なんとか人が通れそうな程の\f801\小さな裂け目がある。\f801\\ffff\</origin>
				<translate>君たちの目の前にある壁には、\f801\なんとか人が通れそうな程の\f801\小さな裂け目がある。\f801\\ffff\</translate>
			</id>
			<id id="52">
				<origin>君たちの目の前にある壁には、\f801\何とか通れそうな小さな裂け目がある。だが\f801\\f804\\0500\一度通ればこちら側に戻れそうにない\f804\\0000\。\f801\\ffff\</origin>
				<translate>君たちの目の前にある壁には、\f801\何とか通れそうな小さな裂け目がある。だが\f801\\f804\\0500\一度通ればこちら側に戻れそうにない\f804\\0000\。\f801\\ffff\</translate>
			</id>
			<id id="53">
				<origin>君たちの目の前にある壁には、\f801\なんとか人が通れそうな程の\f801\小さな裂け目がある。\f801\\ffff\</origin>
				<translate>君たちの目の前にある壁には、\f801\なんとか人が通れそうな程の\f801\小さな裂け目がある。\f801\\ffff\</translate>
			</id>
			<id id="54">
				<origin>君たちの目の前にある壁には、\f801\なんとか人が通れそうな程の\f801\小さな裂け目がある。\f801\\ffff\</origin>
				<translate>君たちの目の前にある壁には、\f801\なんとか人が通れそうな程の\f801\小さな裂け目がある。\f801\\ffff\</translate>
			</id>
			<id id="55">
				<origin>君たちの目の前にある壁には、\f801\なんとか人が通れそうな程の\f801\小さな裂け目がある。\f801\\ffff\</origin>
				<translate>君たちの目の前にある壁には、\f801\なんとか人が通れそうな程の\f801\小さな裂け目がある。\f801\\ffff\</translate>
			</id>
			<id id="56">
				<origin>君たちの目の前にある壁には、\f801\なんとか人が通れそうな程の\f801\小さな裂け目がある。\f801\\ffff\</origin>
				<translate>君たちの目の前にある壁には、\f801\なんとか人が通れそうな程の\f801\小さな裂け目がある。\f801\\ffff\</translate>
			</id>
			<id id="57">
				<origin>\f804\\0500\先へ進みますか？\f804\\0000\\f801\\ffff\</origin>
				<translate>\f804\\0500\先へ進みますか？\f804\\0000\\f801\\ffff\</translate>
			</id>
			<id id="58">
				<origin>君たちの目の前にある壁には、\f801\なんとか人が通れそうな程の\f801\小さな裂け目がある。\f801\\ffff\</origin>
				<translate>君たちの目の前にある壁には、\f801\なんとか人が通れそうな程の\f801\小さな裂け目がある。\f801\\ffff\</translate>
			</id>
			<id id="59">
				<origin>君たちの目の前にある壁には、\f801\なんとか人が通れそうな程の\f801\小さな裂け目がある。\f801\\ffff\</origin>
				<translate>君たちの目の前にある壁には、\f801\なんとか人が通れそうな程の\f801\小さな裂け目がある。\f801\\ffff\</translate>
			</id>
			<id id="60">
				<origin>君たちの目の前にある壁には、\f801\なんとか人が通れそうな程の\f801\小さな裂け目がある。\f801\\ffff\</origin>
				<translate>君たちの目の前にある壁には、\f801\なんとか人が通れそうな程の\f801\小さな裂け目がある。\f801\\ffff\</translate>
			</id>
			<id id="61">
				<origin>君たちの目の前にある壁には、\f801\なんとか人が通れそうな程の\f801\小さな裂け目がある。\f801\\ffff\</origin>
				<translate>君たちの目の前にある壁には、\f801\なんとか人が通れそうな程の\f801\小さな裂け目がある。\f801\\ffff\</translate>
			</id>
			<id id="62">
				<origin>君たちの目の前にある壁には、\f801\なんとか人が通れそうな程の\f801\小さな裂け目がある。\f801\\ffff\</origin>
				<translate>君たちの目の前にある壁には、\f801\なんとか人が通れそうな程の\f801\小さな裂け目がある。\f801\\ffff\</translate>
			</id>
			<id id="63">
				<origin>君たちの目の前にある空間には、\f801\なんとか人が通れそうな程の\f801\小さな裂け目がある。\f801\\ffff\</origin>
				<translate>君たちの目の前にある空間には、\f801\なんとか人が通れそうな程の\f801\小さな裂け目がある。\f801\\ffff\</translate>
			</id>
			<id id="64">
				<origin>君たちの目の前にある壁に\f801\小さな裂け目のようなものがある。\f801\\f802\しかし、こちら側からは\f801\通ることができないようだ。\f801\\ffff\</origin>
				<translate>君たちの目の前にある壁に\f801\小さな裂け目のようなものがある。\f801\\f802\しかし、こちら側からは\f801\通ることができないようだ。\f801\\ffff\</translate>
			</id>
			<id id="65">
				<origin>君たちの目の前にある壁に\f801\小さな裂け目のようなものがある。\f801\\f802\しかし、こちら側からは\f801\通ることができないようだ。\f801\\ffff\</origin>
				<translate>君たちの目の前にある壁に\f801\小さな裂け目のようなものがある。\f801\\f802\しかし、こちら側からは\f801\通ることができないようだ。\f801\\ffff\</translate>
			</id>
			<id id="66">
				<origin>君たちの目の前にある壁に\f801\小さな裂け目のようなものがある。\f801\\f802\しかし、こちら側からは\f801\通ることができないようだ。\f801\\ffff\</origin>
				<translate>君たちの目の前にある壁に\f801\小さな裂け目のようなものがある。\f801\\f802\しかし、こちら側からは\f801\通ることができないようだ。\f801\\ffff\</translate>
			</id>
			<id id="67">
				<origin>君たちの目の前にある壁に\f801\小さな裂け目のようなものがある。\f801\\f802\しかし、こちら側からは\f801\通ることができないようだ。\f801\\ffff\</origin>
				<translate>君たちの目の前にある壁に\f801\小さな裂け目のようなものがある。\f801\\f802\しかし、こちら側からは\f801\通ることができないようだ。\f801\\ffff\</translate>
			</id>
			<id id="68">
				<origin>君たちの目の前にある壁に\f801\小さな裂け目のようなものがある。\f801\\f802\しかし、こちら側からは\f801\通ることができないようだ。\f801\\ffff\</origin>
				<translate>君たちの目の前にある壁に\f801\小さな裂け目のようなものがある。\f801\\f802\しかし、こちら側からは\f801\通ることができないようだ。\f801\\ffff\</translate>
			</id>
			<id id="69">
				<origin>君たちの目の前にある空間に\f801\小さな裂け目のようなものがある。\f801\\f802\しかし、こちら側からは\f801\通ることができないようだ。\f801\\ffff\</origin>
				<translate>君たちの目の前にある空間に\f801\小さな裂け目のようなものがある。\f801\\f802\しかし、こちら側からは\f801\通ることができないようだ。\f801\\ffff\</translate>
			</id>
			<id id="70">
				<origin>\f804\\0500\先へ進みますか？\f804\\0000\\f801\\ffff\</origin>
				<translate>\f804\\0500\先へ進みますか？\f804\\0000\\f801\\ffff\</translate>
			</id>
			<id id="71">
				<origin>目の前の扉の握りには、細長い鎖が\f801\厳重に巻きつけてある。\f801\\f802\鎖の終端は鎖と同じ材質で\f801\できた錠で閉じられ、\f801\君たちにはとても壊せそうにない。\f801\\f802\…今、君たちはこの扉を開けるすべを\f801\持ち合わせてはいないようだ。\f801\\ffff\</origin>
				<translate>目の前の扉の握りには、細長い鎖が\f801\厳重に巻きつけてある。\f801\\f802\鎖の終端は鎖と同じ材質で\f801\できた錠で閉じられ、\f801\君たちにはとても壊せそうにない。\f801\\f802\…今、君たちはこの扉を開けるすべを\f801\持ち合わせてはいないようだ。\f801\\ffff\</translate>
			</id>
			<id id="72">
				<origin>目の前の赤い光を発する金属扉は、\f801\取っ手らしきものもなく、\f801\押しても開く様子はない。\f801\\f802\今、君たちはこの扉を開けるすべを\f801\持ち合わせてはいないようだ。\f801\\f802\扉を開けることはひとまず諦め、\f801\君たちはこの場を後にした。\f801\\ffff\</origin>
				<translate>目の前の赤い光を発する金属扉は、\f801\取っ手らしきものもなく、\f801\押しても開く様子はない。\f801\\f802\今、君たちはこの扉を開けるすべを\f801\持ち合わせてはいないようだ。\f801\\f802\扉を開けることはひとまず諦め、\f801\君たちはこの場を後にした。\f801\\ffff\</translate>
			</id>
			<id id="73">
				<origin>怪しげな像がはめこまれた扉は、\f801\取っ手らしきものもなく、\f801\押しても開く様子はない。\f801\\f802\今、君たちはこの扉を開けるすべを\f801\持ち合わせてはいないようだ。\f801\\f802\扉を開けることはひとまず諦め、\f801\君たちはこの場を後にした。\f801\\ffff\</origin>
				<translate>怪しげな像がはめこまれた扉は、\f801\取っ手らしきものもなく、\f801\押しても開く様子はない。\f801\\f802\今、君たちはこの扉を開けるすべを\f801\持ち合わせてはいないようだ。\f801\\f802\扉を開けることはひとまず諦め、\f801\君たちはこの場を後にした。\f801\\ffff\</translate>
			</id>
			<id id="74"/>
			<id id="75">
				<origin>密林の木々を眺めていた君たちは\f801\その木々の隙間に細い小道を発見した。\f801\\ffff\</origin>
				<translate>密林の木々を眺めていた君たちは\f801\その木々の隙間に細い小道を発見した。\f801\\ffff\</translate>
			</id>
			<id id="76">
				<origin>\f804\\0500\小道を先に進みますか？\f804\\0000\\f801\\ffff\</origin>
				<translate>\f804\\0500\小道を先に進みますか？\f804\\0000\\f801\\ffff\</translate>
			</id>
			<id id="77">
				<origin>小道の奥、木々が連なり壁となる所。\f801\よく見ると、その壁の下に\f801\大きな穴があいている。\f801\\f802\君たちは以前にこの場所に\f801\来たことがあるだろうか？\f801\\f802\あるならば知っているはずだ。\f801\以前にはこんな大きな穴など\f801\なかったということを！\f801\\f802\何者か…、樹海に潜む凶悪な魔物が\f801\また一匹、君たちの前に姿を\f801\出そうとしているのかもしれない。\f801\\f802\この先へ進むのなら\f801\十分注意して進みたまえ。\f801\\ffff\</origin>
				<translate>小道の奥、木々が連なり壁となる所。\f801\よく見ると、その壁の下に\f801\大きな穴があいている。\f801\\f802\君たちは以前にこの場所に\f801\来たことがあるだろうか？\f801\\f802\あるならば知っているはずだ。\f801\以前にはこんな大きな穴など\f801\なかったということを！\f801\\f802\何者か…、樹海に潜む凶悪な魔物が\f801\また一匹、君たちの前に姿を\f801\出そうとしているのかもしれない。\f801\\f802\この先へ進むのなら\f801\十分注意して進みたまえ。\f801\\ffff\</translate>
			</id>
			<id id="78">
				<origin>壁の穴を先に進みますか？\f801\\ffff\</origin>
				<translate>壁の穴を先に進みますか？\f801\\ffff\</translate>
			</id>
			<id id="79">
				<origin>君たちの目の前にある木の一部から、\f801\奇妙な輝きが放たれているように見える。\f801\\ffff\</origin>
				<translate>君たちの目の前にある木の一部から、\f801\奇妙な輝きが放たれているように見える。\f801\\ffff\</translate>
			</id>
			<id id="80">
				<origin>触れてみますか？\f801\\ffff\</origin>
				<translate>触れてみますか？\f801\\ffff\</translate>
			</id>
			<id id="81">
				<origin>\f811\\0000\はその場に留まり、\f801\暇をつぶして１時間を過ごした。\f801\\ffff\</origin>
				<translate>\f811\\0000\はその場に留まり、\f801\暇をつぶして１時間を過ごした。\f801\\ffff\</translate>
			</id>
			<id id="82">
				<origin>\f811\\0000\は足元を這う虫に\f801\気をとられ、観察を始めた。\f801\\f802\・・・\f801\\f802\しばらくして、さすがに飽きたのか\f801\\f811\\0000\は観察を止め\f801\探索を再開するべく立ち上がった。\f801\\ffff\</origin>
				<translate>\f811\\0000\は足元を這う虫に\f801\気をとられ、観察を始めた。\f801\\f802\・・・\f801\\f802\しばらくして、さすがに飽きたのか\f801\\f811\\0000\は観察を止め\f801\探索を再開するべく立ち上がった。\f801\\ffff\</translate>
			</id>
			<id id="83">
				<origin>\f811\\0000\はふと立ち止まると\f801\靴を脱ぎ、手入れをし始めた。\f801\どうやら靴に穴があいたらしい。\f801\\f802\・・・\f801\\f802\１時間の後、\f811\\0000\は\f801\修繕を終えた靴を\f801\満足げな表情ではき直した。\f801\\ffff\</origin>
				<translate>\f811\\0000\はふと立ち止まると\f801\靴を脱ぎ、手入れをし始めた。\f801\どうやら靴に穴があいたらしい。\f801\\f802\・・・\f801\\f802\１時間の後、\f811\\0000\は\f801\修繕を終えた靴を\f801\満足げな表情ではき直した。\f801\\ffff\</translate>
			</id>
			<id id="84">
				<origin>\f811\\0000\は、ふと周囲に転がる\f801\石が気になり調べ始めた。\f801\何かの素材になるかもしれない…\f801\\f802\・・・\f801\\f802\１時間の後、それがただの\f801\石ころにすぎないことを悟り、\f801\\f811\\0000\は調査を止めた…\f801\\ffff\</origin>
				<translate>\f811\\0000\は、ふと周囲に転がる\f801\石が気になり調べ始めた。\f801\何かの素材になるかもしれない…\f801\\f802\・・・\f801\\f802\１時間の後、それがただの\f801\石ころにすぎないことを悟り、\f801\\f811\\0000\は調査を止めた…\f801\\ffff\</translate>
			</id>
			<id id="85">
				<origin>\f811\\0000\は、心地よい風を感じ\f801\足を止めた。辺りからこの場所に\f801\風が吹き込んでくるのを感じる。\f801\\f802\・・・\f801\\f802\君たちはしばしその場に留まり\f801\風の感覚を楽しんだが、\f801\少し体が冷えてしまった。\f801\\ffff\</origin>
				<translate>\f811\\0000\は、心地よい風を感じ\f801\足を止めた。辺りからこの場所に\f801\風が吹き込んでくるのを感じる。\f801\\f802\・・・\f801\\f802\君たちはしばしその場に留まり\f801\風の感覚を楽しんだが、\f801\少し体が冷えてしまった。\f801\\ffff\</translate>
			</id>
			<id id="86">
				<origin>\f811\\0000\は、懐かむように\f801\これまでの探索についての\f801\思い出話を始めた。\f801\\f802\・・・\f801\\f802\やがて他の者も会話に加わり、\f801\話に花が咲いてゆき、\f801\探索は１時間程中断された。\f801\\ffff\</origin>
				<translate>\f811\\0000\は、懐かむように\f801\これまでの探索についての\f801\思い出話を始めた。\f801\\f802\・・・\f801\\f802\やがて他の者も会話に加わり、\f801\話に花が咲いてゆき、\f801\探索は１時間程中断された。\f801\\ffff\</translate>
			</id>
			<id id="87">
				<origin>\f811\\0000\は歩き辛かったのか、\f801\自分の道具袋を広げ\f801\持ち物を整理し始めた。\f801\\f802\・・・\f801\\f802\つられるように他の者も\f801\道具を整理し始め、しばしの間\f801\皆は道具の整理に没頭した。\f801\\ffff\</origin>
				<translate>\f811\\0000\は歩き辛かったのか、\f801\自分の道具袋を広げ\f801\持ち物を整理し始めた。\f801\\f802\・・・\f801\\f802\つられるように他の者も\f801\道具を整理し始め、しばしの間\f801\皆は道具の整理に没頭した。\f801\\ffff\</translate>
			</id>
			<id id="88">
				<origin>\f804\\0500\気球艇に乗って空へ飛び立ちますか？\f804\\0000\\f801\\ffff\</origin>
				<translate>\f804\\0500\気球艇に乗って空へ飛び立ちますか？\f804\\0000\\f801\\ffff\</translate>
			</id>
			<id id="89">
				<origin>複数の炎にはばまれて\f801\進むことができない！\f801\\ffff\</origin>
				<translate>複数の炎にはばまれて\f801\進むことができない！\f801\\ffff\</translate>
			</id>
			<id id="90">
				<origin>奇妙な物体が高熱を放出し\f801\赤く輝いている。\f801\\ffff\</origin>
				<translate>奇妙な物体が高熱を放出し\f801\赤く輝いている。\f801\\ffff\</translate>
			</id>
			<id id="91">
				<origin>奇妙な物体が高熱を放出し\f801\赤く輝いている。\f801\\f802\\f804\\0600\\f841\\bf04\\f804\\0000\を打ち込めば\f801\壊せるかもしれない。\f801\\ffff\</origin>
				<translate>奇妙な物体が高熱を放出し\f801\赤く輝いている。\f801\\f802\\f804\\0600\\f841\\bf04\\f804\\0000\を打ち込めば\f801\壊せるかもしれない。\f801\\ffff\</translate>
			</id>
			<id id="92">
				<origin>\f804\\0500\氷銀の棒杭を打ち込みますか？\f804\\0000\\f801\\ffff\</origin>
				<translate>\f804\\0500\氷銀の棒杭を打ち込みますか？\f804\\0000\\f801\\ffff\</translate>
			</id>
			<id id="93">
				<origin>奇妙な物体は砕け散った。\f801\\ffff\</origin>
				<translate>奇妙な物体は砕け散った。\f801\\ffff\</translate>
			</id>
			<id id="94">
				<origin>奇妙な物体が砕け散ると同時に\f801\迷宮全体の空気が\f801\急激に冷たくなっていく！\f801\\f802\…どうやら洞窟は\f801\本来の冷たさを取り戻したようだ。\f801\\ffff\</origin>
				<translate>奇妙な物体が砕け散ると同時に\f801\迷宮全体の空気が\f801\急激に冷たくなっていく！\f801\\f802\…どうやら洞窟は\f801\本来の冷たさを取り戻したようだ。\f801\\ffff\</translate>
			</id>
			<id id="95">
				<origin>奇妙な動物をかたどった石像がある。\f801\\ffff\</origin>
				<translate>奇妙な動物をかたどった石像がある。\f801\\ffff\</translate>
			</id>
			<id id="96">
				<origin>粘着糸がまとわりついて動けない！\f801\\ffff\</origin>
				<translate>粘着糸がまとわりついて動けない！\f801\\ffff\</translate>
			</id>
			<id id="97">
				<origin>なんとか粘着糸から抜け出した。\f801\\ffff\</origin>
				<translate>なんとか粘着糸から抜け出した。\f801\\ffff\</translate>
			</id>
			<id id="98">
				<origin>奇妙な物体は寒さで熱を奪われ\f801\凍りついている。\f801\\ffff\</origin>
				<translate>奇妙な物体は寒さで熱を奪われ\f801\凍りついている。\f801\\ffff\</translate>
			</id>
			<id id="99">
				<origin>奇妙な物体は寒さで熱を奪われ\f801\凍りついている。\f801\\f802\\f804\\0600\\f841\\bf04\\f804\\0000\を打ち込めば\f801\壊せるかもしれない。\f801\\ffff\</origin>
				<translate>奇妙な物体は寒さで熱を奪われ\f801\凍りついている。\f801\\f802\\f804\\0600\\f841\\bf04\\f804\\0000\を打ち込めば\f801\壊せるかもしれない。\f801\\ffff\</translate>
			</id>
			<id id="100">
				<origin>蟻の卵がある。\f801\攻撃すれば壊せるかもしれない。\f801\\ffff\</origin>
				<translate>蟻の卵がある。\f801\攻撃すれば壊せるかもしれない。\f801\\ffff\</translate>
			</id>
			<id id="101">
				<origin>攻撃しますか？\f801\\ffff\</origin>
				<translate>攻撃しますか？\f801\\ffff\</translate>
			</id>
			<id id="102">
				<origin>傷はついたが、完全には壊せなかった。\f801\\ffff\</origin>
				<translate>傷はついたが、完全には壊せなかった。\f801\\ffff\</translate>
			</id>
			<id id="103">
				<origin>卵を破壊した！\f801\\ffff\</origin>
				<translate>卵を破壊した！\f801\\ffff\</translate>
			</id>
			<id id="104"/>
			<id id="105"/>
			<id id="106"/>
			<id id="107"/>
			<id id="108"/>
			<id id="109"/>
			<id id="110">
				<origin>押してみたが氷塊が動く様子はない。\f801\\ffff\</origin>
				<translate>押してみたが氷塊が動く様子はない。\f801\\ffff\</translate>
			</id>
			<id id="111">
				<origin>\f804\\0500\通行できる状態だ。\f801\機械を操作しますか？\f804\\0000\\f801\\ffff\</origin>
				<translate>\f804\\0500\通行できる状態だ。\f801\機械を操作しますか？\f804\\0000\\f801\\ffff\</translate>
			</id>
			<id id="112">
				<origin>\f804\\0500\通行できない状態だ。\f801\機械を操作しますか？\f804\\0000\\f801\\ffff\</origin>
				<translate>\f804\\0500\通行できない状態だ。\f801\機械を操作しますか？\f804\\0000\\f801\\ffff\</translate>
			</id>
			<id id="113">
				<origin>魔物が近くにいるため操作できない。\f801\\ffff\</origin>
				<translate>魔物が近くにいるため操作できない。\f801\\ffff\</translate>
			</id>
			<id id="114">
				<origin>拘束されて身動きが取れない！\f801\\ffff\</origin>
				<translate>拘束されて身動きが取れない！\f801\\ffff\</translate>
			</id>
			<id id="115">
				<origin>押してみたが動く様子はない。\f801\\ffff\</origin>
				<translate>押してみたが動く様子はない。\f801\\ffff\</translate>
			</id>
			<id id="116">
				<origin>障害物があるため開かない。\f801\\ffff\</origin>
				<translate>障害物があるため開かない。\f801\\ffff\</translate>
			</id>
			<id id="117"/>
			<id id="118"/>
			<id id="119"/>
			<id id="120">
				<origin>\f811\\0b00\が\f801\アイテムを発見した！\f801\\ffff\</origin>
				<translate>\f811\\0b00\が\f801\アイテムを発見した！\f801\\ffff\</translate>
			</id>
			<id id="121">
				<origin>\f811\\0b00\が\f801\採集物を発見した！\f801\\ffff\</origin>
				<translate>\f811\\0b00\が\f801\採集物を発見した！\f801\\ffff\</translate>
			</id>
			<id id="122">
				<origin>\f815\\0000\\f819\\0000\\f811\\0100\\f804\\0000\を\f811\\0200\個発見した！\f801\\ffff\</origin>
				<translate>\f815\\0000\\f819\\0000\\f811\\0100\\f804\\0000\を\f811\\0200\個発見した！\f801\\ffff\</translate>
			</id>
			<id id="123">
				<origin>\f815\\0000\\f819\\0000\\f811\\0100\\f804\\0000\を\f811\\0200\個\f801\\f815\\0100\\f819\\0100\\f811\\0300\\f804\\0000\を\f811\\0400\個発見した！\f801\\ffff\</origin>
				<translate>\f815\\0000\\f819\\0000\\f811\\0100\\f804\\0000\を\f811\\0200\個\f801\\f815\\0100\\f819\\0100\\f811\\0300\\f804\\0000\を\f811\\0400\個発見した！\f801\\ffff\</translate>
			</id>
			<id id="124">
				<origin>\f815\\0000\\f819\\0000\\f811\\0100\\f804\\0000\を\f811\\0200\個\f801\\f815\\0100\\f819\\0100\\f811\\0300\\f804\\0000\を\f811\\0400\個\f801\\f815\\0200\\f819\\0200\\f811\\0500\\f804\\0000\を\f811\\0600\個発見した！\f801\\ffff\</origin>
				<translate>\f815\\0000\\f819\\0000\\f811\\0100\\f804\\0000\を\f811\\0200\個\f801\\f815\\0100\\f819\\0100\\f811\\0300\\f804\\0000\を\f811\\0400\個\f801\\f815\\0200\\f819\\0200\\f811\\0500\\f804\\0000\を\f811\\0600\個発見した！\f801\\ffff\</translate>
			</id>
			<id id="125">
				<origin>手持ちがいっぱいになった。\f801\これ以上、アイテムを持てないようだ。\f801\\ffff\</origin>
				<translate>手持ちがいっぱいになった。\f801\これ以上、アイテムを持てないようだ。\f801\\ffff\</translate>
			</id>
			<id id="126">
				<origin>手持ちがいっぱいになった。\f801\これ以上、採集物を持てないようだ。\f801\\ffff\</origin>
				<translate>手持ちがいっぱいになった。\f801\これ以上、採集物を持てないようだ。\f801\\ffff\</translate>
			</id>
			<id id="127">
				<origin>\f811\\0b00\が\f801\アイテムを発見した！\f801\\f802\しかし手持ちがいっぱいで、\f801\これ以上、アイテムを持てないようだ。\f801\\ffff\</origin>
				<translate>\f811\\0b00\が\f801\アイテムを発見した！\f801\\f802\しかし手持ちがいっぱいで、\f801\これ以上、アイテムを持てないようだ。\f801\\ffff\</translate>
			</id>
			<id id="128">
				<origin>\f811\\0b00\が\f801\採集物を発見した！\f801\\f802\しかし手持ちがいっぱいで、\f801\これ以上、採集物を持てないようだ。\f801\\ffff\</origin>
				<translate>\f811\\0b00\が\f801\採集物を発見した！\f801\\f802\しかし手持ちがいっぱいで、\f801\これ以上、採集物を持てないようだ。\f801\\ffff\</translate>
			</id>
			<id id="129"/>
			<id id="130"/>
			<id id="131"/>
			<id id="132"/>
			<id id="133"/>
			<id id="134"/>
			<id id="135"/>
			<id id="136"/>
			<id id="137"/>
			<id id="138"/>
			<id id="139"/>
			<id id="140">
				<origin>魚が釣れそうな場所だ。\f801\\ffff\</origin>
				<translate>魚が釣れそうな場所だ。\f801\\ffff\</translate>
			</id>
			<id id="141">
				<origin>魚が釣れそうな場所だ。\f801\\f802\しかし、魚釣りに長けた者が\f801\誰もいなかった。\f801\\ffff\</origin>
				<translate>魚が釣れそうな場所だ。\f801\\f802\しかし、魚釣りに長けた者が\f801\誰もいなかった。\f801\\ffff\</translate>
			</id>
			<id id="142">
				<origin>釣りをしますか？\f801\\ffff\</origin>
				<translate>釣りをしますか？\f801\\ffff\</translate>
			</id>
			<id id="143">
				<origin>今日はもうこの場所では\f801\釣れないようだ。\f801\\ffff\</origin>
				<translate>今日はもうこの場所では\f801\釣れないようだ。\f801\\ffff\</translate>
			</id>
			<id id="144">
				<origin>フィッシングの技術で・・・\f801\\ffff\</origin>
				<translate>フィッシングの技術で・・・\f801\\ffff\</translate>
			</id>
			<id id="145">
				<origin>釣り竿で・・・\f801\\ffff\</origin>
				<translate>釣り竿で・・・\f801\\ffff\</translate>
			</id>
			<id id="146">
				<origin>\f815\\0000\\f804\\0600\\f811\\0100\\f804\\0000\を\f811\\0200\匹発見した！\f801\\ffff\</origin>
				<translate>\f815\\0000\\f804\\0600\\f811\\0100\\f804\\0000\を\f811\\0200\匹発見した！\f801\\ffff\</translate>
			</id>
			<id id="147">
				<origin>\f815\\0000\\f804\\0600\\f811\\0100\\f804\\0000\を\f811\\0200\匹\f801\\f815\\0100\\f804\\0600\\f811\\0300\\f804\\0000\を\f811\\0400\匹発見した！\f801\\ffff\</origin>
				<translate>\f815\\0000\\f804\\0600\\f811\\0100\\f804\\0000\を\f811\\0200\匹\f801\\f815\\0100\\f804\\0600\\f811\\0300\\f804\\0000\を\f811\\0400\匹発見した！\f801\\ffff\</translate>
			</id>
			<id id="148">
				<origin>\f815\\0000\\f804\\0600\\f811\\0100\\f804\\0000\を\f811\\0200\匹\f801\\f815\\0100\\f804\\0600\\f811\\0300\\f804\\0000\を\f811\\0400\匹\f801\\f815\\0200\\f804\\0600\\f811\\0500\\f804\\0000\を\f811\\0600\匹発見した！\f801\\ffff\</origin>
				<translate>\f815\\0000\\f804\\0600\\f811\\0100\\f804\\0000\を\f811\\0200\匹\f801\\f815\\0100\\f804\\0600\\f811\\0300\\f804\\0000\を\f811\\0400\匹\f801\\f815\\0200\\f804\\0600\\f811\\0500\\f804\\0000\を\f811\\0600\匹発見した！\f801\\ffff\</translate>
			</id>
			<id id="149">
				<origin>残念だが、釣り竿は壊れてしまった・・・。\f801\\ffff\</origin>
				<translate>残念だが、釣り竿は壊れてしまった・・・。\f801\\ffff\</translate>
			</id>
			<id id="150">
				<origin>手持ちがいっぱいで、\f801\これ以上、アイテムを持てないようだ。\f801\\ffff\</origin>
				<translate>手持ちがいっぱいで、\f801\これ以上、アイテムを持てないようだ。\f801\\ffff\</translate>
			</id>
			<id id="151">
				<origin>手持ちがいっぱいになった。\f801\これ以上、アイテムを持てないようだ。\f801\\ffff\</origin>
				<translate>手持ちがいっぱいになった。\f801\これ以上、アイテムを持てないようだ。\f801\\ffff\</translate>
			</id>
			<id id="152">
				<origin>魔物を釣り上げてしまった！！！\f801\\ffff\</origin>
				<translate>魔物を釣り上げてしまった！！！\f801\\ffff\</translate>
			</id>
			<id id="153"/>
			<id id="154"/>
			<id id="155"/>
			<id id="156"/>
			<id id="157"/>
			<id id="158"/>
			<id id="159"/>
			<id id="160"/>
			<id id="161"/>
			<id id="162"/>
			<id id="163"/>
			<id id="164"/>
			<id id="165"/>
			<id id="166"/>
			<id id="167"/>
			<id id="168"/>
			<id id="169"/>
			<id id="170"/>
			<id id="171"/>
			<id id="172"/>
			<id id="173"/>
			<id id="174"/>
			<id id="175"/>
			<id id="176"/>
			<id id="177"/>
			<id id="178"/>
			<id id="179"/>
			<id id="180"/>
			<id id="181"/>
			<id id="182"/>
			<id id="183"/>
			<id id="184"/>
			<id id="185"/>
			<id id="186"/>
			<id id="187"/>
			<id id="188"/>
			<id id="189"/>
			<id id="190"/>
			<id id="191"/>
			<id id="192"/>
			<id id="193"/>
			<id id="194"/>
			<id id="195"/>
			<id id="196"/>
			<id id="197"/>
			<id id="198"/>
			<id id="199"/>
			<id id="200"/>
			<id id="201"/>
			<id id="202"/>
			<id id="203"/>
			<id id="204"/>
			<id id="205"/>
			<id id="206"/>
			<id id="207"/>
			<id id="208"/>
			<id id="209"/>
			<id id="210"/>
			<id id="211"/>
			<id id="212"/>
			<id id="213"/>
			<id id="214"/>
			<id id="215"/>
			<id id="216"/>
			<id id="217"/>
			<id id="218"/>
			<id id="219"/>
			<id id="220"/>
			<id id="221"/>
			<id id="222"/>
			<id id="223"/>
			<id id="224"/>
			<id id="225"/>
			<id id="226"/>
			<id id="227"/>
			<id id="228"/>
			<id id="229"/>
			<id id="230"/>
			<id id="231"/>
			<id id="232"/>
			<id id="233"/>
			<id id="234"/>
			<id id="235"/>
			<id id="236"/>
			<id id="237"/>
			<id id="238"/>
			<id id="239"/>
			<id id="240"/>
			<id id="241"/>
			<id id="242"/>
			<id id="243"/>
			<id id="244"/>
			<id id="245"/>
			<id id="246"/>
			<id id="247"/>
			<id id="248"/>
			<id id="249"/>
			<id id="250"/>
			<id id="251"/>
			<id id="252"/>
			<id id="253"/>
			<id id="254"/>
			<id id="255"/>
			<id id="256"/>
			<id id="257"/>
			<id id="258"/>
			<id id="259"/>
			<id id="260"/>
			<id id="261"/>
			<id id="262"/>
			<id id="263"/>
			<id id="264"/>
			<id id="265"/>
			<id id="266"/>
			<id id="267"/>
			<id id="268"/>
			<id id="269"/>
			<id id="270"/>
			<id id="271"/>
			<id id="272"/>
			<id id="273"/>
			<id id="274"/>
			<id id="275"/>
			<id id="276"/>
			<id id="277"/>
			<id id="278"/>
			<id id="279"/>
			<id id="280"/>
			<id id="281"/>
			<id id="282"/>
			<id id="283"/>
			<id id="284"/>
			<id id="285"/>
			<id id="286"/>
			<id id="287"/>
			<id id="288"/>
			<id id="289"/>
			<id id="290">
				<origin>・・・\f801\\ffff\</origin>
				<translate>・・・\f801\\ffff\</translate>
			</id>
			<id id="291"/>
			<id id="292">
				<origin>手持ちがいっぱいで、\f801\これ以上、採集物を持てないようだ。\f801\\ffff\</origin>
				<translate>手持ちがいっぱいで、\f801\これ以上、採集物を持てないようだ。\f801\\ffff\</translate>
			</id>
			<id id="293">
				<origin>手持ちがいっぱいになった。\f801\これ以上、採集物を持てないようだ。\f801\\ffff\</origin>
				<translate>手持ちがいっぱいになった。\f801\これ以上、採集物を持てないようだ。\f801\\ffff\</translate>
			</id>
			<id id="294"/>
			<id id="295"/>
			<id id="296"/>
			<id id="297"/>
			<id id="298"/>
			<id id="299">
				<origin>\f815\\0000\\f804\\0600\\f811\\0100\\f804\\0000\を\f811\\0200\個発見した！\f801\\ffff\</origin>
				<translate>\f815\\0000\\f804\\0600\\f811\\0100\\f804\\0000\を\f811\\0200\個発見した！\f801\\ffff\</translate>
			</id>
			<id id="300">
				<origin>\f815\\0000\\f804\\0600\\f811\\0100\\f804\\0000\を\f811\\0200\個\f801\\f815\\0100\\f804\\0600\\f811\\0300\\f804\\0000\を\f811\\0400\個発見した！\f801\\ffff\</origin>
				<translate>\f815\\0000\\f804\\0600\\f811\\0100\\f804\\0000\を\f811\\0200\個\f801\\f815\\0100\\f804\\0600\\f811\\0300\\f804\\0000\を\f811\\0400\個発見した！\f801\\ffff\</translate>
			</id>
			<id id="301">
				<origin>\f811\\0000\が\f801\\f815\\0000\\f804\\0600\\f811\\0100\\f804\\0000\を\f811\\0200\個発見した！\f801\\ffff\</origin>
				<translate>\f811\\0000\が\f801\\f815\\0000\\f804\\0600\\f811\\0100\\f804\\0000\を\f811\\0200\個発見した！\f801\\ffff\</translate>
			</id>
			<id id="302">
				<origin>\f811\\0000\が\f801\\f815\\0000\\f804\\0900\\f811\\0100\\f804\\0000\を\f811\\0200\個発見した！！！\f801\\ffff\</origin>
				<translate>\f811\\0000\が\f801\\f815\\0000\\f804\\0900\\f811\\0100\\f804\\0000\を\f811\\0200\個発見した！！！\f801\\ffff\</translate>
			</id>
			<id id="303">
				<origin>\f811\\0000\が\f801\\f815\\0000\\f804\\0600\\f811\\0100\\f804\\0000\を\f811\\0200\個\f801\\f815\\0100\\f804\\0600\\f811\\0300\\f804\\0000\を\f811\\0400\個発見した！\f801\\ffff\</origin>
				<translate>\f811\\0000\が\f801\\f815\\0000\\f804\\0600\\f811\\0100\\f804\\0000\を\f811\\0200\個\f801\\f815\\0100\\f804\\0600\\f811\\0300\\f804\\0000\を\f811\\0400\個発見した！\f801\\ffff\</translate>
			</id>
			<id id="304">
				<origin>\f811\\0000\が\f801\\f815\\0000\\f804\\0600\\f811\\0100\\f804\\0000\を\f811\\0200\個\f801\\f815\\0100\\f804\\0900\\f811\\0300\\f804\\0000\を\f811\\0400\個発見した！！！\f801\\ffff\</origin>
				<translate>\f811\\0000\が\f801\\f815\\0000\\f804\\0600\\f811\\0100\\f804\\0000\を\f811\\0200\個\f801\\f815\\0100\\f804\\0900\\f811\\0300\\f804\\0000\を\f811\\0400\個発見した！！！\f801\\ffff\</translate>
			</id>
			<id id="305">
				<origin>\f811\\0000\が\f815\\0000\\f804\\0600\\f811\\0100\\f804\\0000\を\f811\\0200\個\f801\\f815\\0100\\f804\\0600\\f811\\0300\\f804\\0000\を\f811\\0400\個\f801\\f815\\0200\\f804\\0900\\f811\\0500\\f804\\0000\を\f811\\0600\個発見した！！！\f801\\ffff\</origin>
				<translate>\f811\\0000\が\f815\\0000\\f804\\0600\\f811\\0100\\f804\\0000\を\f811\\0200\個\f801\\f815\\0100\\f804\\0600\\f811\\0300\\f804\\0000\を\f811\\0400\個\f801\\f815\\0200\\f804\\0900\\f811\\0500\\f804\\0000\を\f811\\0600\個発見した！！！\f801\\ffff\</translate>
			</id>
			<id id="306">
				<origin>さらに、伐採の技術により・・・\f801\\ffff\</origin>
				<translate>さらに、伐採の技術により・・・\f801\\ffff\</translate>
			</id>
			<id id="307">
				<origin>さらに、採掘の技術により・・・\f801\\ffff\</origin>
				<translate>さらに、採掘の技術により・・・\f801\\ffff\</translate>
			</id>
			<id id="308">
				<origin>さらに、採取の技術により・・・\f801\\ffff\</origin>
				<translate>さらに、採取の技術により・・・\f801\\ffff\</translate>
			</id>
			<id id="309">
				<origin>さらに、野生の勘により・・・\f801\\ffff\</origin>
				<translate>さらに、野生の勘により・・・\f801\\ffff\</translate>
			</id>
			<id id="310">
				<origin>今日はもうこの場所では\f801\取れないようだ。\f801\\ffff\</origin>
				<translate>今日はもうこの場所では\f801\取れないようだ。\f801\\ffff\</translate>
			</id>
			<id id="311">
				<origin>！！ああっと！！\f801\\ffff\</origin>
				<translate>！！ああっと！！\f801\\ffff\</translate>
			</id>
			<id id="312">
				<origin>さらに食材として\f801\\f815\\0000\\f804\\0600\\f811\\0100\\f804\\0000\を\f811\\0200\個発見した！\f801\\ffff\</origin>
				<translate>さらに食材として\f801\\f815\\0000\\f804\\0600\\f811\\0100\\f804\\0000\を\f811\\0200\個発見した！\f801\\ffff\</translate>
			</id>
			<id id="313">
				<origin>さらに、世界樹の双葉茶の効果で\f801\\f815\\0000\\f804\\0900\\f811\\0100\\f804\\0000\を\f811\\0200\個発見した！！！\f801\\ffff\</origin>
				<translate>さらに、世界樹の双葉茶の効果で\f801\\f815\\0000\\f804\\0900\\f811\\0100\\f804\\0000\を\f811\\0200\個発見した！！！\f801\\ffff\</translate>
			</id>
			<id id="314">
				<origin>！！ああっと！！\f801\\f802\敵に不意をつかれ、襲われかけたが\f801\\f804\\0500\\f811\\0000\\f804\\0000\が一喝し\f801\襲撃者達を追い払った！！！\f801\\ffff\</origin>
				<translate>！！ああっと！！\f801\\f802\敵に不意をつかれ、襲われかけたが\f801\\f804\\0500\\f811\\0000\\f804\\0000\が一喝し\f801\襲撃者達を追い払った！！！\f801\\ffff\</translate>
			</id>
			<id id="315">
				<origin>さらに、自然の恩恵により・・・\f801\\ffff\</origin>
				<translate>さらに、自然の恩恵により・・・\f801\\ffff\</translate>
			</id>
			<id id="316">
				<origin>さらに、収穫マスターにより・・・\f801\\ffff\</origin>
				<translate>さらに、収穫マスターにより・・・\f801\\ffff\</translate>
			</id>
			<id id="317">
				<origin>\f811\\0000\の二毛作発動！\f801\\ffff\</origin>
				<translate>\f811\\0000\の二毛作発動！\f801\\ffff\</translate>
			</id>
			<id id="318">
				<origin>\f811\\0000\の生存の知恵が発動！\f801\\ffff\</origin>
				<translate>\f811\\0000\の生存の知恵が発動！\f801\\ffff\</translate>
			</id>
		</body>
	</mbm>
