<?xml version="1.0" encoding="UTF-8"?>
	<mbm>
		<head>000000004d53473200000100</head>
		<size>9a070000</size>
		<number>52000000</number>
		<j>200000000000000000000000</j>
		<body>
			<id id="0"/>
			<id id="1">
				<origin>風馳ノ草原でも一際大きな森。\f801\危険な獣も棲みついている天然の迷宮。\f801\\ffff\</origin>
				<translate>風馳ノ草原でも一際大きな森。\f801\危険な獣も棲みついている天然の迷宮。\f801\\ffff\</translate>
			</id>
			<id id="2">
				<origin>深い霧が立ち込めた視界の悪い樹林。\f801\似たような景色が多く、迷いやすい。\f801\\ffff\</origin>
				<translate>深い霧が立ち込めた視界の悪い樹林。\f801\似たような景色が多く、迷いやすい。\f801\\ffff\</translate>
			</id>
			<id id="3">
				<origin>銀嵐ノ霊峰にある迷宮では珍しく\f801\熱い湯の流れる洞窟。湿度が高い。\f801\\ffff\</origin>
				<translate>銀嵐ノ霊峰にある迷宮では珍しく\f801\熱い湯の流れる洞窟。湿度が高い。\f801\\ffff\</translate>
			</id>
			<id id="4">
				<origin>世界樹を育てた人間が作った巨大書庫。\f801\内部には奇妙な像が立ち並んでいる。\f801\\ffff\</origin>
				<translate>世界樹を育てた人間が作った巨大書庫。\f801\内部には奇妙な像が立ち並んでいる。\f801\\ffff\</translate>
			</id>
			<id id="5">
				<origin>謎の地下研究施設。その果てには\f801\世界樹の力が眠っていると伝えられる。\f801\\ffff\</origin>
				<translate>謎の地下研究施設。その果てには\f801\世界樹の力が眠っていると伝えられる。\f801\\ffff\</translate>
			</id>
			<id id="6">
				<origin>世界樹から離れた場所にある大書庫。\f801\その内部は薄暗く、陰鬱としている。\f801\\ffff\</origin>
				<translate>世界樹から離れた場所にある大書庫。\f801\その内部は薄暗く、陰鬱としている。\f801\\ffff\</translate>
			</id>
			<id id="7"/>
			<id id="8"/>
			<id id="9"/>
			<id id="10"/>
			<id id="11"/>
			<id id="12"/>
			<id id="13"/>
			<id id="14"/>
			<id id="15"/>
			<id id="16"/>
			<id id="17"/>
			<id id="18"/>
			<id id="19"/>
			<id id="20"/>
			<id id="21"/>
			<id id="22"/>
			<id id="23"/>
			<id id="24"/>
			<id id="25"/>
			<id id="26"/>
			<id id="27"/>
			<id id="28"/>
			<id id="29"/>
			<id id="30"/>
			<id id="31"/>
			<id id="32"/>
			<id id="33"/>
			<id id="34"/>
			<id id="35"/>
			<id id="36"/>
			<id id="37"/>
			<id id="38"/>
			<id id="39"/>
			<id id="40"/>
			<id id="41">
				<origin>タルシス西の森に位置する古き廃鉱。\f801\誰も近寄らぬほど寂れている。\f801\\ffff\</origin>
				<translate>タルシス西の森に位置する古き廃鉱。\f801\誰も近寄らぬほど寂れている。\f801\\ffff\</translate>
			</id>
			<id id="42">
				<origin>小さな森。木の実や野草が豊富な為\f801\野生動物が多く棲みついている。\f801\\ffff\</origin>
				<translate>小さな森。木の実や野草が豊富な為\f801\野生動物が多く棲みついている。\f801\\ffff\</translate>
			</id>
			<id id="43">
				<origin>うろつく跳獣が徘徊する危険な獣谷の、\f801\その中央に位置する澄んだ泉。\f801\\ffff\</origin>
				<translate>うろつく跳獣が徘徊する危険な獣谷の、\f801\その中央に位置する澄んだ泉。\f801\\ffff\</translate>
			</id>
			<id id="44">
				<origin>群れからはぐれた血の裂断者が住む森。\f801\藪が多い。探索は極めて困難。\f801\\ffff\</origin>
				<translate>群れからはぐれた血の裂断者が住む森。\f801\藪が多い。探索は極めて困難。\f801\\ffff\</translate>
			</id>
			<id id="45">
				<origin>小迷宮４５の説明\f801\\ffff\</origin>
				<translate>小迷宮４５の説明\f801\\ffff\</translate>
			</id>
			<id id="46"/>
			<id id="47"/>
			<id id="48"/>
			<id id="49"/>
			<id id="50"/>
			<id id="51">
				<origin>危険で巨大な蛾が巣食う小さな森。\f801\珍しい植物の魔物が繁殖している。\f801\\ffff\</origin>
				<translate>危険で巨大な蛾が巣食う小さな森。\f801\珍しい植物の魔物が繁殖している。\f801\\ffff\</translate>
			</id>
			<id id="52">
				<origin>硫黄のような匂いが鼻につく森。\f801\長時間の滞在は危険と言われている。\f801\\ffff\</origin>
				<translate>硫黄のような匂いが鼻につく森。\f801\長時間の滞在は危険と言われている。\f801\\ffff\</translate>
			</id>
			<id id="53">
				<origin>一年中蛙の鳴き声が止まない沼地。\f801\足場が悪く、歩行は困難。\f801\\ffff\</origin>
				<translate>一年中蛙の鳴き声が止まない沼地。\f801\足場が悪く、歩行は困難。\f801\\ffff\</translate>
			</id>
			<id id="54">
				<origin>小迷宮２４の説明\f801\\ffff\</origin>
				<translate>小迷宮２４の説明\f801\\ffff\</translate>
			</id>
			<id id="55">
				<origin>小迷宮２５の説明\f801\\ffff\</origin>
				<translate>小迷宮２５の説明\f801\\ffff\</translate>
			</id>
			<id id="56"/>
			<id id="57"/>
			<id id="58"/>
			<id id="59"/>
			<id id="60"/>
			<id id="61">
				<origin>小さい洞窟。どこから迷い込んだのか\f801\紫の翼を持つ蝙蝠が飛びまわっている。\f801\\ffff\</origin>
				<translate>小さい洞窟。どこから迷い込んだのか\f801\紫の翼を持つ蝙蝠が飛びまわっている。\f801\\ffff\</translate>
			</id>
			<id id="62">
				<origin>分泌液を吐いて回る毒竜が棲む洞窟。\f801\空気が悪く、悪臭が立ち込めている。\f801\\ffff\</origin>
				<translate>分泌液を吐いて回る毒竜が棲む洞窟。\f801\空気が悪く、悪臭が立ち込めている。\f801\\ffff\</translate>
			</id>
			<id id="63">
				<origin>地底湖のある洞窟。湖は凍りついており\f801\氷の柱が乱立している幻想的な迷宮。\f801\\ffff\</origin>
				<translate>地底湖のある洞窟。湖は凍りついており\f801\氷の柱が乱立している幻想的な迷宮。\f801\\ffff\</translate>
			</id>
			<id id="64">
				<origin>小迷宮３４の説明\f801\\ffff\</origin>
				<translate>小迷宮３４の説明\f801\\ffff\</translate>
			</id>
			<id id="65">
				<origin>小迷宮３５の説明\f801\\ffff\</origin>
				<translate>小迷宮３５の説明\f801\\ffff\</translate>
			</id>
			<id id="66"/>
			<id id="67"/>
			<id id="68"/>
			<id id="69"/>
			<id id="70"/>
			<id id="71">
				<origin>帝国が会合場所に指定した建築物。\f801\その内装はまるで書庫の様に見える。\f801\\ffff\</origin>
				<translate>帝国が会合場所に指定した建築物。\f801\その内装はまるで書庫の様に見える。\f801\\ffff\</translate>
			</id>
			<id id="72">
				<origin>北から南に突風が吹いている建築物で\f801\支えなしでは容易に吹き飛ばされる。\f801\\ffff\</origin>
				<translate>北から南に突風が吹いている建築物で\f801\支えなしでは容易に吹き飛ばされる。\f801\\ffff\</translate>
			</id>
			<id id="73">
				<origin>北西の図書館。徘徊する金色の大鹿は\f801\この建築物の守護者のように振舞う。\f801\\ffff\</origin>
				<translate>北西の図書館。徘徊する金色の大鹿は\f801\この建築物の守護者のように振舞う。\f801\\ffff\</translate>
			</id>
			<id id="74"/>
			<id id="75"/>
			<id id="76"/>
			<id id="77"/>
			<id id="78"/>
			<id id="79"/>
			<id id="80"/>
			<id id="81">
				<origin>小迷宮５１の説明\f801\\ffff\</origin>
				<translate>小迷宮５１の説明\f801\\ffff\</translate>
			</id>
			<id id="82">
				<origin>小迷宮５２の説明\f801\\ffff\</origin>
				<translate>小迷宮５２の説明\f801\\ffff\</translate>
			</id>
		</body>
	</mbm>
