<?xml version="1.0" encoding="UTF-8"?>
	<mbm>
		<head>000000004d53473200000100</head>
		<size>1e1e0000</size>
		<number>76000000</number>
		<j>200000000000000000000000</j>
		<body>
			<id id="0">
				<origin>ダミー\f801\\ffff\</origin>
				<translate>ダミー\f801\\ffff\</translate>
			</id>
			<id id="1">
				<origin>神なる緑は豊穣をもたらし\f801\\ffff\</origin>
				<translate>神なる緑は豊穣をもたらし\f801\\ffff\</translate>
			</id>
			<id id="2">
				<origin>禍つ緑は災厄を振り撒く\f801\\ffff\</origin>
				<translate>禍つ緑は災厄を振り撒く\f801\\ffff\</translate>
			</id>
			<id id="3">
				<origin>果てに遺されたのは神樹の骸\f801\\ffff\</origin>
				<translate>果てに遺されたのは神樹の骸\f801\\ffff\</translate>
			</id>
			<id id="4">
				<origin>虚ろの民は、信仰に縋り\f801\\ffff\</origin>
				<translate>虚ろの民は、信仰に縋り\f801\\ffff\</translate>
			</id>
			<id id="5">
				<origin>牙持つ民は、力に怯え\f801\\ffff\</origin>
				<translate>牙持つ民は、力に怯え\f801\\ffff\</translate>
			</id>
			<id id="6">
				<origin>智彗持つ愚者は、偽りの記憶に踊る\f801\\ffff\</origin>
				<translate>智彗持つ愚者は、偽りの記憶に踊る\f801\\ffff\</translate>
			</id>
			<id id="7">
				<origin>されど巫女の奏で、未だ絶えず\f801\\ffff\</origin>
				<translate>されど巫女の奏で、未だ絶えず\f801\\ffff\</translate>
			</id>
			<id id="8">
				<origin>君たちを世界樹へと導く\f801\\ffff\</origin>
				<translate>君たちを世界樹へと導く\f801\\ffff\</translate>
			</id>
			<id id="9">
				<origin>手にするは大空を翔ける翼\f801\\ffff\</origin>
				<translate>手にするは大空を翔ける翼\f801\\ffff\</translate>
			</id>
			<id id="10">
				<origin>紡ぐは波乱に満ちた冒険譚\f801\\ffff\</origin>
				<translate>紡ぐは波乱に満ちた冒険譚\f801\\ffff\</translate>
			</id>
			<id id="11">
				<origin>始まりを謳う風が、今吹き抜ける…\f801\\ffff\</origin>
				<translate>始まりを謳う風が、今吹き抜ける…\f801\\ffff\</translate>
			</id>
			<id id="12">
				<origin>一度ゲームをクリアしているので、\f801\前データを引き継いでゲームを始めます。\f801\以下のデータは自動的に引き継がれます。\f801\\f802\\f804\\0300\・全キャラクター\f801\・キャラクターの全装備と所持金\f801\・ギルド名とギルドカード\f804\\0000\\f801\\f802\貴重品や装備していないアイテム、\f801\宿屋に預けたアイテムは\f801\\f804\\0500\すべて失われる\f804\\0000\のでご注意ください。\f801\\f802\地図、図鑑を引き継ぐかどうかは\f801\プレイヤーが選ぶことができます。\f801\\f802\前セーブデータから、地図の情報を\f801\引き継いで、ゲームを開始しますか？\f801\\ffff\</origin>
				<translate>一度ゲームをクリアしているので、\f801\前データを引き継いでゲームを始めます。\f801\以下のデータは自動的に引き継がれます。\f801\\f802\\f804\\0300\・全キャラクター\f801\・キャラクターの全装備と所持金\f801\・ギルド名とギルドカード\f804\\0000\\f801\\f802\貴重品や装備していないアイテム、\f801\宿屋に預けたアイテムは\f801\\f804\\0500\すべて失われる\f804\\0000\のでご注意ください。\f801\\f802\地図、図鑑を引き継ぐかどうかは\f801\プレイヤーが選ぶことができます。\f801\\f802\前セーブデータから、地図の情報を\f801\引き継いで、ゲームを開始しますか？\f801\\ffff\</translate>
			</id>
			<id id="13">
				<origin>\f804\\0500\地図の情報を引き継ぎますか？\f804\\0000\\f801\\ffff\</origin>
				<translate>\f804\\0500\地図の情報を引き継ぎますか？\f804\\0000\\f801\\ffff\</translate>
			</id>
			<id id="14">
				<origin>全ての地図を消して、ゲームを開始します。\f801\一度削除した地図は、元に戻せません。\f801\地図情報を消して本当によろしいですか？\f801\\ffff\</origin>
				<translate>全ての地図を消して、ゲームを開始します。\f801\一度削除した地図は、元に戻せません。\f801\地図情報を消して本当によろしいですか？\f801\\ffff\</translate>
			</id>
			<id id="15">
				<origin>\f804\\0500\地図情報を消して本当によろしいですか？\f804\\0000\\f801\\ffff\</origin>
				<translate>\f804\\0500\地図情報を消して本当によろしいですか？\f804\\0000\\f801\\ffff\</translate>
			</id>
			<id id="16">
				<origin>全ての地図を消して、\f801\ニューゲームを開始します。\f801\\ffff\</origin>
				<translate>全ての地図を消して、\f801\ニューゲームを開始します。\f801\\ffff\</translate>
			</id>
			<id id="17">
				<origin>前セーブデータから、地図の情報を\f801\引き継いで、ゲームを開始します。\f801\\ffff\</origin>
				<translate>前セーブデータから、地図の情報を\f801\引き継いで、ゲームを開始します。\f801\\ffff\</translate>
			</id>
			<id id="18"/>
			<id id="19"/>
			<id id="20">
				<origin>前セーブデータから、\f801\各種図鑑の達成状況を引き継いで\f801\ゲームを開始しますか？\f801\\ffff\</origin>
				<translate>前セーブデータから、\f801\各種図鑑の達成状況を引き継いで\f801\ゲームを開始しますか？\f801\\ffff\</translate>
			</id>
			<id id="21">
				<origin>\f804\\0500\図鑑の達成状況を引き継ぎますか？\f804\\0000\\f801\\ffff\</origin>
				<translate>\f804\\0500\図鑑の達成状況を引き継ぎますか？\f804\\0000\\f801\\ffff\</translate>
			</id>
			<id id="22">
				<origin>前セーブデータから、\f801\各種図鑑の達成状況を引き継いで、\f801\ゲームを開始します。\f801\\f802\\f804\\0300\※秘宝図鑑は引き継いでも、\f801\秘宝は全て集め直しとなります。\f804\\0000\\f801\\ffff\</origin>
				<translate>前セーブデータから、\f801\各種図鑑の達成状況を引き継いで、\f801\ゲームを開始します。\f801\\f802\\f804\\0300\※秘宝図鑑は引き継いでも、\f801\秘宝は全て集め直しとなります。\f804\\0000\\f801\\ffff\</translate>
			</id>
			<id id="23"/>
			<id id="24">
				<origin>アイテム図鑑、モンスター図鑑、\f801\秘宝図鑑の内容を全て消して、\f801\ゲームを開始します。\f801\\f802\一度消した図鑑の情報は、\f801\元へは戻りません。\f801\本当によろしいですか？\f801\\ffff\</origin>
				<translate>アイテム図鑑、モンスター図鑑、\f801\秘宝図鑑の内容を全て消して、\f801\ゲームを開始します。\f801\\f802\一度消した図鑑の情報は、\f801\元へは戻りません。\f801\本当によろしいですか？\f801\\ffff\</translate>
			</id>
			<id id="25"/>
			<id id="26">
				<origin>\f804\\0500\本当に消してよろしいですか？\f804\\0000\\f801\\ffff\</origin>
				<translate>\f804\\0500\本当に消してよろしいですか？\f804\\0000\\f801\\ffff\</translate>
			</id>
			<id id="27">
				<origin>アイテム図鑑、モンスター図鑑、\f801\秘宝図鑑の内容を全て消して、\f801\ゲームを開始します。\f801\\ffff\</origin>
				<translate>アイテム図鑑、モンスター図鑑、\f801\秘宝図鑑の内容を全て消して、\f801\ゲームを開始します。\f801\\ffff\</translate>
			</id>
			<id id="28"/>
			<id id="29"/>
			<id id="30">
				<origin>「世界樹の迷宮Ｘ」では、\f801\難易度の選択を行うことができます。\f801\お好みの難易度でお楽しみください。\f801\\ffff\</origin>
				<translate>「世界樹の迷宮Ｘ」では、\f801\難易度の選択を行うことができます。\f801\お好みの難易度でお楽しみください。\f801\\ffff\</translate>
			</id>
			<id id="31">
				<origin>\f804\\0500\お好みの難易度を選択してください。\f804\\0000\\f801\ ＮＯＲＭＡＬ\f801\ ＣＡＳＵＡＬ\f801\ 説明を聞く\f801\\ffff\</origin>
				<translate>\f804\\0500\お好みの難易度を選択してください。\f804\\0000\\f801\ ＮＯＲＭＡＬ\f801\ ＣＡＳＵＡＬ\f801\ 説明を聞く\f801\\ffff\</translate>
			</id>
			<id id="32">
				<origin>難易度は「ＮＯＲＭＡＬ」と\f801\「ＣＡＳＵＡＬ」の二種類あります。\f801\\f802\「ＮＯＲＭＡＬ」はシリーズ相応の難易度。\f801\「ＣＡＳＵＡＬ」は「ＮＯＲＭＡＬ」より\f801\低い難易度となっています。\f801\\f802\ＣＡＳＵＡＬでは、戦闘の難易度が下がり、\f801\パーティが全滅しても「ゲームオーバー」\f801\ではなく街からの再開となります。\f801\\f802\その他、一部のアイテムが使っても\f801\減らないなど、より、気軽に楽しめる\f801\設定となっています。\f801\\f802\難易度の違いによる\f801\ストーリーの変化は一切ありませんが、\f801\勲章が一部獲得できない場合があります。\f801\\ffff\</origin>
				<translate>難易度は「ＮＯＲＭＡＬ」と\f801\「ＣＡＳＵＡＬ」の二種類あります。\f801\\f802\「ＮＯＲＭＡＬ」はシリーズ相応の難易度。\f801\「ＣＡＳＵＡＬ」は「ＮＯＲＭＡＬ」より\f801\低い難易度となっています。\f801\\f802\ＣＡＳＵＡＬでは、戦闘の難易度が下がり、\f801\パーティが全滅しても「ゲームオーバー」\f801\ではなく街からの再開となります。\f801\\f802\その他、一部のアイテムが使っても\f801\減らないなど、より、気軽に楽しめる\f801\設定となっています。\f801\\f802\難易度の違いによる\f801\ストーリーの変化は一切ありませんが、\f801\勲章が一部獲得できない場合があります。\f801\\ffff\</translate>
			</id>
			<id id="33">
				<origin>世界樹の迷宮シリーズ相応の難易度であり、\f801\世界樹の迷宮本来のゲーム性を、\f801\存分に楽しんでいただける難易度です。\f801\\f802\シリーズ経験のある方や、\f801\難易度の高いＲＰＧを好まれる方に、\f801\オススメいたします。\f801\\f802\難易度はゲーム開始後も、\f801\街でＯＰＴＩＯＮから\f801\変更することが可能です。\f801\\f802\ＮＯＲＭＡＬ難易度で\f801\ゲームを開始してよろしいですか？\f801\\ffff\</origin>
				<translate>世界樹の迷宮シリーズ相応の難易度であり、\f801\世界樹の迷宮本来のゲーム性を、\f801\存分に楽しんでいただける難易度です。\f801\\f802\シリーズ経験のある方や、\f801\難易度の高いＲＰＧを好まれる方に、\f801\オススメいたします。\f801\\f802\難易度はゲーム開始後も、\f801\街でＯＰＴＩＯＮから\f801\変更することが可能です。\f801\\f802\ＮＯＲＭＡＬ難易度で\f801\ゲームを開始してよろしいですか？\f801\\ffff\</translate>
			</id>
			<id id="34">
				<origin>\f804\\0500\ＮＯＲＭＡＬ難易度でよろしいですか？\f804\\0000\\f801\\ffff\</origin>
				<translate>\f804\\0500\ＮＯＲＭＡＬ難易度でよろしいですか？\f804\\0000\\f801\\ffff\</translate>
			</id>
			<id id="35">
				<origin>ＮＯＲＭＡＬ難易度でゲームを開始します。\f801\あなたの冒険の道に、\f801\実りある苦難が訪れんことを…\f801\\ffff\</origin>
				<translate>ＮＯＲＭＡＬ難易度でゲームを開始します。\f801\あなたの冒険の道に、\f801\実りある苦難が訪れんことを…\f801\\ffff\</translate>
			</id>
			<id id="36">
				<origin>戦闘を中心にＮＯＲＭＡＬより低い\f801\難易度となっており、より気軽に、\f801\世界樹の迷宮をお楽しみいただけます。\f801\\f802\世界樹の迷宮シリーズが初めての方や、\f801\あまりゲームをする時間が無い方に\f801\オススメいたします。\f801\\f802\難易度の違いによるストーリーの変化は\f801\一切ありませんが、一部の勲章が、\f801\獲得できなくなる場合があります。\f801\\f802\難易度はゲーム開始後も、\f801\街でＯＰＴＩＯＮから\f801\変更することが可能です。\f801\\f802\ＣＡＳＵＡＬ難易度で、\f801\ゲームを開始してよろしいですか？\f801\\ffff\</origin>
				<translate>戦闘を中心にＮＯＲＭＡＬより低い\f801\難易度となっており、より気軽に、\f801\世界樹の迷宮をお楽しみいただけます。\f801\\f802\世界樹の迷宮シリーズが初めての方や、\f801\あまりゲームをする時間が無い方に\f801\オススメいたします。\f801\\f802\難易度の違いによるストーリーの変化は\f801\一切ありませんが、一部の勲章が、\f801\獲得できなくなる場合があります。\f801\\f802\難易度はゲーム開始後も、\f801\街でＯＰＴＩＯＮから\f801\変更することが可能です。\f801\\f802\ＣＡＳＵＡＬ難易度で、\f801\ゲームを開始してよろしいですか？\f801\\ffff\</translate>
			</id>
			<id id="37">
				<origin>\f804\\0500\ＣＡＳＵＡＬ難易度でよろしいですか？\f804\\0000\\f801\\ffff\</origin>
				<translate>\f804\\0500\ＣＡＳＵＡＬ難易度でよろしいですか？\f804\\0000\\f801\\ffff\</translate>
			</id>
			<id id="38">
				<origin>ＣＡＳＵＡＬ難易度でゲームを開始します。\f801\もし物足りないと感じたら、是非、\f801\ＮＯＲＭＡＬ難易度もお楽しみください。\f801\\ffff\</origin>
				<translate>ＣＡＳＵＡＬ難易度でゲームを開始します。\f801\もし物足りないと感じたら、是非、\f801\ＮＯＲＭＡＬ難易度もお楽しみください。\f801\\ffff\</translate>
			</id>
			<id id="39"/>
			<id id="40"/>
			<id id="41"/>
			<id id="42"/>
			<id id="43"/>
			<id id="44"/>
			<id id="45"/>
			<id id="46"/>
			<id id="47"/>
			<id id="48"/>
			<id id="49"/>
			<id id="50">
				<origin>体験版のデータを引き継ぎますか？\f801\\ffff\</origin>
				<translate>体験版のデータを引き継ぎますか？\f801\\ffff\</translate>
			</id>
			<id id="51">
				<origin>体験版のセーブに失敗しました。\f801\ゲーム中にセーブができませんが、\f801\このままゲームを開始しますか？\f801\\ffff\</origin>
				<translate>体験版のセーブに失敗しました。\f801\ゲーム中にセーブができませんが、\f801\このままゲームを開始しますか？\f801\\ffff\</translate>
			</id>
			<id id="52">
				<origin>\f804\\0500\ゲームを開始しますか？\f804\\0000\\f801\\ffff\</origin>
				<translate>\f804\\0500\ゲームを開始しますか？\f804\\0000\\f801\\ffff\</translate>
			</id>
			<id id="53">
				<origin>\f804\\0300\難易度の設定など体験版の\f801\オプションデータは反映されません\f801\のでご注意ください。\f804\\0000\\f801\\f802\\f804\\0300\難易度はゲーム開始後、\f801\街でＯＰＴＩＯＮから\f801\変更することが可能です。\f804\\0000\\f801\\ffff\</origin>
				<translate>\f804\\0300\難易度の設定など体験版の\f801\オプションデータは反映されません\f801\のでご注意ください。\f804\\0000\\f801\\f802\\f804\\0300\難易度はゲーム開始後、\f801\街でＯＰＴＩＯＮから\f801\変更することが可能です。\f804\\0000\\f801\\ffff\</translate>
			</id>
			<id id="54"/>
			<id id="55"/>
			<id id="56"/>
			<id id="57"/>
			<id id="58"/>
			<id id="59"/>
			<id id="60"/>
			<id id="61"/>
			<id id="62"/>
			<id id="63"/>
			<id id="64"/>
			<id id="65"/>
			<id id="66"/>
			<id id="67"/>
			<id id="68"/>
			<id id="69"/>
			<id id="70">
				<origin>ゲームモードを選択してください\f801\\ffff\</origin>
				<translate>ゲームモードを選択してください\f801\\ffff\</translate>
			</id>
			<id id="71">
				<origin>５人のキャラクターが織りなす\f801\ドラマティックな冒険が楽しめます\f801\\ffff\</origin>
				<translate>５人のキャラクターが織りなす\f801\ドラマティックな冒険が楽しめます\f801\\ffff\</translate>
			</id>
			<id id="72">
				<origin>自分の手で作ったキャラクターで\f801\想像を刺激する冒険が楽しめます\f801\\ffff\</origin>
				<translate>自分の手で作ったキャラクターで\f801\想像を刺激する冒険が楽しめます\f801\\ffff\</translate>
			</id>
			<id id="73">
				<origin>\f804\\0500\ＳＴＯＲＹ\f804\\0000\は、ファフニールという\f801\主人公になり、探索中に出会う仲間\f801\と冒険を楽しむことができます\f801\\ffff\</origin>
				<translate>\f804\\0500\ＳＴＯＲＹ\f804\\0000\は、ファフニールという\f801\主人公になり、探索中に出会う仲間\f801\と冒険を楽しむことができます\f801\\ffff\</translate>
			</id>
			<id id="74">
				<origin>\f804\\0500\ＳＴＯＲＹ\f804\\0000\でゲームを開始して\f801\よろしいですか？\f801\\ffff\</origin>
				<translate>\f804\\0500\ＳＴＯＲＹ\f804\\0000\でゲームを開始して\f801\よろしいですか？\f801\\ffff\</translate>
			</id>
			<id id="75">
				<origin>\f804\\0500\ＣＬＡＳＳＩＣ\f804\\0000\は、キャラクターを\f801\自由に作成し、自分だけのパーティ\f801\で冒険を楽しむことができます\f801\\ffff\</origin>
				<translate>\f804\\0500\ＣＬＡＳＳＩＣ\f804\\0000\は、キャラクターを\f801\自由に作成し、自分だけのパーティ\f801\で冒険を楽しむことができます\f801\\ffff\</translate>
			</id>
			<id id="76">
				<origin>\f804\\0500\ＣＬＡＳＳＩＣ\f804\\0000\でゲームを開始して\f801\よろしいですか？\f801\\ffff\</origin>
				<translate>\f804\\0500\ＣＬＡＳＳＩＣ\f804\\0000\でゲームを開始して\f801\よろしいですか？\f801\\ffff\</translate>
			</id>
			<id id="77"/>
			<id id="78"/>
			<id id="79"/>
			<id id="80">
				<origin>難易度を選択してください\f801\\ffff\</origin>
				<translate>難易度を選択してください\f801\\ffff\</translate>
			</id>
			<id id="81">
				<origin>遠足気分で気軽に楽しみたい方に\f801\\ffff\</origin>
				<translate>遠足気分で気軽に楽しみたい方に\f801\\ffff\</translate>
			</id>
			<id id="82">
				<origin>冒険の手ごたえを楽しみたい方に\f801\\ffff\</origin>
				<translate>冒険の手ごたえを楽しみたい方に\f801\\ffff\</translate>
			</id>
			<id id="83">
				<origin>数々の樹海を踏破し死を恐れぬ者へ\f801\\ffff\</origin>
				<translate>数々の樹海を踏破し死を恐れぬ者へ\f801\\ffff\</translate>
			</id>
			<id id="84">
				<origin>ストーリーを楽しみたい方や\f801\ＲＰＧが苦手だけど遊びたい方は\f801\こちらのモードをお勧めします\f801\\f802\この難易度では全滅しても\f801\「ゲームオーバー」ではなく\f801\その場から再開できるうえ\f801\\f802\一部のアイテムが使っても\f801\減らないなど、より、気軽に\f801\楽しめる設定となっています\f801\\f802\また、この難易度で始めると\f801\他の難易度に変更が\f801\できませんのでご注意ください\f801\\ffff\</origin>
				<translate>ストーリーを楽しみたい方や\f801\ＲＰＧが苦手だけど遊びたい方は\f801\こちらのモードをお勧めします\f801\\f802\この難易度では全滅しても\f801\「ゲームオーバー」ではなく\f801\その場から再開できるうえ\f801\\f802\一部のアイテムが使っても\f801\減らないなど、より、気軽に\f801\楽しめる設定となっています\f801\\f802\また、この難易度で始めると\f801\他の難易度に変更が\f801\できませんのでご注意ください\f801\\ffff\</translate>
			</id>
			<id id="85">
				<origin>世界樹の迷宮を初めて遊ぶ方や\f801\ＲＰＧを楽しんで遊びたい方は\f801\こちらのモードをお勧めします\f801\\f802\この難易度では全滅しても\f801\「ゲームオーバー」ではなく\f801\一度だけその場から再開できます\f801\\f802\難易度はゲーム開始後も、\f801\街でＯＰＴＩＯＮから\f801\変更することが可能です\f801\\ffff\</origin>
				<translate>世界樹の迷宮を初めて遊ぶ方や\f801\ＲＰＧを楽しんで遊びたい方は\f801\こちらのモードをお勧めします\f801\\f802\この難易度では全滅しても\f801\「ゲームオーバー」ではなく\f801\一度だけその場から再開できます\f801\\f802\難易度はゲーム開始後も、\f801\街でＯＰＴＩＯＮから\f801\変更することが可能です\f801\\ffff\</translate>
			</id>
			<id id="86">
				<origin>過去の世界樹をやり込んだ方や\f801\歯応えあるＲＰＧが好きな方は\f801\こちらのモードをお勧めします\f801\\f802\難易度はゲーム開始後も、\f801\街でＯＰＴＩＯＮから\f801\変更することが可能です\f801\\ffff\</origin>
				<translate>過去の世界樹をやり込んだ方や\f801\歯応えあるＲＰＧが好きな方は\f801\こちらのモードをお勧めします\f801\\f802\難易度はゲーム開始後も、\f801\街でＯＰＴＩＯＮから\f801\変更することが可能です\f801\\ffff\</translate>
			</id>
			<id id="87">
				<origin>\f804\\0500\ＰＩＣＮＩＣ\f804\\0000\で\f801\開始します。よろしいですか？\f801\\ffff\</origin>
				<translate>\f804\\0500\ＰＩＣＮＩＣ\f804\\0000\で\f801\開始します。よろしいですか？\f801\\ffff\</translate>
			</id>
			<id id="88">
				<origin>\f804\\0500\ＢＡＳＩＣ\f804\\0000\で\f801\開始します。よろしいですか？\f801\\ffff\</origin>
				<translate>\f804\\0500\ＢＡＳＩＣ\f804\\0000\で\f801\開始します。よろしいですか？\f801\\ffff\</translate>
			</id>
			<id id="89">
				<origin>\f804\\0500\ＥＸＰＥＲＴ\f804\\0000\で\f801\開始します。よろしいですか？\f801\\ffff\</origin>
				<translate>\f804\\0500\ＥＸＰＥＲＴ\f804\\0000\で\f801\開始します。よろしいですか？\f801\\ffff\</translate>
			</id>
			<id id="90">
				<origin>セーブに失敗しました。\f801\\f802\ＯＰＴＩＯＮの\f801\\f804\\0500\セーブデータ初期化\f804\\0000\で\f801\セーブデータを初期化してください\f801\\ffff\</origin>
				<translate>セーブに失敗しました。\f801\\f802\ＯＰＴＩＯＮの\f801\\f804\\0500\セーブデータ初期化\f804\\0000\で\f801\セーブデータを初期化してください\f801\\ffff\</translate>
			</id>
			<id id="91"/>
			<id id="92"/>
			<id id="93"/>
			<id id="94"/>
			<id id="95"/>
			<id id="96"/>
			<id id="97"/>
			<id id="98"/>
			<id id="99"/>
			<id id="100">
				<origin>体験版では\f804\\0500\ＣＬＡＳＳＩＣ\f804\\0000\モードを\f801\選択することは出来ません\f801\\ffff\</origin>
				<translate>体験版では\f804\\0500\ＣＬＡＳＳＩＣ\f804\\0000\モードを\f801\選択することは出来ません\f801\\ffff\</translate>
			</id>
			<id id="101"/>
			<id id="102"/>
			<id id="103"/>
			<id id="104"/>
			<id id="105"/>
			<id id="106"/>
			<id id="107"/>
			<id id="108"/>
			<id id="109"/>
			<id id="110">
				<origin>本作ではＳＤカードに追加データ\f801\『世界樹の迷宮シリーズ』を作成し、\f801\セーブデータを保存できます\f801\\f802\ＳＤカードには\f801\スロット２から９までの\f801\セーブデータと\f801\\f802\中断セーブデータ、\f801\集めたギルドカードのデータが\f801\セーブされます。\f801\\f802\ＳＤカードが差し込まれていない\f801\場合、データの読み込みが行えなく\f801\なりますので、ご注意ください\f801\\f802\ＳＤカードの抜き差しは電源を\f801\切った状態で行ってください。\f801\\ffff\</origin>
				<translate>本作ではＳＤカードに追加データ\f801\『世界樹の迷宮シリーズ』を作成し、\f801\セーブデータを保存できます\f801\\f802\ＳＤカードには\f801\スロット２から９までの\f801\セーブデータと\f801\\f802\中断セーブデータ、\f801\集めたギルドカードのデータが\f801\セーブされます。\f801\\f802\ＳＤカードが差し込まれていない\f801\場合、データの読み込みが行えなく\f801\なりますので、ご注意ください\f801\\f802\ＳＤカードの抜き差しは電源を\f801\切った状態で行ってください。\f801\\ffff\</translate>
			</id>
			<id id="111">
				<origin>本作ではＳＤカードに追加データ\f801\『世界樹の迷宮シリーズ』を作成し、\f801\セーブデータを保存できます\f801\\f802\体験版のセーブデータは\f801\製品版のＮＥＷ ＧＡＭＥから\f801\引き継ぐことができます。\f801\\ffff\</origin>
				<translate>本作ではＳＤカードに追加データ\f801\『世界樹の迷宮シリーズ』を作成し、\f801\セーブデータを保存できます\f801\\f802\体験版のセーブデータは\f801\製品版のＮＥＷ ＧＡＭＥから\f801\引き継ぐことができます。\f801\\ffff\</translate>
			</id>
			<id id="112"/>
			<id id="113"/>
			<id id="114">
				<origin>より高みを目指す冒険者へ\f801\\ffff\</origin>
				<translate>より高みを目指す冒険者へ\f801\\ffff\</translate>
			</id>
			<id id="115">
				<origin>\f804\\0500\ＨＥＲＯＩＣ\f804\\0000\で\f801\開始します。よろしいですか？\f801\\ffff\</origin>
				<translate>\f804\\0500\ＨＥＲＯＩＣ\f804\\0000\で\f801\開始します。よろしいですか？\f801\\ffff\</translate>
			</id>
			<id id="116">
				<origin>\f804\\0500\ＥＸＰＥＲＴ\f804\\0000\と同じ\f801\難易度ですがこのモードは\f801\ここでしか選択ができません\f801\\f802\ゲームを開始後も\f801\街でＯＰＴＩＯＮから\f801\\f802\別の難易度に変更することが\f801\できますが戻せなくなります\f801\\f802\またデータの引き継ぎも\f801\行えませんのでご注意ください\f801\\ffff\</origin>
				<translate>\f804\\0500\ＥＸＰＥＲＴ\f804\\0000\と同じ\f801\難易度ですがこのモードは\f801\ここでしか選択ができません\f801\\f802\ゲームを開始後も\f801\街でＯＰＴＩＯＮから\f801\\f802\別の難易度に変更することが\f801\できますが戻せなくなります\f801\\f802\またデータの引き継ぎも\f801\行えませんのでご注意ください\f801\\ffff\</translate>
			</id>
			<id id="117">
				<origin>この難易度ではデータの引継ぎを\f801\行えませんがよろしいですか？\f801\\ffff\</origin>
				<translate>この難易度ではデータの引継ぎを\f801\行えませんがよろしいですか？\f801\\ffff\</translate>
			</id>
			<id id="118">
				<origin>クリアデータのアイテム所持数は\f801\ゲーム開始時の最大所持数である\f801\６０個を超えてしまっております\f801\\f802\持ちきれないアイテムは預かり所に\f801\送られ、預かり所でも保管しきれな\f801\いアイテムは破棄されます\f801\\ffff\</origin>
				<translate>クリアデータのアイテム所持数は\f801\ゲーム開始時の最大所持数である\f801\６０個を超えてしまっております\f801\\f802\持ちきれないアイテムは預かり所に\f801\送られ、預かり所でも保管しきれな\f801\いアイテムは破棄されます\f801\\ffff\</translate>
			</id>
		</body>
	</mbm>
