<?xml version="1.0" encoding="UTF-8"?>
	<mbm>
		<head>000000004d53473200000100</head>
		<size>460e0000</size>
		<number>79000000</number>
		<j>200000000000000000000000</j>
		<body>
			<id id="0"/>
			<id id="1">
				<origin>世界樹の迷宮ＸのＱＲコードでは\f801\ありません。\f801\\ffff\</origin>
				<translate>世界樹の迷宮ＸのＱＲコードでは\f801\ありません。\f801\\ffff\</translate>
			</id>
			<id id="2">
				<origin>ギルドカードの登録数が上限に\f801\達しているため登録できません。\f801\\f802\ギルドカードの管理で削除してください。\f801\\ffff\</origin>
				<translate>ギルドカードの登録数が上限に\f801\達しているため登録できません。\f801\\f802\ギルドカードの管理で削除してください。\f801\\ffff\</translate>
			</id>
			<id id="3">
				<origin>ギルドカードを登録しますか？\f801\\ffff\</origin>
				<translate>ギルドカードを登録しますか？\f801\\ffff\</translate>
			</id>
			<id id="4">
				<origin>同じギルドカードを所持しているため\f801\受け取れません。\f801\\ffff\</origin>
				<translate>同じギルドカードを所持しているため\f801\受け取れません。\f801\\ffff\</translate>
			</id>
			<id id="5">
				<origin>このギルドカードはすでに\f801\受け取ったことがあるため\f801\グリモアを生成することはできません。\f801\\ffff\</origin>
				<translate>このギルドカードはすでに\f801\受け取ったことがあるため\f801\グリモアを生成することはできません。\f801\\ffff\</translate>
			</id>
			<id id="6">
				<origin>自分のギルドカードは\f801\受け取ることができません。\f801\\ffff\</origin>
				<translate>自分のギルドカードは\f801\受け取ることができません。\f801\\ffff\</translate>
			</id>
			<id id="7"/>
			<id id="8"/>
			<id id="9"/>
			<id id="10"/>
			<id id="11">
				<origin>中にはなんと…\f801\\f802\\f815\\0000\\f804\\0500\\f811\\0000\\f804\\0000\が\f801\\f811\\0100\個、入っていました。\f801\\ffff\</origin>
				<translate>中にはなんと…\f801\\f802\\f815\\0000\\f804\\0500\\f811\\0000\\f804\\0000\が\f801\\f811\\0100\個、入っていました。\f801\\ffff\</translate>
			</id>
			<id id="12">
				<origin>持ち物がいっぱいで受け取れません。\f801\持ち物を整理してからもう一度\f801\行なってください。\f801\\ffff\</origin>
				<translate>持ち物がいっぱいで受け取れません。\f801\持ち物を整理してからもう一度\f801\行なってください。\f801\\ffff\</translate>
			</id>
			<id id="13">
				<origin>\f815\\0000\\f804\\0500\\f811\\0000\\f804\\0000\を\f801\\f811\\0100\個、受け取りました。\f801\\ffff\</origin>
				<translate>\f815\\0000\\f804\\0500\\f811\\0000\\f804\\0000\を\f801\\f811\\0100\個、受け取りました。\f801\\ffff\</translate>
			</id>
			<id id="14">
				<origin>このＱＲギフトはすでに一度\f801\受け取っています。\f801\\ffff\</origin>
				<translate>このＱＲギフトはすでに一度\f801\受け取っています。\f801\\ffff\</translate>
			</id>
			<id id="15">
				<origin>ＱＲギフト\f801\\f804\\0500\\f811\\0000\\f804\\0000\を\f801\受け取りました。\f801\\ffff\</origin>
				<translate>ＱＲギフト\f801\\f804\\0500\\f811\\0000\\f804\\0000\を\f801\受け取りました。\f801\\ffff\</translate>
			</id>
			<id id="16"/>
			<id id="17"/>
			<id id="18"/>
			<id id="19"/>
			<id id="20">
				<origin>ＱＲクエスト\f801\\f804\\0500\\f811\\0000\\f804\\0000\を\f801\受け取りました。\f801\\ffff\</origin>
				<translate>ＱＲクエスト\f801\\f804\\0500\\f811\\0000\\f804\\0000\を\f801\受け取りました。\f801\\ffff\</translate>
			</id>
			<id id="21">
				<origin>以前に受け取ったＱＲクエスト\f801\\f804\\0500\\f850\\f804\\0000\が残っています。\f801\\ffff\</origin>
				<translate>以前に受け取ったＱＲクエスト\f801\\f804\\0500\\f850\\f804\\0000\が残っています。\f801\\ffff\</translate>
			</id>
			<id id="22">
				<origin>このクエストを破棄してもよろしいですか？\f801\\ffff\</origin>
				<translate>このクエストを破棄してもよろしいですか？\f801\\ffff\</translate>
			</id>
			<id id="23">
				<origin>ＱＲクエストを破棄しました。\f801\\f802\代わりに、ＱＲクエスト\f801\\f804\\0500\\f811\\0000\\f804\\0000\が、\f801\酒場のクエストに追加されました。\f801\\ffff\</origin>
				<translate>ＱＲクエストを破棄しました。\f801\\f802\代わりに、ＱＲクエスト\f801\\f804\\0500\\f811\\0000\\f804\\0000\が、\f801\酒場のクエストに追加されました。\f801\\ffff\</translate>
			</id>
			<id id="24">
				<origin>受け取ったＱＲクエスト、\f801\\f804\\0500\\f811\\0000\\f804\\0000\を\f801\破棄しました。\f801\\ffff\</origin>
				<translate>受け取ったＱＲクエスト、\f801\\f804\\0500\\f811\\0000\\f804\\0000\を\f801\破棄しました。\f801\\ffff\</translate>
			</id>
			<id id="25">
				<origin>しかし、このクエストの\f801\受領条件を満たしていないため\f801\実行することができません。\f801\\ffff\</origin>
				<translate>しかし、このクエストの\f801\受領条件を満たしていないため\f801\実行することができません。\f801\\ffff\</translate>
			</id>
			<id id="26">
				<origin>ＱＲクエスト\f801\\f804\\0500\\f811\\0000\\f804\\0000\が、\f801\酒場のクエストに追加されました。\f801\\ffff\</origin>
				<translate>ＱＲクエスト\f801\\f804\\0500\\f811\\0000\\f804\\0000\が、\f801\酒場のクエストに追加されました。\f801\\ffff\</translate>
			</id>
			<id id="27">
				<origin>パスワードが正しくありません。\f801\\ffff\</origin>
				<translate>パスワードが正しくありません。\f801\\ffff\</translate>
			</id>
			<id id="28">
				<origin>外側カメラで世界樹の迷宮Ｘの\f801\ＱＲコードを写してください。\f801\\ffff\</origin>
				<translate>外側カメラで世界樹の迷宮Ｘの\f801\ＱＲコードを写してください。\f801\\ffff\</translate>
			</id>
			<id id="29">
				<origin>このクエストは既にクリアしているため、\f801\受領できません。\f801\\ffff\</origin>
				<translate>このクエストは既にクリアしているため、\f801\受領できません。\f801\\ffff\</translate>
			</id>
			<id id="30">
				<origin>体験版ではＱＲコードは\f801\受け取ることができません。\f801\\ffff\</origin>
				<translate>体験版ではＱＲコードは\f801\受け取ることができません。\f801\\ffff\</translate>
			</id>
			<id id="31"/>
			<id id="32"/>
			<id id="33"/>
			<id id="34"/>
			<id id="35"/>
			<id id="36"/>
			<id id="37"/>
			<id id="38"/>
			<id id="39"/>
			<id id="40">
				<origin>世界樹の迷宮Ｘでは世界樹の迷宮Ⅳの\f801\ＱＲコードは受け取ることができません。\f801\\ffff\</origin>
				<translate>世界樹の迷宮Ｘでは世界樹の迷宮Ⅳの\f801\ＱＲコードは受け取ることができません。\f801\\ffff\</translate>
			</id>
			<id id="41">
				<origin>世界樹の迷宮ＸではＱＲクエストの\f801\ＱＲコードは受け取ることができません。\f801\\ffff\</origin>
				<translate>世界樹の迷宮ＸではＱＲクエストの\f801\ＱＲコードは受け取ることができません。\f801\\ffff\</translate>
			</id>
			<id id="42">
				<origin>世界樹の迷宮ＸではＱＲギフトの\f801\ＱＲコードは受け取ることができません。\f801\\ffff\</origin>
				<translate>世界樹の迷宮ＸではＱＲギフトの\f801\ＱＲコードは受け取ることができません。\f801\\ffff\</translate>
			</id>
			<id id="43">
				<origin>リージョンもしくは言語が異なるため\f801\読み込めません。\f801\\ffff\</origin>
				<translate>リージョンもしくは言語が異なるため\f801\読み込めません。\f801\\ffff\</translate>
			</id>
			<id id="44">
				<origin>世界樹の迷宮Ｘでは新・世界樹の迷宮の\f801\ＱＲコードは受け取ることができません。\f801\\ffff\</origin>
				<translate>世界樹の迷宮Ｘでは新・世界樹の迷宮の\f801\ＱＲコードは受け取ることができません。\f801\\ffff\</translate>
			</id>
			<id id="45">
				<origin>世界樹の迷宮Ｘでは新・世界樹の迷宮２の\f801\ＱＲコードは受け取ることができません。\f801\\ffff\</origin>
				<translate>世界樹の迷宮Ｘでは新・世界樹の迷宮２の\f801\ＱＲコードは受け取ることができません。\f801\\ffff\</translate>
			</id>
			<id id="46">
				<origin>世界樹の迷宮Ｘでは世界樹の迷宮Ｖの\f801\ＱＲコードは受け取ることができません。\f801\\ffff\</origin>
				<translate>世界樹の迷宮Ｘでは世界樹の迷宮Ｖの\f801\ＱＲコードは受け取ることができません。\f801\\ffff\</translate>
			</id>
			<id id="47"/>
			<id id="48"/>
			<id id="49"/>
			<id id="50"/>
			<id id="51"/>
			<id id="52"/>
			<id id="53"/>
			<id id="54"/>
			<id id="55"/>
			<id id="56"/>
			<id id="57"/>
			<id id="58"/>
			<id id="59"/>
			<id id="60"/>
			<id id="61"/>
			<id id="62"/>
			<id id="63"/>
			<id id="64"/>
			<id id="65"/>
			<id id="66"/>
			<id id="67"/>
			<id id="68"/>
			<id id="69"/>
			<id id="70"/>
			<id id="71"/>
			<id id="72"/>
			<id id="73"/>
			<id id="74"/>
			<id id="75"/>
			<id id="76"/>
			<id id="77"/>
			<id id="78"/>
			<id id="79"/>
			<id id="80"/>
			<id id="81"/>
			<id id="82"/>
			<id id="83"/>
			<id id="84"/>
			<id id="85"/>
			<id id="86"/>
			<id id="87"/>
			<id id="88"/>
			<id id="89"/>
			<id id="90">
				<origin>\f804\\0500\\f811\\0a00\\f804\\0000\の\f801\ＱＲコードを適用できませんでした。\f801\\ffff\</origin>
				<translate>\f804\\0500\\f811\\0a00\\f804\\0000\の\f801\ＱＲコードを適用できませんでした。\f801\\ffff\</translate>
			</id>
			<id id="91">
				<origin>\f815\\0000\\f804\\0500\\f811\\0000\\f804\\0000\を\f801\\f811\\0100\個、受け取りました。\f801\\ffff\</origin>
				<translate>\f815\\0000\\f804\\0500\\f811\\0000\\f804\\0000\を\f801\\f811\\0100\個、受け取りました。\f801\\ffff\</translate>
			</id>
			<id id="92"/>
			<id id="93"/>
			<id id="94"/>
			<id id="95"/>
			<id id="96"/>
			<id id="97"/>
			<id id="98"/>
			<id id="99"/>
			<id id="100">
				<origin>\f804\\0500\\f811\\0a00\\f804\\0000\の\f801\ＱＲコードを適用しますか？\f801\\ffff\</origin>
				<translate>\f804\\0500\\f811\\0a00\\f804\\0000\の\f801\ＱＲコードを適用しますか？\f801\\ffff\</translate>
			</id>
			<id id="101">
				<origin>このＱＲコードはすでに一度\f801\受け取っています。\f801\\ffff\</origin>
				<translate>このＱＲコードはすでに一度\f801\受け取っています。\f801\\ffff\</translate>
			</id>
			<id id="102">
				<origin>持ち物がいっぱいで受け取れません。\f801\持ち物を整理してからもう一度\f801\行なってください。\f801\\ffff\</origin>
				<translate>持ち物がいっぱいで受け取れません。\f801\持ち物を整理してからもう一度\f801\行なってください。\f801\\ffff\</translate>
			</id>
			<id id="103">
				<origin>食材がいっぱいで受け取れません。\f801\食材を整理してからもう一度\f801\行なってください。\f801\\ffff\</origin>
				<translate>食材がいっぱいで受け取れません。\f801\食材を整理してからもう一度\f801\行なってください。\f801\\ffff\</translate>
			</id>
			<id id="104">
				<origin>\f804\\0500\\f811\\0a00\\f804\\0000\の\f801\ＱＲコードを適用しました。\f801\\ffff\</origin>
				<translate>\f804\\0500\\f811\\0a00\\f804\\0000\の\f801\ＱＲコードを適用しました。\f801\\ffff\</translate>
			</id>
			<id id="105">
				<origin>このＱＲコードは適用すると、\f801\同じセーブデータでは２度と\f801\適用することができません。\f801\\ffff\</origin>
				<translate>このＱＲコードは適用すると、\f801\同じセーブデータでは２度と\f801\適用することができません。\f801\\ffff\</translate>
			</id>
			<id id="106">
				<origin>このＱＲコードを適用するとアイテムが\f801\入手できますが、１つのデータにつき\f801\適用できるのは一度きりです。\f801\\ffff\</origin>
				<translate>このＱＲコードを適用するとアイテムが\f801\入手できますが、１つのデータにつき\f801\適用できるのは一度きりです。\f801\\ffff\</translate>
			</id>
			<id id="107"/>
			<id id="108"/>
			<id id="109"/>
			<id id="110">
				<origin>クエスト\f801\\f804\\0500\\f811\\0000\\f804\\0000\が\f801\酒場で受領可能になりました！\f801\\ffff\</origin>
				<translate>クエスト\f801\\f804\\0500\\f811\\0000\\f804\\0000\が\f801\酒場で受領可能になりました！\f801\\ffff\</translate>
			</id>
			<id id="111">
				<origin>クエスト\f801\\f804\\0500\\f811\\0000\\f804\\0000\が\f801\酒場で受領可能になりました！\f801\\f802\ただし、現在クエストの発生条件の中に\f801\未達成のものがある為、それらを達成する\f801\までは酒場にクエストは出現しません。\f801\\ffff\</origin>
				<translate>クエスト\f801\\f804\\0500\\f811\\0000\\f804\\0000\が\f801\酒場で受領可能になりました！\f801\\f802\ただし、現在クエストの発生条件の中に\f801\未達成のものがある為、それらを達成する\f801\までは酒場にクエストは出現しません。\f801\\ffff\</translate>
			</id>
			<id id="112"/>
			<id id="113"/>
			<id id="114"/>
			<id id="115"/>
			<id id="116"/>
			<id id="117"/>
			<id id="118"/>
			<id id="119"/>
			<id id="120">
				<origin>適用条件を満たしていない為、\f801\このＱＲコードは現在適用できません。\f801\\ffff\</origin>
				<translate>適用条件を満たしていない為、\f801\このＱＲコードは現在適用できません。\f801\\ffff\</translate>
			</id>
			<id id="121">
				<origin>現在、このＱＲコードを適用すべき\f801\問題が発生しておりません。\f801\\f802\問題が発生しましたらその際に\f801\改めてこのＱＲコードを\f801\読み込んで下さい。\f801\\ffff\</origin>
				<translate>現在、このＱＲコードを適用すべき\f801\問題が発生しておりません。\f801\\f802\問題が発生しましたらその際に\f801\改めてこのＱＲコードを\f801\読み込んで下さい。\f801\\ffff\</translate>
			</id>
		</body>
	</mbm>
