<?xml version="1.0" encoding="UTF-8"?>
	<mbm>
		<head>000000004d53473200000100</head>
		<size>3a1f0000</size>
		<number>df000000</number>
		<j>200000000000000000000000</j>
		<body>
			<id id="0"/>
			<id id="1">
				<origin>システムデータをセーブしています\f801\\ffff\</origin>
				<translate>システムデータをセーブしています\f801\\ffff\</translate>
			</id>
			<id id="2">
				<origin>システムデータの読み込みに失敗しました\f801\システムデータを初期化します\f801\\ffff\</origin>
				<translate>システムデータの読み込みに失敗しました\f801\システムデータを初期化します\f801\\ffff\</translate>
			</id>
			<id id="3">
				<origin>システムデータのセーブに\f801\失敗しました\f801\\ffff\</origin>
				<translate>システムデータのセーブに\f801\失敗しました\f801\\ffff\</translate>
			</id>
			<id id="4">
				<origin>ゲームデータをセーブしています\f801\\ffff\</origin>
				<translate>ゲームデータをセーブしています\f801\\ffff\</translate>
			</id>
			<id id="5">
				<origin>ゲームデータのセーブに\f801\失敗しました\f801\\ffff\</origin>
				<translate>ゲームデータのセーブに\f801\失敗しました\f801\\ffff\</translate>
			</id>
			<id id="6">
				<origin>ゲームデータをバックアップしています\f801\\ffff\</origin>
				<translate>ゲームデータをバックアップしています\f801\\ffff\</translate>
			</id>
			<id id="7">
				<origin>ゲームデータのバックアップ\f801\データのセーブに失敗しました\f801\\ffff\</origin>
				<translate>ゲームデータのバックアップ\f801\データのセーブに失敗しました\f801\\ffff\</translate>
			</id>
			<id id="8">
				<origin>地図データの読み込みに\f801\失敗しました\f801\地図データを初期化しました\f801\\ffff\</origin>
				<translate>地図データの読み込みに\f801\失敗しました\f801\地図データを初期化しました\f801\\ffff\</translate>
			</id>
			<id id="9">
				<origin>バックアップデータの\f801\復帰をしています\f801\\ffff\</origin>
				<translate>バックアップデータの\f801\復帰をしています\f801\\ffff\</translate>
			</id>
			<id id="10">
				<origin>全てのゲームデータが\f801\破損しています\f801\\f802\ＯＰＴＩＯＮで全データを初期化し、\f801\最初からプレイしてください\f801\\ffff\</origin>
				<translate>全てのゲームデータが\f801\破損しています\f801\\f802\ＯＰＴＩＯＮで全データを初期化し、\f801\最初からプレイしてください\f801\\ffff\</translate>
			</id>
			<id id="11">
				<origin>ゲームデータがありません\f801\\ffff\</origin>
				<translate>ゲームデータがありません\f801\\ffff\</translate>
			</id>
			<id id="12">
				<origin>ゲームデータをセーブしています\f801\\ffff\</origin>
				<translate>ゲームデータをセーブしています\f801\\ffff\</translate>
			</id>
			<id id="13"/>
			<id id="14">
				<origin>セーブに失敗しました\f801\\ffff\</origin>
				<translate>セーブに失敗しました\f801\\ffff\</translate>
			</id>
			<id id="15">
				<origin>マップデータをセーブしています\f801\\ffff\</origin>
				<translate>マップデータをセーブしています\f801\\ffff\</translate>
			</id>
			<id id="16">
				<origin>マップデータのセーブに失敗しました\f801\\ffff\</origin>
				<translate>マップデータのセーブに失敗しました\f801\\ffff\</translate>
			</id>
			<id id="17">
				<origin>ギルドカードのセーブに失敗しました\f801\\ffff\</origin>
				<translate>ギルドカードのセーブに失敗しました\f801\\ffff\</translate>
			</id>
			<id id="18"/>
			<id id="19">
				<origin>中断データのロードに失敗しました。\f801\\ffff\</origin>
				<translate>中断データのロードに失敗しました。\f801\\ffff\</translate>
			</id>
			<id id="20">
				<origin>中断データのセーブに失敗しました\f801\\ffff\</origin>
				<translate>中断データのセーブに失敗しました\f801\\ffff\</translate>
			</id>
			<id id="21">
				<origin>中断データがありません\f801\\ffff\</origin>
				<translate>中断データがありません\f801\\ffff\</translate>
			</id>
			<id id="22">
				<origin>中断データのクリアに失敗しました\f801\\ffff\</origin>
				<translate>中断データのクリアに失敗しました\f801\\ffff\</translate>
			</id>
			<id id="23">
				<origin>ギルドカードのセーブデータを\f801\作成します\f801\\ffff\</origin>
				<translate>ギルドカードのセーブデータを\f801\作成します\f801\\ffff\</translate>
			</id>
			<id id="24">
				<origin>ギルドカードのセーブデータを\f801\作成しました\f801\\ffff\</origin>
				<translate>ギルドカードのセーブデータを\f801\作成しました\f801\\ffff\</translate>
			</id>
			<id id="25">
				<origin>ギルドカードのセーブデータに\f801\アクセスできません\f801\\f802\ギルドカードの使用にはＳＤカードが\f801\必要です\f801\\f802\ＳＤカードの抜き差しは電源を\f801\切った状態で行ってください\f801\\ffff\</origin>
				<translate>ギルドカードのセーブデータに\f801\アクセスできません\f801\\f802\ギルドカードの使用にはＳＤカードが\f801\必要です\f801\\f802\ＳＤカードの抜き差しは電源を\f801\切った状態で行ってください\f801\\ffff\</translate>
			</id>
			<id id="26"/>
			<id id="27">
				<origin>ギルドカードのデータを\f801\セーブしています\f801\\ffff\</origin>
				<translate>ギルドカードのデータを\f801\セーブしています\f801\\ffff\</translate>
			</id>
			<id id="28">
				<origin>地図データをセーブしています\f801\\ffff\</origin>
				<translate>地図データをセーブしています\f801\\ffff\</translate>
			</id>
			<id id="29">
				<origin>中断データをセーブしています\f801\\ffff\</origin>
				<translate>中断データをセーブしています\f801\\ffff\</translate>
			</id>
			<id id="30">
				<origin>中断データをロードしています\f801\\ffff\</origin>
				<translate>中断データをロードしています\f801\\ffff\</translate>
			</id>
			<id id="31"/>
			<id id="32">
				<origin>セーブデータをロードしています\f801\\ffff\</origin>
				<translate>セーブデータをロードしています\f801\\ffff\</translate>
			</id>
			<id id="33">
				<origin>セーブデータを初期化しています\f801\\ffff\</origin>
				<translate>セーブデータを初期化しています\f801\\ffff\</translate>
			</id>
			<id id="34">
				<origin>ゲームデータの読み込みに\f801\失敗しました。バックアップデータ\f801\から復帰します\f801\\ffff\</origin>
				<translate>ゲームデータの読み込みに\f801\失敗しました。バックアップデータ\f801\から復帰します\f801\\ffff\</translate>
			</id>
			<id id="35">
				<origin>セーブデータをロードしています\f801\\ffff\</origin>
				<translate>セーブデータをロードしています\f801\\ffff\</translate>
			</id>
			<id id="36">
				<origin>中断データを削除しています\f801\\ffff\</origin>
				<translate>中断データを削除しています\f801\\ffff\</translate>
			</id>
			<id id="37">
				<origin>セーブデータにアクセスできません\f801\\f802\ＯＰＴＩＯＮで全データを初期化し、\f801\最初からプレイしてください\f801\\ffff\</origin>
				<translate>セーブデータにアクセスできません\f801\\f802\ＯＰＴＩＯＮで全データを初期化し、\f801\最初からプレイしてください\f801\\ffff\</translate>
			</id>
			<id id="38"/>
			<id id="39">
				<origin>セーブデータが破損しているため\f801\初期化します\f801\\ffff\</origin>
				<translate>セーブデータが破損しているため\f801\初期化します\f801\\ffff\</translate>
			</id>
			<id id="40">
				<origin>セーブデータを初期化します\f801\Ａボタンを押してください\f801\\ffff\</origin>
				<translate>セーブデータを初期化します\f801\Ａボタンを押してください\f801\\ffff\</translate>
			</id>
			<id id="41">
				<origin>セーブデータを初期化しました\f801\\ffff\</origin>
				<translate>セーブデータを初期化しました\f801\\ffff\</translate>
			</id>
			<id id="42">
				<origin>セーブデータを初期化できませんでした\f801\\ffff\</origin>
				<translate>セーブデータを初期化できませんでした\f801\\ffff\</translate>
			</id>
			<id id="43">
				<origin>このまま電源をＯＦＦにするか、\f801\ＨＯＭＥメニューから\f801\ゲームを終了してください。\f801\\f802\あるいは、中断データを削除して、\f801\ゲームを再開しますか？\f801\\ffff\</origin>
				<translate>このまま電源をＯＦＦにするか、\f801\ＨＯＭＥメニューから\f801\ゲームを終了してください。\f801\\f802\あるいは、中断データを削除して、\f801\ゲームを再開しますか？\f801\\ffff\</translate>
			</id>
			<id id="44">
				<origin>中断データを消して、再開しますか？\f801\\ffff\</origin>
				<translate>中断データを消して、再開しますか？\f801\\ffff\</translate>
			</id>
			<id id="45">
				<origin>中断データを削除しました\f801\\ffff\</origin>
				<translate>中断データを削除しました\f801\\ffff\</translate>
			</id>
			<id id="46">
				<origin>システムデータを新規作成します\f801\\ffff\</origin>
				<translate>システムデータを新規作成します\f801\\ffff\</translate>
			</id>
			<id id="47">
				<origin>漢字変換学習辞書をセーブしています\f801\\ffff\</origin>
				<translate>漢字変換学習辞書をセーブしています\f801\\ffff\</translate>
			</id>
			<id id="48">
				<origin>漢字変換学習辞書のセーブに\f801\失敗しました\f801\\ffff\</origin>
				<translate>漢字変換学習辞書のセーブに\f801\失敗しました\f801\\ffff\</translate>
			</id>
			<id id="49">
				<origin>漢字変換学習辞書データの読み込みに\f801\失敗しました\f801\漢字変換学習辞書を初期化しました\f801\\ffff\</origin>
				<translate>漢字変換学習辞書データの読み込みに\f801\失敗しました\f801\漢字変換学習辞書を初期化しました\f801\\ffff\</translate>
			</id>
			<id id="50">
				<origin>漢字変換学習辞書データが破損しています\f801\漢字変換学習辞書データを削除しました\f801\\ffff\</origin>
				<translate>漢字変換学習辞書データが破損しています\f801\漢字変換学習辞書データを削除しました\f801\\ffff\</translate>
			</id>
			<id id="51">
				<origin>セーブデータを削除しています\f801\\ffff\</origin>
				<translate>セーブデータを削除しています\f801\\ffff\</translate>
			</id>
			<id id="52">
				<origin>タイトル画面に戻ります\f801\\ffff\</origin>
				<translate>タイトル画面に戻ります\f801\\ffff\</translate>
			</id>
			<id id="53">
				<origin>データが破損していたため\f801\削除しました\f801\もう一度セーブしてください\f801\\ffff\</origin>
				<translate>データが破損していたため\f801\削除しました\f801\もう一度セーブしてください\f801\\ffff\</translate>
			</id>
			<id id="54">
				<origin>スロット１のデータが\f801\破損していたため削除しました\f801\\ffff\</origin>
				<translate>スロット１のデータが\f801\破損していたため削除しました\f801\\ffff\</translate>
			</id>
			<id id="55">
				<origin>スロット１の\f801\ゲームデータが\f801\破損していたため削除しました\f801\\ffff\</origin>
				<translate>スロット１の\f801\ゲームデータが\f801\破損していたため削除しました\f801\\ffff\</translate>
			</id>
			<id id="56">
				<origin>スロット１の\f801\ゲームデータのバックアップが\f801\破損していたため削除しました\f801\\ffff\</origin>
				<translate>スロット１の\f801\ゲームデータのバックアップが\f801\破損していたため削除しました\f801\\ffff\</translate>
			</id>
			<id id="57">
				<origin>システムデータが\f801\破損していたため削除しました\f801\\ffff\</origin>
				<translate>システムデータが\f801\破損していたため削除しました\f801\\ffff\</translate>
			</id>
			<id id="58">
				<origin>地図データが\f801\破損していたため削除しました\f801\\ffff\</origin>
				<translate>地図データが\f801\破損していたため削除しました\f801\\ffff\</translate>
			</id>
			<id id="59"/>
			<id id="60"/>
			<id id="61"/>
			<id id="62"/>
			<id id="63"/>
			<id id="64"/>
			<id id="65"/>
			<id id="66"/>
			<id id="67"/>
			<id id="68"/>
			<id id="69"/>
			<id id="70"/>
			<id id="71"/>
			<id id="72"/>
			<id id="73"/>
			<id id="74"/>
			<id id="75"/>
			<id id="76"/>
			<id id="77"/>
			<id id="78"/>
			<id id="79"/>
			<id id="80"/>
			<id id="81"/>
			<id id="82"/>
			<id id="83"/>
			<id id="84"/>
			<id id="85"/>
			<id id="86"/>
			<id id="87"/>
			<id id="88"/>
			<id id="89"/>
			<id id="90"/>
			<id id="91"/>
			<id id="92"/>
			<id id="93"/>
			<id id="94"/>
			<id id="95"/>
			<id id="96"/>
			<id id="97"/>
			<id id="98"/>
			<id id="99"/>
			<id id="100">
				<origin>ＳＤカードを認識できませんでした\f801\\ffff\</origin>
				<translate>ＳＤカードを認識できませんでした\f801\\ffff\</translate>
			</id>
			<id id="101">
				<origin>追加データが破損しています\f801\追加データを作成し直します\f801\\ffff\</origin>
				<translate>追加データが破損しています\f801\追加データを作成し直します\f801\\ffff\</translate>
			</id>
			<id id="102">
				<origin>ＳＤカードを認識できませんでした\f801\\ffff\</origin>
				<translate>ＳＤカードを認識できませんでした\f801\\ffff\</translate>
			</id>
			<id id="103">
				<origin>追加データが破損しています\f801\追加データを作成し直します\f801\\ffff\</origin>
				<translate>追加データが破損しています\f801\追加データを作成し直します\f801\\ffff\</translate>
			</id>
			<id id="104">
				<origin>ＳＤカードを認識できませんでした\f801\\ffff\</origin>
				<translate>ＳＤカードを認識できませんでした\f801\\ffff\</translate>
			</id>
			<id id="105">
				<origin>ＳＤカードが書き込み禁止に\f801\なっています\f801\\ffff\</origin>
				<translate>ＳＤカードが書き込み禁止に\f801\なっています\f801\\ffff\</translate>
			</id>
			<id id="106">
				<origin>ＳＤカードを認識できませんでした\f801\\ffff\</origin>
				<translate>ＳＤカードを認識できませんでした\f801\\ffff\</translate>
			</id>
			<id id="107">
				<origin>世界樹の迷宮シリーズの追加データ\f801\が見つかりません\f801\\f802\世界樹の迷宮シリーズの追加データ\f801\を新規に作成します\f801\\ffff\</origin>
				<translate>世界樹の迷宮シリーズの追加データ\f801\が見つかりません\f801\\f802\世界樹の迷宮シリーズの追加データ\f801\を新規に作成します\f801\\ffff\</translate>
			</id>
			<id id="108">
				<origin>中断セーブデータと\f801\ギルドカードデータに\f801\アクセスできません。\f801\\ffff\</origin>
				<translate>中断セーブデータと\f801\ギルドカードデータに\f801\アクセスできません。\f801\\ffff\</translate>
			</id>
			<id id="109"/>
			<id id="110">
				<origin>追加データを作成しています\f801\※この処理には時間がかかる\f801\場合があります\f801\\ffff\</origin>
				<translate>追加データを作成しています\f801\※この処理には時間がかかる\f801\場合があります\f801\\ffff\</translate>
			</id>
			<id id="111">
				<origin>追加データを作成しました\f801\\ffff\</origin>
				<translate>追加データを作成しました\f801\\ffff\</translate>
			</id>
			<id id="112">
				<origin>ＳＤカードに必要な空き容量が\f801\ありません\f801\追加データの作成に失敗しました\f801\\ffff\</origin>
				<translate>ＳＤカードに必要な空き容量が\f801\ありません\f801\追加データの作成に失敗しました\f801\\ffff\</translate>
			</id>
			<id id="113">
				<origin>エラーが発生し、作成が途中で\f801\中断されました\f801\追加データの作成に失敗しました\f801\\ffff\</origin>
				<translate>エラーが発生し、作成が途中で\f801\中断されました\f801\追加データの作成に失敗しました\f801\\ffff\</translate>
			</id>
			<id id="114">
				<origin>ＳＤカードが書き込み禁止に\f801\なっています\f801\追加データの作成に失敗しました\f801\\ffff\</origin>
				<translate>ＳＤカードが書き込み禁止に\f801\なっています\f801\追加データの作成に失敗しました\f801\\ffff\</translate>
			</id>
			<id id="115">
				<origin>ＳＤカードアクセス中にエラーが\f801\発生しました\f801\追加データの作成に失敗しました\f801\\ffff\</origin>
				<translate>ＳＤカードアクセス中にエラーが\f801\発生しました\f801\追加データの作成に失敗しました\f801\\ffff\</translate>
			</id>
			<id id="116">
				<origin>ＳＤカードの処理に失敗しました\f801\\ffff\</origin>
				<translate>ＳＤカードの処理に失敗しました\f801\\ffff\</translate>
			</id>
			<id id="117">
				<origin>ＳＤカードを認識できませんでした\f801\追加データの作成に失敗しました\f801\\ffff\</origin>
				<translate>ＳＤカードを認識できませんでした\f801\追加データの作成に失敗しました\f801\\ffff\</translate>
			</id>
			<id id="118"/>
			<id id="119"/>
			<id id="120"/>
			<id id="121"/>
			<id id="122"/>
			<id id="123"/>
			<id id="124"/>
			<id id="125"/>
			<id id="126"/>
			<id id="127"/>
			<id id="128"/>
			<id id="129"/>
			<id id="130">
				<origin>ＳＤカードへの書き込みに\f801\失敗しました\f801\\ffff\</origin>
				<translate>ＳＤカードへの書き込みに\f801\失敗しました\f801\\ffff\</translate>
			</id>
			<id id="131">
				<origin>ＳＤカードへの書き込みに\f801\成功しました\f801\\ffff\</origin>
				<translate>ＳＤカードへの書き込みに\f801\成功しました\f801\\ffff\</translate>
			</id>
			<id id="132"/>
			<id id="133">
				<origin>ＳＤカードへの書き込みに\f801\失敗しました\f801\もう一度セーブしてください\f801\\ffff\</origin>
				<translate>ＳＤカードへの書き込みに\f801\失敗しました\f801\もう一度セーブしてください\f801\\ffff\</translate>
			</id>
			<id id="134">
				<origin>ＳＤカードが書き込み禁止に\f801\なっています\f801\\ffff\</origin>
				<translate>ＳＤカードが書き込み禁止に\f801\なっています\f801\\ffff\</translate>
			</id>
			<id id="135">
				<origin>ＳＤカードを認識できませんでした\f801\ＳＤカードへの書き込みに\f801\失敗しました\f801\\ffff\</origin>
				<translate>ＳＤカードを認識できませんでした\f801\ＳＤカードへの書き込みに\f801\失敗しました\f801\\ffff\</translate>
			</id>
			<id id="136">
				<origin>ＳＤカードに必要な空き容量が\f801\ありません。ＳＤカードへの\f801\書き込みに失敗しました\f801\\ffff\</origin>
				<translate>ＳＤカードに必要な空き容量が\f801\ありません。ＳＤカードへの\f801\書き込みに失敗しました\f801\\ffff\</translate>
			</id>
			<id id="137">
				<origin>ＳＤカードを認識できませんでした\f801\ＳＤカードの読み込みに\f801\失敗しました\f801\\ffff\</origin>
				<translate>ＳＤカードを認識できませんでした\f801\ＳＤカードの読み込みに\f801\失敗しました\f801\\ffff\</translate>
			</id>
			<id id="138"/>
			<id id="139"/>
			<id id="140">
				<origin>データがありません\f801\\ffff\</origin>
				<translate>データがありません\f801\\ffff\</translate>
			</id>
			<id id="141">
				<origin>データが破損しています\f801\読み込みに失敗しました\f801\\ffff\</origin>
				<translate>データが破損しています\f801\読み込みに失敗しました\f801\\ffff\</translate>
			</id>
			<id id="142">
				<origin>ＳＤカードのデータが\f801\破損していたため削除しました\f801\\ffff\</origin>
				<translate>ＳＤカードのデータが\f801\破損していたため削除しました\f801\\ffff\</translate>
			</id>
			<id id="143">
				<origin>スロット\f811\\0000\の\f801\ＳＤカードのデータが\f801\破損していたため削除しました\f801\\ffff\</origin>
				<translate>スロット\f811\\0000\の\f801\ＳＤカードのデータが\f801\破損していたため削除しました\f801\\ffff\</translate>
			</id>
			<id id="144">
				<origin>セーブデータが\f801\読み込めませんでした\f801\\ffff\</origin>
				<translate>セーブデータが\f801\読み込めませんでした\f801\\ffff\</translate>
			</id>
			<id id="145">
				<origin>中断データが\f801\破損していたため削除しました\f801\\ffff\</origin>
				<translate>中断データが\f801\破損していたため削除しました\f801\\ffff\</translate>
			</id>
			<id id="146">
				<origin>ギルドカードのセーブデータが\f801\破損していたため削除しました\f801\\ffff\</origin>
				<translate>ギルドカードのセーブデータが\f801\破損していたため削除しました\f801\\ffff\</translate>
			</id>
			<id id="147">
				<origin>スロット\f811\\0000\の\f801\ゲームデータが\f801\破損していたため削除しました\f801\\ffff\</origin>
				<translate>スロット\f811\\0000\の\f801\ゲームデータが\f801\破損していたため削除しました\f801\\ffff\</translate>
			</id>
			<id id="148">
				<origin>スロット\f811\\0000\の\f801\ゲームデータのバックアップが\f801\破損していたため削除しました\f801\\ffff\</origin>
				<translate>スロット\f811\\0000\の\f801\ゲームデータのバックアップが\f801\破損していたため削除しました\f801\\ffff\</translate>
			</id>
			<id id="149"/>
			<id id="150"/>
			<id id="151"/>
			<id id="152">
				<origin>ＳＤカードに書き込んでいます\f801\\ffff\</origin>
				<translate>ＳＤカードに書き込んでいます\f801\\ffff\</translate>
			</id>
			<id id="153">
				<origin>ｐｒｉｖａｔｅ／Ｎｉｎｔｅｎｄｏ ３ＤＳ\f801\／ａｐｐ／ＢＺＭＪ／\f801\にＱＲコードと画像データを出力しました\f801\\ffff\</origin>
				<translate>ｐｒｉｖａｔｅ／Ｎｉｎｔｅｎｄｏ ３ＤＳ\f801\／ａｐｐ／ＢＺＭＪ／\f801\にＱＲコードと画像データを出力しました\f801\\ffff\</translate>
			</id>
			<id id="154"/>
			<id id="155"/>
			<id id="156"/>
			<id id="157"/>
			<id id="158"/>
			<id id="159"/>
			<id id="160">
				<origin>ＳＤカードを認識できませんでした\f801\\ffff\</origin>
				<translate>ＳＤカードを認識できませんでした\f801\\ffff\</translate>
			</id>
			<id id="161">
				<origin>ＳＤカードが書き込み禁止に\f801\なっています\f801\\ffff\</origin>
				<translate>ＳＤカードが書き込み禁止に\f801\なっています\f801\\ffff\</translate>
			</id>
			<id id="162">
				<origin>ＳＤカードに必要な空き容量がありません\f801\ＳＤカードへの書き込みに失敗しました\f801\\ffff\</origin>
				<translate>ＳＤカードに必要な空き容量がありません\f801\ＳＤカードへの書き込みに失敗しました\f801\\ffff\</translate>
			</id>
			<id id="163"/>
			<id id="164"/>
			<id id="165"/>
			<id id="166"/>
			<id id="167"/>
			<id id="168"/>
			<id id="169"/>
			<id id="170">
				<origin>すれちがい通信にデータを\f801\反映しています\f801\\ffff\</origin>
				<translate>すれちがい通信にデータを\f801\反映しています\f801\\ffff\</translate>
			</id>
			<id id="171"/>
			<id id="172"/>
			<id id="173"/>
			<id id="174"/>
			<id id="175"/>
			<id id="176"/>
			<id id="177"/>
			<id id="178"/>
			<id id="179"/>
			<id id="180">
				<origin>体験版のセーブデータが\f801\破損しています\f801\\f802\体験版タイトル画面のオプションで\f801\\f804\\0500\データ初期化\f804\\0000\を\f801\選択しデータを削除して下さい\f801\\ffff\</origin>
				<translate>体験版のセーブデータが\f801\破損しています\f801\\f802\体験版タイトル画面のオプションで\f801\\f804\\0500\データ初期化\f804\\0000\を\f801\選択しデータを削除して下さい\f801\\ffff\</translate>
			</id>
			<id id="181">
				<origin>体験版のデータがありません\f801\\ffff\</origin>
				<translate>体験版のデータがありません\f801\\ffff\</translate>
			</id>
			<id id="182">
				<origin>地図データの読み込みに\f801\失敗しました\f801\\ffff\</origin>
				<translate>地図データの読み込みに\f801\失敗しました\f801\\ffff\</translate>
			</id>
			<id id="183">
				<origin>追加データが壊れています\f801\壊れた追加データはニンテンドー\f801\３ＤＳ本体設定で削除できます\f801\\ffff\</origin>
				<translate>追加データが壊れています\f801\壊れた追加データはニンテンドー\f801\３ＤＳ本体設定で削除できます\f801\\ffff\</translate>
			</id>
			<id id="184">
				<origin>体験版のシステムデータを\f801\読み込めませんでした\f801\\ffff\</origin>
				<translate>体験版のシステムデータを\f801\読み込めませんでした\f801\\ffff\</translate>
			</id>
			<id id="185">
				<origin>体験場のギルドカードデータを\f801\読み込めませんでした\f801\\ffff\</origin>
				<translate>体験場のギルドカードデータを\f801\読み込めませんでした\f801\\ffff\</translate>
			</id>
			<id id="186"/>
			<id id="187"/>
			<id id="188"/>
			<id id="189"/>
			<id id="190">
				<origin>セーブデータの初期化に失敗しました\f801\\ffff\</origin>
				<translate>セーブデータの初期化に失敗しました\f801\\ffff\</translate>
			</id>
			<id id="191">
				<origin>追加データが破損しています\f801\ニンテンドー３ＤＳの本体設定から\f801\追加データを削除してください\f801\\ffff\</origin>
				<translate>追加データが破損しています\f801\ニンテンドー３ＤＳの本体設定から\f801\追加データを削除してください\f801\\ffff\</translate>
			</id>
			<id id="192"/>
			<id id="193"/>
			<id id="194"/>
			<id id="195"/>
			<id id="196"/>
			<id id="197"/>
			<id id="198"/>
			<id id="199"/>
			<id id="200"/>
			<id id="201"/>
			<id id="202"/>
			<id id="203"/>
			<id id="204"/>
			<id id="205"/>
			<id id="206"/>
			<id id="207"/>
			<id id="208"/>
			<id id="209"/>
			<id id="210">
				<origin>ゲームデータをバックアップ\f801\しています\f801\\ffff\</origin>
				<translate>ゲームデータをバックアップ\f801\しています\f801\\ffff\</translate>
			</id>
			<id id="211">
				<origin>システムデータを\f801\セーブしています\f801\\ffff\</origin>
				<translate>システムデータを\f801\セーブしています\f801\\ffff\</translate>
			</id>
			<id id="212">
				<origin>漢字変換学習辞書を\f801\セーブしています\f801\\ffff\</origin>
				<translate>漢字変換学習辞書を\f801\セーブしています\f801\\ffff\</translate>
			</id>
			<id id="213"/>
			<id id="214"/>
			<id id="215"/>
			<id id="216"/>
			<id id="217"/>
			<id id="218"/>
			<id id="219"/>
			<id id="220">
				<origin>『新・世界樹の迷宮 ミレニアムの少女』の\f801\データを読み込んでいます\f801\\ffff\</origin>
				<translate>『新・世界樹の迷宮 ミレニアムの少女』の\f801\データを読み込んでいます\f801\\ffff\</translate>
			</id>
			<id id="221">
				<origin>『新・世界樹の迷宮 ミレニアムの少女』の\f801\データの読み込みに失敗しました\f801\\f802\『新・世界樹の迷宮 ミレニアムの少女』の\f801\ギルドハウスにて\f804\\0500\各種データ設定\f804\\0000\の\f801\\f804\\0500\追加データ出力\f804\\0000\を行ってください\f801\\ffff\</origin>
				<translate>『新・世界樹の迷宮 ミレニアムの少女』の\f801\データの読み込みに失敗しました\f801\\f802\『新・世界樹の迷宮 ミレニアムの少女』の\f801\ギルドハウスにて\f804\\0500\各種データ設定\f804\\0000\の\f801\\f804\\0500\追加データ出力\f804\\0000\を行ってください\f801\\ffff\</translate>
			</id>
			<id id="222">
				<origin>『新・世界樹の迷宮 ミレニアムの少女』の\f801\データがＳＤカードに見つかりません\f801\\f802\「新・世界樹の迷宮 ミレニアムの少女」の\f801\ギルドハウスにて\f804\\0500\各種データ設定\f804\\0000\の\f801\\f804\\0500\追加データ出力\f804\\0000\を行ってください\f801\\ffff\</origin>
				<translate>『新・世界樹の迷宮 ミレニアムの少女』の\f801\データがＳＤカードに見つかりません\f801\\f802\「新・世界樹の迷宮 ミレニアムの少女」の\f801\ギルドハウスにて\f804\\0500\各種データ設定\f804\\0000\の\f801\\f804\\0500\追加データ出力\f804\\0000\を行ってください\f801\\ffff\</translate>
			</id>
			<id id="223">
				<origin>『新・世界樹の迷宮 ミレニアムの少女』の\f801\データが破損していたため\f801\削除しました\f801\\f802\『新・世界樹の迷宮 ミレニアムの少女』の\f801\ギルドハウスにて\f804\\0500\各種データ設定\f804\\0000\の\f801\\f804\\0500\追加データ出力\f804\\0000\を行ってください\f801\\ffff\</origin>
				<translate>『新・世界樹の迷宮 ミレニアムの少女』の\f801\データが破損していたため\f801\削除しました\f801\\f802\『新・世界樹の迷宮 ミレニアムの少女』の\f801\ギルドハウスにて\f804\\0500\各種データ設定\f804\\0000\の\f801\\f804\\0500\追加データ出力\f804\\0000\を行ってください\f801\\ffff\</translate>
			</id>
		</body>
	</mbm>
