<?xml version="1.0" encoding="UTF-8"?>
	<mbm>
		<head>000000004d53473200000100</head>
		<size>800d0000</size>
		<number>88000000</number>
		<j>200000000000000000000000</j>
		<body>
			<id id="0">
				<origin>遺跡を探索する君たちは、通路の端に\f801\落ちている茶色く丸いものを見つける。\f801\\f802\それは微かな香りを放っている。\f801\その香りは果実のもののようだ。\f801\\f802\見る限りみずみずしさはなく、乾燥して\f801\茶色く変色しているようだ。\f801\\f802\君たちはこの実を手にすることもできる。\f801\\ffff\</origin>
				<translate>遺跡を探索する君たちは、通路の端に\f801\落ちている茶色く丸いものを見つける。\f801\\f802\それは微かな香りを放っている。\f801\その香りは果実のもののようだ。\f801\\f802\見る限りみずみずしさはなく、乾燥して\f801\茶色く変色しているようだ。\f801\\f802\君たちはこの実を手にすることもできる。\f801\\ffff\</translate>
			</id>
			<id id="1"/>
			<id id="2"/>
			<id id="3">
				<origin>\f804\\0500\どうしますか？\f804\\0000\\f801\拾う\f801\立ち去る\f801\\ffff\</origin>
				<translate>\f804\\0500\どうしますか？\f804\\0000\\f801\拾う\f801\立ち去る\f801\\ffff\</translate>
			</id>
			<id id="4"/>
			<id id="5"/>
			<id id="6">
				<origin>君たちは落ちている乾いた実を\f801\手に取ってみる。\f801\\f802\振ってみると、乾燥し縮んだ実が\f801\殻の中でコロコロと音を立てる。\f801\\f802\君たちがその殻を割ってみると、\f801\水分が抜け、濃い茶色をした実が\f801\姿を現す。\f801\\f802\自然に乾燥したものだが、\f801\腐っている様子はない。\f801\\f802\リュウガンの実を乾燥させて作る\f801\\f804\\0500\ストナード\f804\\0000\が天然で出来たものだ。\f801\君たちはこの実を持ち帰ることにする。\f801\\ffff\</origin>
				<translate>君たちは落ちている乾いた実を\f801\手に取ってみる。\f801\\f802\振ってみると、乾燥し縮んだ実が\f801\殻の中でコロコロと音を立てる。\f801\\f802\君たちがその殻を割ってみると、\f801\水分が抜け、濃い茶色をした実が\f801\姿を現す。\f801\\f802\自然に乾燥したものだが、\f801\腐っている様子はない。\f801\\f802\リュウガンの実を乾燥させて作る\f801\\f804\\0500\ストナード\f804\\0000\が天然で出来たものだ。\f801\君たちはこの実を持ち帰ることにする。\f801\\ffff\</translate>
			</id>
			<id id="7"/>
			<id id="8"/>
			<id id="9">
				<origin>天然ストナード\f801\\ffff\</origin>
				<translate>天然ストナード\f801\\ffff\</translate>
			</id>
			<id id="10"/>
			<id id="11"/>
			<id id="12">
				<origin>遺跡を探索していた君たちは\f801\自然に乾燥したリュウガンの実の\f801\殻を割り、中のストナードを手に\f801\入れることができた。\f801\\ffff\</origin>
				<translate>遺跡を探索していた君たちは\f801\自然に乾燥したリュウガンの実の\f801\殻を割り、中のストナードを手に\f801\入れることができた。\f801\\ffff\</translate>
			</id>
			<id id="13"/>
			<id id="14"/>
			<id id="15">
				<origin>今は先を急ぐべきだ。\f801\君たちはこの場を立ち去ることにする。\f801\\ffff\</origin>
				<translate>今は先を急ぐべきだ。\f801\君たちはこの場を立ち去ることにする。\f801\\ffff\</translate>
			</id>
			<id id="16"/>
			<id id="17"/>
			<id id="18"/>
			<id id="19"/>
			<id id="20"/>
			<id id="21"/>
			<id id="22"/>
			<id id="23"/>
			<id id="24"/>
			<id id="25"/>
			<id id="26"/>
			<id id="27"/>
			<id id="28"/>
			<id id="29"/>
			<id id="30"/>
			<id id="31"/>
			<id id="32"/>
			<id id="33"/>
			<id id="34"/>
			<id id="35"/>
			<id id="36"/>
			<id id="37"/>
			<id id="38"/>
			<id id="39"/>
			<id id="40"/>
			<id id="41"/>
			<id id="42"/>
			<id id="43"/>
			<id id="44"/>
			<id id="45"/>
			<id id="46"/>
			<id id="47"/>
			<id id="48"/>
			<id id="49"/>
			<id id="50">
				<origin>遺跡を探索する君たちは、四方の開けた\f801\広場のような場所に出る。\f801\\f802\その広場の中央に、１本の水筒が\f801\落ちているのが見える。\f801\\f802\君たちは水筒に近づき持ち上げ、\f801\振ってみると、中から液体の音がする。\f801\どうやら中身は残っているようだ。\f801\\f802\君たちは水筒の中身を飲んでもいい。\f801\\ffff\</origin>
				<translate>遺跡を探索する君たちは、四方の開けた\f801\広場のような場所に出る。\f801\\f802\その広場の中央に、１本の水筒が\f801\落ちているのが見える。\f801\\f802\君たちは水筒に近づき持ち上げ、\f801\振ってみると、中から液体の音がする。\f801\どうやら中身は残っているようだ。\f801\\f802\君たちは水筒の中身を飲んでもいい。\f801\\ffff\</translate>
			</id>
			<id id="51"/>
			<id id="52"/>
			<id id="53">
				<origin>\f804\\0500\どうしますか？\f804\\0000\\f801\飲む\f801\立ち去る\f801\\ffff\</origin>
				<translate>\f804\\0500\どうしますか？\f804\\0000\\f801\飲む\f801\立ち去る\f801\\ffff\</translate>
			</id>
			<id id="54"/>
			<id id="55"/>
			<id id="56">
				<origin>君たちは水筒の蓋を開け、\f801\コップに中の液体を注ぐ。\f801\\f802\中身はただの水ではないのか、\f801\水筒の匂いが移ったのか、\f801\妙な臭いがする。\f801\\f802\それでも君たちはそれに口をつけてみる。\f801\\f802\毒ではないようだが、なにやら危険な味が\f801\口に広がる。\f801\\f802\まずい！\f801\君たちは口に残った液体を吐き出すが、\f801\少しだけ飲み込んでしまった。\f801\\f802\直後に襲ってくる腹痛！\f801\額には冷や汗が吹き出てくる！\f801\\ffff\</origin>
				<translate>君たちは水筒の蓋を開け、\f801\コップに中の液体を注ぐ。\f801\\f802\中身はただの水ではないのか、\f801\水筒の匂いが移ったのか、\f801\妙な臭いがする。\f801\\f802\それでも君たちはそれに口をつけてみる。\f801\\f802\毒ではないようだが、なにやら危険な味が\f801\口に広がる。\f801\\f802\まずい！\f801\君たちは口に残った液体を吐き出すが、\f801\少しだけ飲み込んでしまった。\f801\\f802\直後に襲ってくる腹痛！\f801\額には冷や汗が吹き出てくる！\f801\\ffff\</translate>
			</id>
			<id id="57"/>
			<id id="58"/>
			<id id="59">
				<origin>\f804\\0500\テリアカβを使いますか？\f804\\0000\\f801\使う\f801\耐える\f801\\ffff\</origin>
				<translate>\f804\\0500\テリアカβを使いますか？\f804\\0000\\f801\使う\f801\耐える\f801\\ffff\</translate>
			</id>
			<id id="60"/>
			<id id="61"/>
			<id id="62">
				<origin>君たちはテリアカβを服用することで、\f801\体調不良を回復させる。\f801\\f802\テリアカβを飲まなかったら、\f801\腹痛に体力を消耗していただろう。\f801\\ffff\</origin>
				<translate>君たちはテリアカβを服用することで、\f801\体調不良を回復させる。\f801\\f802\テリアカβを飲まなかったら、\f801\腹痛に体力を消耗していただろう。\f801\\ffff\</translate>
			</id>
			<id id="63"/>
			<id id="64"/>
			<id id="65">
				<origin>腹痛の痛みが、君たちの体力を\f801\容赦なく奪っていく…。\f801\\f802\しばらくして腹痛は収まったが、\f801\君たちはかなりの体力を消耗させて\f801\しまった。\f801\\ffff\</origin>
				<translate>腹痛の痛みが、君たちの体力を\f801\容赦なく奪っていく…。\f801\\f802\しばらくして腹痛は収まったが、\f801\君たちはかなりの体力を消耗させて\f801\しまった。\f801\\ffff\</translate>
			</id>
			<id id="66"/>
			<id id="67"/>
			<id id="68">
				<origin>いつから放ってあったのかわからない\f801\水筒の水を飲むのはさすがに無謀だった。\f801\\f802\初歩的なミスを悔いつつ、\f801\君たちは遺跡の探索に戻ることにする。\f801\\ffff\</origin>
				<translate>いつから放ってあったのかわからない\f801\水筒の水を飲むのはさすがに無謀だった。\f801\\f802\初歩的なミスを悔いつつ、\f801\君たちは遺跡の探索に戻ることにする。\f801\\ffff\</translate>
			</id>
			<id id="69"/>
			<id id="70"/>
			<id id="71">
				<origin>水筒の腐った水\f801\\ffff\</origin>
				<translate>水筒の腐った水\f801\\ffff\</translate>
			</id>
			<id id="72"/>
			<id id="73"/>
			<id id="74">
				<origin>遺跡を探索していた君たちは\f801\広場に落ちている水筒を見つけ\f801\中の液体を飲んで、腹痛に\f801\苦しむことになってしまった。\f801\\ffff\</origin>
				<translate>遺跡を探索していた君たちは\f801\広場に落ちている水筒を見つけ\f801\中の液体を飲んで、腹痛に\f801\苦しむことになってしまった。\f801\\ffff\</translate>
			</id>
			<id id="75"/>
			<id id="76"/>
			<id id="77">
				<origin>今は先を急ぐべきだ。\f801\君たちはこの場を立ち去ることにする。\f801\\ffff\</origin>
				<translate>今は先を急ぐべきだ。\f801\君たちはこの場を立ち去ることにする。\f801\\ffff\</translate>
			</id>
			<id id="78"/>
			<id id="79"/>
			<id id="80"/>
			<id id="81"/>
			<id id="82"/>
			<id id="83"/>
			<id id="84"/>
			<id id="85"/>
			<id id="86"/>
			<id id="87"/>
			<id id="88"/>
			<id id="89"/>
			<id id="90"/>
			<id id="91"/>
			<id id="92"/>
			<id id="93"/>
			<id id="94"/>
			<id id="95"/>
			<id id="96"/>
			<id id="97"/>
			<id id="98"/>
			<id id="99"/>
			<id id="100">
				<origin>遺跡を探索する君たちは、四方の開けた\f801\広場のような場所に出る。\f801\\f802\この遺跡に足を踏み入れてから、\f801\周囲に満ちる気が重く感じる。\f801\それは君たちにかかる重圧だろうか？\f801\\f802\君たちはこの場を利用して休んでもいい。\f801\\ffff\</origin>
				<translate>遺跡を探索する君たちは、四方の開けた\f801\広場のような場所に出る。\f801\\f802\この遺跡に足を踏み入れてから、\f801\周囲に満ちる気が重く感じる。\f801\それは君たちにかかる重圧だろうか？\f801\\f802\君たちはこの場を利用して休んでもいい。\f801\\ffff\</translate>
			</id>
			<id id="101"/>
			<id id="102"/>
			<id id="103">
				<origin>\f804\\0500\どうしますか？\f804\\0000\\f801\休む\f801\立ち去る\f801\\ffff\</origin>
				<translate>\f804\\0500\どうしますか？\f804\\0000\\f801\休む\f801\立ち去る\f801\\ffff\</translate>
			</id>
			<id id="104"/>
			<id id="105"/>
			<id id="106">
				<origin>休める時に休んでおくのは当然だ。\f801\君たちは荷物を降ろし、\f801\ここで休むことにする。\f801\\ffff\</origin>
				<translate>休める時に休んでおくのは当然だ。\f801\君たちは荷物を降ろし、\f801\ここで休むことにする。\f801\\ffff\</translate>
			</id>
			<id id="107">
				<origin>だが周囲に満ちる怪しい雰囲気のせいで\f801\君たちに近づく魔物の存在に気づくのが\f801\遅れてしまう！\f801\\f802\先制されたのは仕方がない！\f801\急いで戦う準備をして、応戦したまえ！\f801\\ffff\</origin>
				<translate>だが周囲に満ちる怪しい雰囲気のせいで\f801\君たちに近づく魔物の存在に気づくのが\f801\遅れてしまう！\f801\\f802\先制されたのは仕方がない！\f801\急いで戦う準備をして、応戦したまえ！\f801\\ffff\</translate>
			</id>
			<id id="108"/>
			<id id="109">
				<origin>今は先を急ぐべきだ。\f801\君たちはこの場を立ち去ることにする。\f801\\ffff\</origin>
				<translate>今は先を急ぐべきだ。\f801\君たちはこの場を立ち去ることにする。\f801\\ffff\</translate>
			</id>
			<id id="110"/>
			<id id="111"/>
			<id id="112"/>
			<id id="113"/>
			<id id="114"/>
			<id id="115"/>
			<id id="116"/>
			<id id="117"/>
			<id id="118"/>
			<id id="119"/>
			<id id="120"/>
			<id id="121"/>
			<id id="122"/>
			<id id="123"/>
			<id id="124"/>
			<id id="125"/>
			<id id="126"/>
			<id id="127"/>
			<id id="128"/>
			<id id="129"/>
			<id id="130">
				<origin>魔物の不意打ちを、君たちはなんとか\f801\退けることに成功する。\f801\\f802\休息する時も気を抜けない状況になった。\f801\君たちはこの遺跡の危険性を改めて感じ、\f801\遺跡の探索に戻ることにする。\f801\\ffff\</origin>
				<translate>魔物の不意打ちを、君たちはなんとか\f801\退けることに成功する。\f801\\f802\休息する時も気を抜けない状況になった。\f801\君たちはこの遺跡の危険性を改めて感じ、\f801\遺跡の探索に戻ることにする。\f801\\ffff\</translate>
			</id>
			<id id="131"/>
			<id id="132"/>
			<id id="133">
				<origin>不意打ちの魔物\f801\\ffff\</origin>
				<translate>不意打ちの魔物\f801\\ffff\</translate>
			</id>
			<id id="134"/>
			<id id="135"/>
			<id id="136">
				<origin>遺跡を探索していた君たちは\f801\広場のようなところで休息を\f801\取ろうとしたが、そこを魔物に\f801\襲われ戦いになった。\f801\\ffff\</origin>
				<translate>遺跡を探索していた君たちは\f801\広場のようなところで休息を\f801\取ろうとしたが、そこを魔物に\f801\襲われ戦いになった。\f801\\ffff\</translate>
			</id>
		</body>
	</mbm>
