<?xml version="1.0" encoding="UTF-8"?>
	<mbm>
		<head>000000004d53473200000100</head>
		<size>4e350000</size>
		<number>d0070000</number>
		<j>200000000000000000000000</j>
		<body>
			<id id="0">
				<origin>\f812\？？？\0000\「た、食べないでくださいぃ！」\f801\\ffff\</origin>
				<translate>\f812\？？？\0000\「た、食べないでくださいぃ！」\f801\\ffff\</translate>
			</id>
			<id id="1">
				<origin>君たちが樹海を進んでいると、\f801\前方から女性の悲鳴がする！\f801\君たちの間に緊張が走る！\f801\\f802\声のする方に急ぐと、\f801\そこには魔物に襲われている\f801\女性の冒険者がいる！\f801\\f802\君たちが武器を手に魔物に向かうと\f801\その魔物は女性のカバンを咥えて\f801\逃げていく！\f801\\ffff\</origin>
				<translate>君たちが樹海を進んでいると、\f801\前方から女性の悲鳴がする！\f801\君たちの間に緊張が走る！\f801\\f802\声のする方に急ぐと、\f801\そこには魔物に襲われている\f801\女性の冒険者がいる！\f801\\f802\君たちが武器を手に魔物に向かうと\f801\その魔物は女性のカバンを咥えて\f801\逃げていく！\f801\\ffff\</translate>
			</id>
			<id id="2">
				<origin>\f812\女冒険者\0000\「ああっ！？\f801\私のカバンがっ！」\f801\\ffff\</origin>
				<translate>\f812\女冒険者\0000\「ああっ！？\f801\私のカバンがっ！」\f801\\ffff\</translate>
			</id>
			<id id="3">
				<origin>君たちは魔物が去ったのを確認し、\f801\冒険者の女性に駆け寄る。\f801\どうやらケガはないようだ。\f801\\ffff\</origin>
				<translate>君たちは魔物が去ったのを確認し、\f801\冒険者の女性に駆け寄る。\f801\どうやらケガはないようだ。\f801\\ffff\</translate>
			</id>
			<id id="4">
				<origin>\f812\女冒険者\0000\「カバンが……、\f801\私のカバンが……」\f801\\f802\「……あ、いえ、その……。\f801\助けていただいて、\f801\ありがとうございました」\f801\\f802\「おかげで、命は助かりました。\f801\そう……命は……。\f801\でもカバンが……」\f801\\ffff\</origin>
				<translate>\f812\女冒険者\0000\「カバンが……、\f801\私のカバンが……」\f801\\f802\「……あ、いえ、その……。\f801\助けていただいて、\f801\ありがとうございました」\f801\\f802\「おかげで、命は助かりました。\f801\そう……命は……。\f801\でもカバンが……」\f801\\ffff\</translate>
			</id>
			<id id="5">
				<origin>彼女はカバンを奪われたことを\f801\気にしているようだ。\f801\\ffff\</origin>
				<translate>彼女はカバンを奪われたことを\f801\気にしているようだ。\f801\\ffff\</translate>
			</id>
			<id id="6">
				<origin>\f812\女冒険者\0000\「あの！\f801\助けていただいた上に、\f801\こんなことを言うのは失礼ですが……」\f801\\f802\「あのカバンを取り戻して\f801\もらえないでしょうか？」\f801\\ffff\</origin>
				<translate>\f812\女冒険者\0000\「あの！\f801\助けていただいた上に、\f801\こんなことを言うのは失礼ですが……」\f801\\f802\「あのカバンを取り戻して\f801\もらえないでしょうか？」\f801\\ffff\</translate>
			</id>
			<id id="7">
				<origin>\f804\\0500\どうしますか？\f804\\0000\\f801\魔物を追ってカバンを取り戻す\f801\協力はできないと断る\f801\\ffff\</origin>
				<translate>\f804\\0500\どうしますか？\f804\\0000\\f801\魔物を追ってカバンを取り戻す\f801\協力はできないと断る\f801\\ffff\</translate>
			</id>
			<id id="8"/>
			<id id="9"/>
			<id id="10"/>
			<id id="11"/>
			<id id="12"/>
			<id id="13"/>
			<id id="14"/>
			<id id="15">
				<origin>\f812\女冒険者\0000\「本当ですかぁ！\f801\ありがとうございますぅ！」\f801\\f802\「魔物は、あっちに行きました！\f801\よろしくお願いします！」\f801\\ffff\</origin>
				<translate>\f812\女冒険者\0000\「本当ですかぁ！\f801\ありがとうございますぅ！」\f801\\f802\「魔物は、あっちに行きました！\f801\よろしくお願いします！」\f801\\ffff\</translate>
			</id>
			<id id="16">
				<origin>君たちは逃げた魔物を追って\f801\西に進むことにする。\f801\\ffff\</origin>
				<translate>君たちは逃げた魔物を追って\f801\西に進むことにする。\f801\\ffff\</translate>
			</id>
			<id id="17">
				<origin>魔物を追った君たちは\f801\すぐにＴ字路に行き当たる。\f801\\ffff\</origin>
				<translate>魔物を追った君たちは\f801\すぐにＴ字路に行き当たる。\f801\\ffff\</translate>
			</id>
			<id id="18">
				<origin>魔物が去ったのは\f801\「北」だろうか？\f801\\ffff\</origin>
				<translate>魔物が去ったのは\f801\「北」だろうか？\f801\\ffff\</translate>
			</id>
			<id id="19">
				<origin>それとも「南」に去ったのだろうか？\f801\\ffff\</origin>
				<translate>それとも「南」に去ったのだろうか？\f801\\ffff\</translate>
			</id>
			<id id="20">
				<origin>先の茂みに魔物を追い詰められれば、\f801\先手を取ってこちらから攻撃できるだろう。\f801\\f802\しかしもし逆を選んでしまったのなら、\f801\君たちは背後から魔物の奇襲を\f801\受けることになるだろう。\f801\\f802\どちらの茂みも見たところ変わりはない。\f801\君たちの直感が試されるときだ！\f801\\ffff\</origin>
				<translate>先の茂みに魔物を追い詰められれば、\f801\先手を取ってこちらから攻撃できるだろう。\f801\\f802\しかしもし逆を選んでしまったのなら、\f801\君たちは背後から魔物の奇襲を\f801\受けることになるだろう。\f801\\f802\どちらの茂みも見たところ変わりはない。\f801\君たちの直感が試されるときだ！\f801\\ffff\</translate>
			</id>
			<id id="21"/>
			<id id="22"/>
			<id id="23"/>
			<id id="24"/>
			<id id="25">
				<origin>\f812\女冒険者\0000\「うぅ……、\f801\やっぱりダメですかぁ……」\f801\\f802\「わかりました。\f801\助けていただけただけでも、感謝します」\f801\\ffff\</origin>
				<translate>\f812\女冒険者\0000\「うぅ……、\f801\やっぱりダメですかぁ……」\f801\\f802\「わかりました。\f801\助けていただけただけでも、感謝します」\f801\\ffff\</translate>
			</id>
			<id id="26">
				<origin>彼女が去るのを見送ってから、\f801\君たちも探索に戻ることにする。\f801\\ffff\</origin>
				<translate>彼女が去るのを見送ってから、\f801\君たちも探索に戻ることにする。\f801\\ffff\</translate>
			</id>
			<id id="27"/>
			<id id="28"/>
			<id id="29"/>
			<id id="30">
				<origin>\f804\\0500\どうしますか？\f804\\0000\\f801\北の茂みに向かう\f801\南の茂みに向かう\f801\\ffff\</origin>
				<translate>\f804\\0500\どうしますか？\f804\\0000\\f801\北の茂みに向かう\f801\南の茂みに向かう\f801\\ffff\</translate>
			</id>
			<id id="31"/>
			<id id="32"/>
			<id id="33"/>
			<id id="34"/>
			<id id="35">
				<origin>君たちは思い切って茂みに飛び込む！\f801\\f802\すると先ほどの魔物が唸りながら\f801\カバンを咥え、\f801\振り回しているところだった！\f801\\f802\魔物の背後を突いた君たちは、\f801\武器を手に挑みかかる！\f801\\ffff\</origin>
				<translate>君たちは思い切って茂みに飛び込む！\f801\\f802\すると先ほどの魔物が唸りながら\f801\カバンを咥え、\f801\振り回しているところだった！\f801\\f802\魔物の背後を突いた君たちは、\f801\武器を手に挑みかかる！\f801\\ffff\</translate>
			</id>
			<id id="36">
				<origin>君たちは思い切って茂みに飛び込む！\f801\\ffff\</origin>
				<translate>君たちは思い切って茂みに飛び込む！\f801\\ffff\</translate>
			</id>
			<id id="37">
				<origin>しかし、そこに魔物の姿はない！\f801\どうやら魔物は反対側の茂みに\f801\いたようだ！\f801\\f802\君たちが選択を間違えたことを悟り\f801\戻ろうとした瞬間、物音を聞きつけた魔物が\f801\君たちの背後から襲いかかる！\f801\\ffff\</origin>
				<translate>しかし、そこに魔物の姿はない！\f801\どうやら魔物は反対側の茂みに\f801\いたようだ！\f801\\f802\君たちが選択を間違えたことを悟り\f801\戻ろうとした瞬間、物音を聞きつけた魔物が\f801\君たちの背後から襲いかかる！\f801\\ffff\</translate>
			</id>
			<id id="38"/>
			<id id="39"/>
			<id id="40">
				<origin>君たちは魔物を倒し、\f801\奪われたカバンの奪還に成功する！\f801\\f802\君たちは依頼を完了するため、\f801\カバンを持って依頼人の元へ急いだ。\f801\\ffff\</origin>
				<translate>君たちは魔物を倒し、\f801\奪われたカバンの奪還に成功する！\f801\\f802\君たちは依頼を完了するため、\f801\カバンを持って依頼人の元へ急いだ。\f801\\ffff\</translate>
			</id>
			<id id="41">
				<origin>君たちは魔物を倒すことができた。\f801\だが魔物はカバンを持っていなかった。\f801\\f802\魔物が向かってきた方の茂みに\f801\あるのだろうか？\f801\君たちは慎重に逆側の茂みに向かう。\f801\\ffff\</origin>
				<translate>君たちは魔物を倒すことができた。\f801\だが魔物はカバンを持っていなかった。\f801\\f802\魔物が向かってきた方の茂みに\f801\あるのだろうか？\f801\君たちは慎重に逆側の茂みに向かう。\f801\\ffff\</translate>
			</id>
			<id id="42">
				<origin>茂みに踏み入り見渡すと、\f801\無事にカバンを発見することができた。\f801\\f802\君たちは依頼を完了するため、\f801\カバンを持って依頼人の元へ急いだ。\f801\\ffff\</origin>
				<translate>茂みに踏み入り見渡すと、\f801\無事にカバンを発見することができた。\f801\\f802\君たちは依頼を完了するため、\f801\カバンを持って依頼人の元へ急いだ。\f801\\ffff\</translate>
			</id>
			<id id="43">
				<origin>\f812\女冒険者\0000\「あ、みなさん…！\f801\どうでしたか？」\f801\\f802\「ああ、それは！\f801\……そうです、私のカバンですぅ！\f801\本当にありがとうございます！」\f801\\f802\「これはお礼です！\f801\よかったら受け取ってください！」\f801\\ffff\</origin>
				<translate>\f812\女冒険者\0000\「あ、みなさん…！\f801\どうでしたか？」\f801\\f802\「ああ、それは！\f801\……そうです、私のカバンですぅ！\f801\本当にありがとうございます！」\f801\\f802\「これはお礼です！\f801\よかったら受け取ってください！」\f801\\ffff\</translate>
			</id>
			<id id="44">
				<origin>\f812\女冒険者\0000\「では、私は戻ります。\f801\みなさん、お気をつけて！」\f801\\ffff\</origin>
				<translate>\f812\女冒険者\0000\「では、私は戻ります。\f801\みなさん、お気をつけて！」\f801\\ffff\</translate>
			</id>
			<id id="45">
				<origin>彼女が去るのを見送ってから、\f801\君たちも探索に戻ることにする。\f801\\ffff\</origin>
				<translate>彼女が去るのを見送ってから、\f801\君たちも探索に戻ることにする。\f801\\ffff\</translate>
			</id>
			<id id="46">
				<origin>カバンの奪還\f801\\ffff\</origin>
				<translate>カバンの奪還\f801\\ffff\</translate>
			</id>
			<id id="47">
				<origin>樹海を探索していた君たちは\f801\女性の冒険者が持ち去られた\f801\カバンを魔物から奪還した。\f801\\ffff\</origin>
				<translate>樹海を探索していた君たちは\f801\女性の冒険者が持ち去られた\f801\カバンを魔物から奪還した。\f801\\ffff\</translate>
			</id>
			<id id="48"/>
			<id id="49"/>
			<id id="50">
				<origin>樹海を探索していた君たちは、\f801\行き止まりに小さな池を見つける。\f801\\f802\水底から清水が湧き出す様子さえ\f801\見えるほどの澄んだ池だ。\f801\\f802\この清水で汗を流せば、\f801\さぞ心地よいことだろう。\f801\\f802\君たちはここで休憩し、\f801\汗を流していくこともできる。\f801\\ffff\</origin>
				<translate>樹海を探索していた君たちは、\f801\行き止まりに小さな池を見つける。\f801\\f802\水底から清水が湧き出す様子さえ\f801\見えるほどの澄んだ池だ。\f801\\f802\この清水で汗を流せば、\f801\さぞ心地よいことだろう。\f801\\f802\君たちはここで休憩し、\f801\汗を流していくこともできる。\f801\\ffff\</translate>
			</id>
			<id id="51">
				<origin>君たちは再び清水の湧き出す池を訪れた。\f801\この清水で汗を流せば、\f801\さぞ心地よいことだろう。\f801\\f802\君たちはここで休憩し、\f801\汗を流していくこともできる。\f801\\ffff\</origin>
				<translate>君たちは再び清水の湧き出す池を訪れた。\f801\この清水で汗を流せば、\f801\さぞ心地よいことだろう。\f801\\f802\君たちはここで休憩し、\f801\汗を流していくこともできる。\f801\\ffff\</translate>
			</id>
			<id id="52">
				<origin>君たちは再び清水の湧き出す池を訪れた。\f801\しかし、すでに汗を流しており、\f801\今はこの池を使う必要はなさそうだ。\f801\\f802\この池を利用したいのならば、\f801\日を改めてから来るべきだろう。\f801\\ffff\</origin>
				<translate>君たちは再び清水の湧き出す池を訪れた。\f801\しかし、すでに汗を流しており、\f801\今はこの池を使う必要はなさそうだ。\f801\\f802\この池を利用したいのならば、\f801\日を改めてから来るべきだろう。\f801\\ffff\</translate>
			</id>
			<id id="53">
				<origin>\f804\\0500\どうしますか？\f804\\0000\\f801\休んでいく\f801\やめておく\f801\\ffff\</origin>
				<translate>\f804\\0500\どうしますか？\f804\\0000\\f801\休んでいく\f801\やめておく\f801\\ffff\</translate>
			</id>
			<id id="54">
				<origin>君たちは池の畔に腰を下ろし、\f801\清水で顔を洗ったり、手持ちの布を濡らして\f801\身体の汗を拭う。\f801\\f802\心地よく、疲れが取れるようだ！\f801\\ffff\</origin>
				<translate>君たちは池の畔に腰を下ろし、\f801\清水で顔を洗ったり、手持ちの布を濡らして\f801\身体の汗を拭う。\f801\\f802\心地よく、疲れが取れるようだ！\f801\\ffff\</translate>
			</id>
			<id id="55">
				<origin>一息ついた君たちは、\f801\再び樹海の探索に戻ることにする。\f801\\f802\また汗を流したくなったのなら、\f801\日をおいて訪れると良いだろう。\f801\\ffff\</origin>
				<translate>一息ついた君たちは、\f801\再び樹海の探索に戻ることにする。\f801\\f802\また汗を流したくなったのなら、\f801\日をおいて訪れると良いだろう。\f801\\ffff\</translate>
			</id>
			<id id="56">
				<origin>ここで休む必要を感じなかった君たちは、\f801\今はこの場を立ち去ることにする。\f801\\ffff\</origin>
				<translate>ここで休む必要を感じなかった君たちは、\f801\今はこの場を立ち去ることにする。\f801\\ffff\</translate>
			</id>
			<id id="57"/>
			<id id="58"/>
			<id id="59"/>
			<id id="60"/>
			<id id="61"/>
			<id id="62"/>
			<id id="63"/>
			<id id="64"/>
			<id id="65"/>
			<id id="66"/>
			<id id="67"/>
			<id id="68"/>
			<id id="69"/>
			<id id="70"/>
			<id id="71"/>
			<id id="72"/>
			<id id="73"/>
			<id id="74"/>
			<id id="75"/>
			<id id="76"/>
			<id id="77"/>
			<id id="78"/>
			<id id="79"/>
			<id id="80"/>
			<id id="81"/>
			<id id="82"/>
			<id id="83"/>
			<id id="84"/>
			<id id="85"/>
			<id id="86"/>
			<id id="87"/>
			<id id="88"/>
			<id id="89"/>
			<id id="90"/>
			<id id="91"/>
			<id id="92"/>
			<id id="93"/>
			<id id="94"/>
			<id id="95"/>
			<id id="96"/>
			<id id="97"/>
			<id id="98"/>
			<id id="99"/>
			<id id="100">
				<origin>君たちは樹海の探索中に、\f801\とある川辺に出る。\f801\\f802\その川辺には平らな小石が転がっている。\f801\それを見ていると水切りという遊びを\f801\思い出す。\f801\\f802\君たちは今は探索を忘れ、\f801\遊びに興じてもいい。\f801\\ffff\</origin>
				<translate>君たちは樹海の探索中に、\f801\とある川辺に出る。\f801\\f802\その川辺には平らな小石が転がっている。\f801\それを見ていると水切りという遊びを\f801\思い出す。\f801\\f802\君たちは今は探索を忘れ、\f801\遊びに興じてもいい。\f801\\ffff\</translate>
			</id>
			<id id="101">
				<origin>\f804\\0500\どうしますか？\f804\\0000\\f801\遊んでいく\f801\探索に戻る\f801\\ffff\</origin>
				<translate>\f804\\0500\どうしますか？\f804\\0000\\f801\遊んでいく\f801\探索に戻る\f801\\ffff\</translate>
			</id>
			<id id="102">
				<origin>君たちは形の良い小石を手に取り、\f801\手首の振りを利かせて勢い良く\f801\水面に投げる！\f801\\f802\小石は水面を、気持ちよく何度も跳ね、\f801\見事対岸までたどり着く！\f801\\f802\君たちはそれに興奮し、続けて何度も\f801\小石を対岸まで投げて遊ぶ！\f801\あまりの出来に気分が良くなった！\f801\\ffff\</origin>
				<translate>君たちは形の良い小石を手に取り、\f801\手首の振りを利かせて勢い良く\f801\水面に投げる！\f801\\f802\小石は水面を、気持ちよく何度も跳ね、\f801\見事対岸までたどり着く！\f801\\f802\君たちはそれに興奮し、続けて何度も\f801\小石を対岸まで投げて遊ぶ！\f801\あまりの出来に気分が良くなった！\f801\\ffff\</translate>
			</id>
			<id id="103">
				<origin>気づくとこちら側の投擲に適した小石は\f801\なくなっていた。\f801\\f802\君たちの投げた小石は対岸に集まっている。\f801\あちら側に行けば、また同じ遊びを\f801\楽しめそうだ。\f801\\f802\君たちは気分転換できたことに\f801\大いに満足し、探索に戻ることにする。\f801\\ffff\</origin>
				<translate>気づくとこちら側の投擲に適した小石は\f801\なくなっていた。\f801\\f802\君たちの投げた小石は対岸に集まっている。\f801\あちら側に行けば、また同じ遊びを\f801\楽しめそうだ。\f801\\f802\君たちは気分転換できたことに\f801\大いに満足し、探索に戻ることにする。\f801\\ffff\</translate>
			</id>
			<id id="104">
				<origin>水切り遊び\f801\\ffff\</origin>
				<translate>水切り遊び\f801\\ffff\</translate>
			</id>
			<id id="105">
				<origin>樹海を探索していた君たちは\f801\川辺の小石を使って、\f801\水切りをして遊び楽しんだ。\f801\\ffff\</origin>
				<translate>樹海を探索していた君たちは\f801\川辺の小石を使って、\f801\水切りをして遊び楽しんだ。\f801\\ffff\</translate>
			</id>
			<id id="106">
				<origin>今は探索に集中するべきだ。\f801\君たちはそう判断すると樹海の探索を\f801\続行する。\f801\\ffff\</origin>
				<translate>今は探索に集中するべきだ。\f801\君たちはそう判断すると樹海の探索を\f801\続行する。\f801\\ffff\</translate>
			</id>
			<id id="107"/>
			<id id="108"/>
			<id id="109"/>
			<id id="110">
				<origin>君たちは樹海の探索中に、\f801\とある川辺に出る。\f801\\f802\その川辺には平らな小石が転がっている。\f801\それは対岸から水切りをしたときに、\f801\こちら岸にたどり着いた小石だ。\f801\\f802\君たちは対岸で遊んだように\f801\こちら岸でも遊びに興じてもいい。\f801\\ffff\</origin>
				<translate>君たちは樹海の探索中に、\f801\とある川辺に出る。\f801\\f802\その川辺には平らな小石が転がっている。\f801\それは対岸から水切りをしたときに、\f801\こちら岸にたどり着いた小石だ。\f801\\f802\君たちは対岸で遊んだように\f801\こちら岸でも遊びに興じてもいい。\f801\\ffff\</translate>
			</id>
			<id id="111">
				<origin>\f804\\0500\どうしますか？\f804\\0000\\f801\遊んでいく\f801\探索に戻る\f801\\ffff\</origin>
				<translate>\f804\\0500\どうしますか？\f804\\0000\\f801\遊んでいく\f801\探索に戻る\f801\\ffff\</translate>
			</id>
			<id id="112">
				<origin>君たちは以前と同じように、小石を手に取り\f801\手首の振りを利かせて勢い良く\f801\水面に投げる！\f801\\f802\小石は勢いよく回転しつつ、\f801\水面を切るように対岸へと向かう……\f801\かと思われたが、そうはいかなかった！\f801\\ffff\</origin>
				<translate>君たちは以前と同じように、小石を手に取り\f801\手首の振りを利かせて勢い良く\f801\水面に投げる！\f801\\f802\小石は勢いよく回転しつつ、\f801\水面を切るように対岸へと向かう……\f801\かと思われたが、そうはいかなかった！\f801\\ffff\</translate>
			</id>
			<id id="113">
				<origin>今は遊んでいる時ではない。\f801\君たちはそう判断すると樹海の探索を\f801\続行する。\f801\\ffff\</origin>
				<translate>今は遊んでいる時ではない。\f801\君たちはそう判断すると樹海の探索を\f801\続行する。\f801\\ffff\</translate>
			</id>
			<id id="114">
				<origin>偶然にも川から跳ねた魚の魔物の頭部に\f801\君たちの投げた石が直撃してしまったのだ！\f801\\ffff\</origin>
				<translate>偶然にも川から跳ねた魚の魔物の頭部に\f801\君たちの投げた石が直撃してしまったのだ！\f801\\ffff\</translate>
			</id>
			<id id="115">
				<origin>魔物は君たちをみつけ、\f801\すさまじい速度で突っ込んでくる！\f801\\f802\もはや逃げる間はない！\f801\武器を取って応戦したまえ！\f801\\ffff\</origin>
				<translate>魔物は君たちをみつけ、\f801\すさまじい速度で突っ込んでくる！\f801\\f802\もはや逃げる間はない！\f801\武器を取って応戦したまえ！\f801\\ffff\</translate>
			</id>
			<id id="116"/>
			<id id="117"/>
			<id id="118"/>
			<id id="119"/>
			<id id="120">
				<origin>君たちは魔物を倒し武器をしまう。\f801\遊びに興じるのもほどほどにしようと決め、\f801\君たちは探索に戻ることにする。\f801\\ffff\</origin>
				<translate>君たちは魔物を倒し武器をしまう。\f801\遊びに興じるのもほどほどにしようと決め、\f801\君たちは探索に戻ることにする。\f801\\ffff\</translate>
			</id>
			<id id="121">
				<origin>水切り遊びの不運\f801\\ffff\</origin>
				<translate>水切り遊びの不運\f801\\ffff\</translate>
			</id>
			<id id="122">
				<origin>樹海を探索していた君たちは\f801\水切り遊びをしようとしたが、\f801\不運にも魔物を怒らせてしまい、\f801\戦いになり、これを倒した。\f801\\ffff\</origin>
				<translate>樹海を探索していた君たちは\f801\水切り遊びをしようとしたが、\f801\不運にも魔物を怒らせてしまい、\f801\戦いになり、これを倒した。\f801\\ffff\</translate>
			</id>
			<id id="123"/>
			<id id="124"/>
			<id id="125"/>
			<id id="126"/>
			<id id="127"/>
			<id id="128"/>
			<id id="129"/>
			<id id="130"/>
			<id id="131"/>
			<id id="132"/>
			<id id="133"/>
			<id id="134"/>
			<id id="135"/>
			<id id="136"/>
			<id id="137"/>
			<id id="138"/>
			<id id="139"/>
			<id id="140"/>
			<id id="141"/>
			<id id="142"/>
			<id id="143"/>
			<id id="144"/>
			<id id="145"/>
			<id id="146"/>
			<id id="147"/>
			<id id="148"/>
			<id id="149"/>
			<id id="150">
				<origin>樹海を探索中の君たちは、\f801\色鮮やかな花々が咲き乱れる場所を\f801\見つける。\f801\\f802\柔らかな花の香りが漂っており、\f801\香りを楽しみながら休息を取ることが\f801\できそうだ。\f801\\ffff\</origin>
				<translate>樹海を探索中の君たちは、\f801\色鮮やかな花々が咲き乱れる場所を\f801\見つける。\f801\\f802\柔らかな花の香りが漂っており、\f801\香りを楽しみながら休息を取ることが\f801\できそうだ。\f801\\ffff\</translate>
			</id>
			<id id="151">
				<origin>\f804\\0500\どうしますか？\f804\\0000\\f801\休んでいく\f801\休まずに探索する\f801\\ffff\</origin>
				<translate>\f804\\0500\どうしますか？\f804\\0000\\f801\休んでいく\f801\休まずに探索する\f801\\ffff\</translate>
			</id>
			<id id="152">
				<origin>君たちは花のそばに腰を下ろし、\f801\大きく深呼吸をする。\f801\\f802\花の香りが、探索で緊張していた身体を\f801\柔らかくほぐしていくのがわかる。\f801\\ffff\</origin>
				<translate>君たちは花のそばに腰を下ろし、\f801\大きく深呼吸をする。\f801\\f802\花の香りが、探索で緊張していた身体を\f801\柔らかくほぐしていくのがわかる。\f801\\ffff\</translate>
			</id>
			<id id="153">
				<origin>花の香りを堪能し、疲れを癒やした君たちは\f801\再び探索に戻ることにする。\f801\\ffff\</origin>
				<translate>花の香りを堪能し、疲れを癒やした君たちは\f801\再び探索に戻ることにする。\f801\\ffff\</translate>
			</id>
			<id id="154">
				<origin>柔らかな癒やしの香り\f801\\ffff\</origin>
				<translate>柔らかな癒やしの香り\f801\\ffff\</translate>
			</id>
			<id id="155">
				<origin>樹海を探索していた君たちは\f801\色鮮やかな花のそばで休息し、\f801\柔らかな香りに、身体の疲れを\f801\癒やされた。\f801\\ffff\</origin>
				<translate>樹海を探索していた君たちは\f801\色鮮やかな花のそばで休息し、\f801\柔らかな香りに、身体の疲れを\f801\癒やされた。\f801\\ffff\</translate>
			</id>
			<id id="156">
				<origin>今は休む必要はないだろう。\f801\そう判断した君たちは、\f801\樹海の探索を続けることにする。\f801\\ffff\</origin>
				<translate>今は休む必要はないだろう。\f801\そう判断した君たちは、\f801\樹海の探索を続けることにする。\f801\\ffff\</translate>
			</id>
			<id id="157"/>
			<id id="158"/>
			<id id="159"/>
			<id id="160"/>
			<id id="161"/>
			<id id="162"/>
			<id id="163"/>
			<id id="164"/>
			<id id="165"/>
			<id id="166"/>
			<id id="167"/>
			<id id="168"/>
			<id id="169"/>
			<id id="170"/>
			<id id="171"/>
			<id id="172"/>
			<id id="173"/>
			<id id="174"/>
			<id id="175"/>
			<id id="176"/>
			<id id="177"/>
			<id id="178"/>
			<id id="179"/>
			<id id="180"/>
			<id id="181"/>
			<id id="182"/>
			<id id="183"/>
			<id id="184"/>
			<id id="185"/>
			<id id="186"/>
			<id id="187"/>
			<id id="188"/>
			<id id="189"/>
			<id id="190"/>
			<id id="191"/>
			<id id="192"/>
			<id id="193"/>
			<id id="194"/>
			<id id="195"/>
			<id id="196"/>
			<id id="197"/>
			<id id="198"/>
			<id id="199"/>
			<id id="200">
				<origin>君たちが探索を行っていると前方の茂みで、\f801\突如、何かが動く音がした。\f801\\f802\その場で動きを止めて様子をうかがうが、\f801\茂みからはそれ以上の物音は聞こえない。\f801\だが、何かがいる気配はしている。\f801\\f802\君たちが望むなら、茂みの中に入り、\f801\音の正体を探っても良い。\f801\\ffff\</origin>
				<translate>君たちが探索を行っていると前方の茂みで、\f801\突如、何かが動く音がした。\f801\\f802\その場で動きを止めて様子をうかがうが、\f801\茂みからはそれ以上の物音は聞こえない。\f801\だが、何かがいる気配はしている。\f801\\f802\君たちが望むなら、茂みの中に入り、\f801\音の正体を探っても良い。\f801\\ffff\</translate>
			</id>
			<id id="201">
				<origin>\f804\\0500\どうしますか？\f804\\0000\\f801\茂みに入る\f801\そこから立ち去る\f801\\ffff\</origin>
				<translate>\f804\\0500\どうしますか？\f804\\0000\\f801\茂みに入る\f801\そこから立ち去る\f801\\ffff\</translate>
			</id>
			<id id="202">
				<origin>君たちは警戒心を絶やさぬようにしながら\f801\注意深く茂みに足を踏み入れる。\f801\\f802\茂みに入った君たちが目にしたのは、\f801\害のなさそうな小動物の姿だった。\f801\\f802\小動物は君たちに驚くと、\f801\一目散に走り去っていく。\f801\他に魔物の姿などはない。\f801\\f802\君たちは警戒を解き、\f801\元の場所へ戻ろうとする。\f801\その時、足の下から甲高い音がする。\f801\\f802\足をどけてみた君たちは、\f801\何かが入った革袋を見つける。\f801\\f802\周囲に持ち主はいないし、\f801\革袋には持ち主がわかる印もない。\f801\\f802\君たちはそれを\f801\ありがたく頂くことにする。\f801\\ffff\</origin>
				<translate>君たちは警戒心を絶やさぬようにしながら\f801\注意深く茂みに足を踏み入れる。\f801\\f802\茂みに入った君たちが目にしたのは、\f801\害のなさそうな小動物の姿だった。\f801\\f802\小動物は君たちに驚くと、\f801\一目散に走り去っていく。\f801\他に魔物の姿などはない。\f801\\f802\君たちは警戒を解き、\f801\元の場所へ戻ろうとする。\f801\その時、足の下から甲高い音がする。\f801\\f802\足をどけてみた君たちは、\f801\何かが入った革袋を見つける。\f801\\f802\周囲に持ち主はいないし、\f801\革袋には持ち主がわかる印もない。\f801\\f802\君たちはそれを\f801\ありがたく頂くことにする。\f801\\ffff\</translate>
			</id>
			<id id="203">
				<origin>小動物と革袋\f801\\ffff\</origin>
				<translate>小動物と革袋\f801\\ffff\</translate>
			</id>
			<id id="204">
				<origin>樹海を探索していた君たちは\f801\茂みの中で小動物を見つけ、\f801\道具の入った革袋を手に入れた。\f801\\ffff\</origin>
				<translate>樹海を探索していた君たちは\f801\茂みの中で小動物を見つけ、\f801\道具の入った革袋を手に入れた。\f801\\ffff\</translate>
			</id>
			<id id="205">
				<origin>このような樹海で、\f801\何がいるかわからない茂みに\f801\足を踏み入れるのは危険である。\f801\\f802\そう判断した君たちは、茂みには入らず、\f801\そこから立ち去ることにする。\f801\\ffff\</origin>
				<translate>このような樹海で、\f801\何がいるかわからない茂みに\f801\足を踏み入れるのは危険である。\f801\\f802\そう判断した君たちは、茂みには入らず、\f801\そこから立ち去ることにする。\f801\\ffff\</translate>
			</id>
			<id id="206"/>
			<id id="207"/>
			<id id="208"/>
			<id id="209"/>
			<id id="210"/>
			<id id="211"/>
			<id id="212"/>
			<id id="213"/>
			<id id="214"/>
			<id id="215"/>
			<id id="216"/>
			<id id="217"/>
			<id id="218"/>
			<id id="219"/>
			<id id="220"/>
			<id id="221"/>
			<id id="222"/>
			<id id="223"/>
			<id id="224"/>
			<id id="225"/>
			<id id="226"/>
			<id id="227"/>
			<id id="228"/>
			<id id="229"/>
			<id id="230"/>
			<id id="231"/>
			<id id="232"/>
			<id id="233"/>
			<id id="234"/>
			<id id="235"/>
			<id id="236"/>
			<id id="237"/>
			<id id="238"/>
			<id id="239"/>
			<id id="240"/>
			<id id="241"/>
			<id id="242"/>
			<id id="243"/>
			<id id="244"/>
			<id id="245"/>
			<id id="246"/>
			<id id="247"/>
			<id id="248"/>
			<id id="249"/>
			<id id="250">
				<origin>樹海の探索をしていた君たちは、\f801\開けた場所に出る。\f801\\f802\その広場の中央には、ありあわせのものを\f801\組み合わせて作ったハンモックが\f801\残されている。\f801\\f802\ところどころ、強度に不安はあるものの、\f801\一度休むくらいなら問題はなさそうだ。\f801\\f802\君たちが望むなら、\f801\この即席のハンモックに身をゆだねて\f801\休むこともできる。\f801\\ffff\</origin>
				<translate>樹海の探索をしていた君たちは、\f801\開けた場所に出る。\f801\\f802\その広場の中央には、ありあわせのものを\f801\組み合わせて作ったハンモックが\f801\残されている。\f801\\f802\ところどころ、強度に不安はあるものの、\f801\一度休むくらいなら問題はなさそうだ。\f801\\f802\君たちが望むなら、\f801\この即席のハンモックに身をゆだねて\f801\休むこともできる。\f801\\ffff\</translate>
			</id>
			<id id="251">
				<origin>\f804\\0500\どうしますか？\f804\\0000\\f801\休んでいく\f801\そこから立ち去る\f801\\ffff\</origin>
				<translate>\f804\\0500\どうしますか？\f804\\0000\\f801\休んでいく\f801\そこから立ち去る\f801\\ffff\</translate>
			</id>
			<id id="252">
				<origin>慎重にハンモックに乗ってみると、\f801\意外としっかりした作りになっていることが\f801\わかった。\f801\\f802\君たちは目を閉じ、ハンモックの揺れに\f801\身をゆだねて、しばしの休息をとる。\f801\\ffff\</origin>
				<translate>慎重にハンモックに乗ってみると、\f801\意外としっかりした作りになっていることが\f801\わかった。\f801\\f802\君たちは目を閉じ、ハンモックの揺れに\f801\身をゆだねて、しばしの休息をとる。\f801\\ffff\</translate>
			</id>
			<id id="253">
				<origin>どれくらい経っただろうか？\f801\君たちは不意に身体が沈み込む感覚に\f801\目を覚ます。\f801\\f802\どうやらハンモックに\f801\穴が開いてしまったようだ。\f801\\f802\だが睡眠をとることが出来たおかげで\f801\君たちは気力、体力ともに充分回復した。\f801\\ffff\</origin>
				<translate>どれくらい経っただろうか？\f801\君たちは不意に身体が沈み込む感覚に\f801\目を覚ます。\f801\\f802\どうやらハンモックに\f801\穴が開いてしまったようだ。\f801\\f802\だが睡眠をとることが出来たおかげで\f801\君たちは気力、体力ともに充分回復した。\f801\\ffff\</translate>
			</id>
			<id id="254">
				<origin>君たちは新たな気持ちで\f801\探索に戻ることにする。\f801\\ffff\</origin>
				<translate>君たちは新たな気持ちで\f801\探索に戻ることにする。\f801\\ffff\</translate>
			</id>
			<id id="255">
				<origin>壊れかけのハンモック\f801\\ffff\</origin>
				<translate>壊れかけのハンモック\f801\\ffff\</translate>
			</id>
			<id id="256">
				<origin>樹海を探索していた君たちは\f801\開けた場所で壊れかけの\f801\ハンモックで眠り、気力と体力を\f801\回復させることが出来た。\f801\\ffff\</origin>
				<translate>樹海を探索していた君たちは\f801\開けた場所で壊れかけの\f801\ハンモックで眠り、気力と体力を\f801\回復させることが出来た。\f801\\ffff\</translate>
			</id>
			<id id="257">
				<origin>今は休む必要がない。\f801\そう判断した君たちは、\f801\探索に戻ることにする。\f801\\ffff\</origin>
				<translate>今は休む必要がない。\f801\そう判断した君たちは、\f801\探索に戻ることにする。\f801\\ffff\</translate>
			</id>
			<id id="258"/>
			<id id="259"/>
			<id id="260"/>
			<id id="261"/>
			<id id="262"/>
			<id id="263"/>
			<id id="264"/>
			<id id="265"/>
			<id id="266"/>
			<id id="267"/>
			<id id="268"/>
			<id id="269"/>
			<id id="270"/>
			<id id="271"/>
			<id id="272"/>
			<id id="273"/>
			<id id="274"/>
			<id id="275"/>
			<id id="276"/>
			<id id="277"/>
			<id id="278"/>
			<id id="279"/>
			<id id="280"/>
			<id id="281"/>
			<id id="282"/>
			<id id="283"/>
			<id id="284"/>
			<id id="285"/>
			<id id="286"/>
			<id id="287"/>
			<id id="288"/>
			<id id="289"/>
			<id id="290"/>
			<id id="291"/>
			<id id="292"/>
			<id id="293"/>
			<id id="294"/>
			<id id="295"/>
			<id id="296"/>
			<id id="297"/>
			<id id="298"/>
			<id id="299"/>
			<id id="300">
				<origin>君たちは樹海を探索中に\f801\ある冒険者の女性と出会う。\f801\彼女も君たちに気づき声をかけてくる。\f801\\ffff\</origin>
				<translate>君たちは樹海を探索中に\f801\ある冒険者の女性と出会う。\f801\彼女も君たちに気づき声をかけてくる。\f801\\ffff\</translate>
			</id>
			<id id="301">
				<origin>\f812\女冒険者\0000\「やあ。\f801\君たちはまだ探索を続けるの？」\f801\\f802\「私はもうベースキャンプに戻るんだけど、\f801\使わなかったアイテムを\f801\買ってくれないかな？」\f801\\ffff\</origin>
				<translate>\f812\女冒険者\0000\「やあ。\f801\君たちはまだ探索を続けるの？」\f801\\f802\「私はもうベースキャンプに戻るんだけど、\f801\使わなかったアイテムを\f801\買ってくれないかな？」\f801\\ffff\</translate>
			</id>
			<id id="302"/>
			<id id="303"/>
			<id id="304"/>
			<id id="305">
				<origin>\f804\\0500\どうしますか？\f804\\0000\\f801\何があるか聞く\f801\買わない\f801\\ffff\</origin>
				<translate>\f804\\0500\どうしますか？\f804\\0000\\f801\何があるか聞く\f801\買わない\f801\\ffff\</translate>
			</id>
			<id id="306"/>
			<id id="307"/>
			<id id="308"/>
			<id id="309"/>
			<id id="310">
				<origin>\f812\女冒険者\0000\「今あまっているのはね……」\f801\\ffff\</origin>
				<translate>\f812\女冒険者\0000\「今あまっているのはね……」\f801\\ffff\</translate>
			</id>
			<id id="311">
				<origin>\f804\\0500\どうしますか？\f804\\0000\\f801\メディカⅡ ３個セット ２５０エン\f801\ストナード １個    ４００エン\f801\買うのをやめる\f801\\ffff\</origin>
				<translate>\f804\\0500\どうしますか？\f804\\0000\\f801\メディカⅡ ３個セット ２５０エン\f801\ストナード １個    ４００エン\f801\買うのをやめる\f801\\ffff\</translate>
			</id>
			<id id="312">
				<origin>\f812\女冒険者\0000\「ありがとう！\f801\ねぇ、もっと買ってくれる？」\f801\\ffff\</origin>
				<translate>\f812\女冒険者\0000\「ありがとう！\f801\ねぇ、もっと買ってくれる？」\f801\\ffff\</translate>
			</id>
			<id id="313"/>
			<id id="314"/>
			<id id="315">
				<origin>\f804\\0500\どうしますか？\f804\\0000\\f801\ストナード １個    ４００エン\f801\買うのをやめる\f801\\ffff\</origin>
				<translate>\f804\\0500\どうしますか？\f804\\0000\\f801\ストナード １個    ４００エン\f801\買うのをやめる\f801\\ffff\</translate>
			</id>
			<id id="316">
				<origin>\f804\\0500\どうしますか？\f804\\0000\\f801\メディカⅡ ３個セット ２５０エン\f801\買うのをやめる\f801\\ffff\</origin>
				<translate>\f804\\0500\どうしますか？\f804\\0000\\f801\メディカⅡ ３個セット ２５０エン\f801\買うのをやめる\f801\\ffff\</translate>
			</id>
			<id id="317">
				<origin>\f812\女冒険者\0000\「んー…残念だけど\f801\お金が足りないみたいね」\f801\\ffff\</origin>
				<translate>\f812\女冒険者\0000\「んー…残念だけど\f801\お金が足りないみたいね」\f801\\ffff\</translate>
			</id>
			<id id="318">
				<origin>\f804\\0500\\f810\\0000\\f804\\0300\エンを渡した\f804\\0000\\f801\\ffff\</origin>
				<translate>\f804\\0500\\f810\\0000\\f804\\0300\エンを渡した\f804\\0000\\f801\\ffff\</translate>
			</id>
			<id id="319"/>
			<id id="320">
				<origin>\f812\女冒険者\0000\「ありがとう！\f801\２つとも買ってくれて！」\f801\\ffff\</origin>
				<translate>\f812\女冒険者\0000\「ありがとう！\f801\２つとも買ってくれて！」\f801\\ffff\</translate>
			</id>
			<id id="321"/>
			<id id="322"/>
			<id id="323"/>
			<id id="324"/>
			<id id="325">
				<origin>\f812\女冒険者\0000\「それじゃ、君たちもがんばってね！」\f801\\ffff\</origin>
				<translate>\f812\女冒険者\0000\「それじゃ、君たちもがんばってね！」\f801\\ffff\</translate>
			</id>
			<id id="326"/>
			<id id="327"/>
			<id id="328"/>
			<id id="329"/>
			<id id="330">
				<origin>そう言うと、彼女はアリアドネの糸で\f801\街に戻っていった。\f801\\f802\君たちは樹海の探索に戻ることにする。\f801\\ffff\</origin>
				<translate>そう言うと、彼女はアリアドネの糸で\f801\街に戻っていった。\f801\\f802\君たちは樹海の探索に戻ることにする。\f801\\ffff\</translate>
			</id>
			<id id="331"/>
			<id id="332"/>
			<id id="333"/>
			<id id="334"/>
			<id id="335">
				<origin>\f812\女冒険者\0000\「あら、残念。\f801\それじゃ、君たちもがんばってね！」\f801\\ffff\</origin>
				<translate>\f812\女冒険者\0000\「あら、残念。\f801\それじゃ、君たちもがんばってね！」\f801\\ffff\</translate>
			</id>
			<id id="336"/>
			<id id="337"/>
			<id id="338"/>
			<id id="339"/>
			<id id="340">
				<origin>突然の商売\f801\\ffff\</origin>
				<translate>突然の商売\f801\\ffff\</translate>
			</id>
			<id id="341">
				<origin>樹海を探索していた君たちは\f801\冒険者の女性からアイテムを\f801\買い取って欲しいと言われ、\f801\２つとも購入できた。\f801\\ffff\</origin>
				<translate>樹海を探索していた君たちは\f801\冒険者の女性からアイテムを\f801\買い取って欲しいと言われ、\f801\２つとも購入できた。\f801\\ffff\</translate>
			</id>
			<id id="342">
				<origin>樹海を探索していた君たちは\f801\冒険者の女性からアイテムを\f801\買い取って欲しいと言われ、\f801\１つを購入できた。\f801\\ffff\</origin>
				<translate>樹海を探索していた君たちは\f801\冒険者の女性からアイテムを\f801\買い取って欲しいと言われ、\f801\１つを購入できた。\f801\\ffff\</translate>
			</id>
			<id id="343"/>
			<id id="344"/>
			<id id="345"/>
			<id id="346"/>
			<id id="347"/>
			<id id="348"/>
			<id id="349"/>
			<id id="350"/>
			<id id="351"/>
			<id id="352"/>
			<id id="353"/>
			<id id="354"/>
			<id id="355"/>
			<id id="356"/>
			<id id="357"/>
			<id id="358"/>
			<id id="359"/>
			<id id="360"/>
			<id id="361"/>
			<id id="362"/>
			<id id="363"/>
			<id id="364"/>
			<id id="365"/>
			<id id="366"/>
			<id id="367"/>
			<id id="368"/>
			<id id="369"/>
			<id id="370"/>
			<id id="371"/>
			<id id="372"/>
			<id id="373"/>
			<id id="374"/>
			<id id="375"/>
			<id id="376"/>
			<id id="377"/>
			<id id="378"/>
			<id id="379"/>
			<id id="380"/>
			<id id="381"/>
			<id id="382"/>
			<id id="383"/>
			<id id="384"/>
			<id id="385"/>
			<id id="386"/>
			<id id="387"/>
			<id id="388"/>
			<id id="389"/>
			<id id="390"/>
			<id id="391"/>
			<id id="392"/>
			<id id="393"/>
			<id id="394"/>
			<id id="395"/>
			<id id="396"/>
			<id id="397"/>
			<id id="398"/>
			<id id="399"/>
			<id id="400"/>
			<id id="401"/>
			<id id="402"/>
			<id id="403"/>
			<id id="404"/>
			<id id="405"/>
			<id id="406"/>
			<id id="407"/>
			<id id="408"/>
			<id id="409"/>
			<id id="410"/>
			<id id="411"/>
			<id id="412"/>
			<id id="413"/>
			<id id="414"/>
			<id id="415"/>
			<id id="416"/>
			<id id="417"/>
			<id id="418"/>
			<id id="419"/>
			<id id="420"/>
			<id id="421"/>
			<id id="422"/>
			<id id="423"/>
			<id id="424"/>
			<id id="425"/>
			<id id="426"/>
			<id id="427"/>
			<id id="428"/>
			<id id="429"/>
			<id id="430"/>
			<id id="431"/>
			<id id="432"/>
			<id id="433"/>
			<id id="434"/>
			<id id="435"/>
			<id id="436"/>
			<id id="437"/>
			<id id="438"/>
			<id id="439"/>
			<id id="440"/>
			<id id="441"/>
			<id id="442"/>
			<id id="443"/>
			<id id="444"/>
			<id id="445"/>
			<id id="446"/>
			<id id="447"/>
			<id id="448"/>
			<id id="449"/>
			<id id="450"/>
			<id id="451"/>
			<id id="452"/>
			<id id="453"/>
			<id id="454"/>
			<id id="455"/>
			<id id="456"/>
			<id id="457"/>
			<id id="458"/>
			<id id="459"/>
			<id id="460"/>
			<id id="461"/>
			<id id="462"/>
			<id id="463"/>
			<id id="464"/>
			<id id="465"/>
			<id id="466"/>
			<id id="467"/>
			<id id="468"/>
			<id id="469"/>
			<id id="470"/>
			<id id="471"/>
			<id id="472"/>
			<id id="473"/>
			<id id="474"/>
			<id id="475"/>
			<id id="476"/>
			<id id="477"/>
			<id id="478"/>
			<id id="479"/>
			<id id="480"/>
			<id id="481"/>
			<id id="482"/>
			<id id="483"/>
			<id id="484"/>
			<id id="485"/>
			<id id="486"/>
			<id id="487"/>
			<id id="488"/>
			<id id="489"/>
			<id id="490"/>
			<id id="491"/>
			<id id="492"/>
			<id id="493"/>
			<id id="494"/>
			<id id="495"/>
			<id id="496"/>
			<id id="497"/>
			<id id="498"/>
			<id id="499"/>
			<id id="500"/>
			<id id="501"/>
			<id id="502"/>
			<id id="503"/>
			<id id="504"/>
			<id id="505"/>
			<id id="506"/>
			<id id="507"/>
			<id id="508"/>
			<id id="509"/>
			<id id="510"/>
			<id id="511"/>
			<id id="512"/>
			<id id="513"/>
			<id id="514"/>
			<id id="515"/>
			<id id="516"/>
			<id id="517"/>
			<id id="518"/>
			<id id="519"/>
			<id id="520"/>
			<id id="521"/>
			<id id="522"/>
			<id id="523"/>
			<id id="524"/>
			<id id="525"/>
			<id id="526"/>
			<id id="527"/>
			<id id="528"/>
			<id id="529"/>
			<id id="530"/>
			<id id="531"/>
			<id id="532"/>
			<id id="533"/>
			<id id="534"/>
			<id id="535"/>
			<id id="536"/>
			<id id="537"/>
			<id id="538"/>
			<id id="539"/>
			<id id="540"/>
			<id id="541"/>
			<id id="542"/>
			<id id="543"/>
			<id id="544"/>
			<id id="545"/>
			<id id="546"/>
			<id id="547"/>
			<id id="548"/>
			<id id="549"/>
			<id id="550"/>
			<id id="551"/>
			<id id="552"/>
			<id id="553"/>
			<id id="554"/>
			<id id="555"/>
			<id id="556"/>
			<id id="557"/>
			<id id="558"/>
			<id id="559"/>
			<id id="560"/>
			<id id="561"/>
			<id id="562"/>
			<id id="563"/>
			<id id="564"/>
			<id id="565"/>
			<id id="566"/>
			<id id="567"/>
			<id id="568"/>
			<id id="569"/>
			<id id="570"/>
			<id id="571"/>
			<id id="572"/>
			<id id="573"/>
			<id id="574"/>
			<id id="575"/>
			<id id="576"/>
			<id id="577"/>
			<id id="578"/>
			<id id="579"/>
			<id id="580"/>
			<id id="581"/>
			<id id="582"/>
			<id id="583"/>
			<id id="584"/>
			<id id="585"/>
			<id id="586"/>
			<id id="587"/>
			<id id="588"/>
			<id id="589"/>
			<id id="590"/>
			<id id="591"/>
			<id id="592"/>
			<id id="593"/>
			<id id="594"/>
			<id id="595"/>
			<id id="596"/>
			<id id="597"/>
			<id id="598"/>
			<id id="599"/>
			<id id="600"/>
			<id id="601"/>
			<id id="602"/>
			<id id="603"/>
			<id id="604"/>
			<id id="605"/>
			<id id="606"/>
			<id id="607"/>
			<id id="608"/>
			<id id="609"/>
			<id id="610"/>
			<id id="611"/>
			<id id="612"/>
			<id id="613"/>
			<id id="614"/>
			<id id="615"/>
			<id id="616"/>
			<id id="617"/>
			<id id="618"/>
			<id id="619"/>
			<id id="620"/>
			<id id="621"/>
			<id id="622"/>
			<id id="623"/>
			<id id="624"/>
			<id id="625"/>
			<id id="626"/>
			<id id="627"/>
			<id id="628"/>
			<id id="629"/>
			<id id="630"/>
			<id id="631"/>
			<id id="632"/>
			<id id="633"/>
			<id id="634"/>
			<id id="635"/>
			<id id="636"/>
			<id id="637"/>
			<id id="638"/>
			<id id="639"/>
			<id id="640"/>
			<id id="641"/>
			<id id="642"/>
			<id id="643"/>
			<id id="644"/>
			<id id="645"/>
			<id id="646"/>
			<id id="647"/>
			<id id="648"/>
			<id id="649"/>
			<id id="650"/>
			<id id="651"/>
			<id id="652"/>
			<id id="653"/>
			<id id="654"/>
			<id id="655"/>
			<id id="656"/>
			<id id="657"/>
			<id id="658"/>
			<id id="659"/>
			<id id="660"/>
			<id id="661"/>
			<id id="662"/>
			<id id="663"/>
			<id id="664"/>
			<id id="665"/>
			<id id="666"/>
			<id id="667"/>
			<id id="668"/>
			<id id="669"/>
			<id id="670"/>
			<id id="671"/>
			<id id="672"/>
			<id id="673"/>
			<id id="674"/>
			<id id="675"/>
			<id id="676"/>
			<id id="677"/>
			<id id="678"/>
			<id id="679"/>
			<id id="680"/>
			<id id="681"/>
			<id id="682"/>
			<id id="683"/>
			<id id="684"/>
			<id id="685"/>
			<id id="686"/>
			<id id="687"/>
			<id id="688"/>
			<id id="689"/>
			<id id="690"/>
			<id id="691"/>
			<id id="692"/>
			<id id="693"/>
			<id id="694"/>
			<id id="695"/>
			<id id="696"/>
			<id id="697"/>
			<id id="698"/>
			<id id="699"/>
			<id id="700"/>
			<id id="701"/>
			<id id="702"/>
			<id id="703"/>
			<id id="704"/>
			<id id="705"/>
			<id id="706"/>
			<id id="707"/>
			<id id="708"/>
			<id id="709"/>
			<id id="710"/>
			<id id="711"/>
			<id id="712"/>
			<id id="713"/>
			<id id="714"/>
			<id id="715"/>
			<id id="716"/>
			<id id="717"/>
			<id id="718"/>
			<id id="719"/>
			<id id="720"/>
			<id id="721"/>
			<id id="722"/>
			<id id="723"/>
			<id id="724"/>
			<id id="725"/>
			<id id="726"/>
			<id id="727"/>
			<id id="728"/>
			<id id="729"/>
			<id id="730"/>
			<id id="731"/>
			<id id="732"/>
			<id id="733"/>
			<id id="734"/>
			<id id="735"/>
			<id id="736"/>
			<id id="737"/>
			<id id="738"/>
			<id id="739"/>
			<id id="740"/>
			<id id="741"/>
			<id id="742"/>
			<id id="743"/>
			<id id="744"/>
			<id id="745"/>
			<id id="746"/>
			<id id="747"/>
			<id id="748"/>
			<id id="749"/>
			<id id="750"/>
			<id id="751"/>
			<id id="752"/>
			<id id="753"/>
			<id id="754"/>
			<id id="755"/>
			<id id="756"/>
			<id id="757"/>
			<id id="758"/>
			<id id="759"/>
			<id id="760"/>
			<id id="761"/>
			<id id="762"/>
			<id id="763"/>
			<id id="764"/>
			<id id="765"/>
			<id id="766"/>
			<id id="767"/>
			<id id="768"/>
			<id id="769"/>
			<id id="770"/>
			<id id="771"/>
			<id id="772"/>
			<id id="773"/>
			<id id="774"/>
			<id id="775"/>
			<id id="776"/>
			<id id="777"/>
			<id id="778"/>
			<id id="779"/>
			<id id="780"/>
			<id id="781"/>
			<id id="782"/>
			<id id="783"/>
			<id id="784"/>
			<id id="785"/>
			<id id="786"/>
			<id id="787"/>
			<id id="788"/>
			<id id="789"/>
			<id id="790"/>
			<id id="791"/>
			<id id="792"/>
			<id id="793"/>
			<id id="794"/>
			<id id="795"/>
			<id id="796"/>
			<id id="797"/>
			<id id="798"/>
			<id id="799"/>
			<id id="800"/>
			<id id="801"/>
			<id id="802"/>
			<id id="803"/>
			<id id="804"/>
			<id id="805"/>
			<id id="806"/>
			<id id="807"/>
			<id id="808"/>
			<id id="809"/>
			<id id="810"/>
			<id id="811"/>
			<id id="812"/>
			<id id="813"/>
			<id id="814"/>
			<id id="815"/>
			<id id="816"/>
			<id id="817"/>
			<id id="818"/>
			<id id="819"/>
			<id id="820"/>
			<id id="821"/>
			<id id="822"/>
			<id id="823"/>
			<id id="824"/>
			<id id="825"/>
			<id id="826"/>
			<id id="827"/>
			<id id="828"/>
			<id id="829"/>
			<id id="830"/>
			<id id="831"/>
			<id id="832"/>
			<id id="833"/>
			<id id="834"/>
			<id id="835"/>
			<id id="836"/>
			<id id="837"/>
			<id id="838"/>
			<id id="839"/>
			<id id="840"/>
			<id id="841"/>
			<id id="842"/>
			<id id="843"/>
			<id id="844"/>
			<id id="845"/>
			<id id="846"/>
			<id id="847"/>
			<id id="848"/>
			<id id="849"/>
			<id id="850"/>
			<id id="851"/>
			<id id="852"/>
			<id id="853"/>
			<id id="854"/>
			<id id="855"/>
			<id id="856"/>
			<id id="857"/>
			<id id="858"/>
			<id id="859"/>
			<id id="860"/>
			<id id="861"/>
			<id id="862"/>
			<id id="863"/>
			<id id="864"/>
			<id id="865"/>
			<id id="866"/>
			<id id="867"/>
			<id id="868"/>
			<id id="869"/>
			<id id="870"/>
			<id id="871"/>
			<id id="872"/>
			<id id="873"/>
			<id id="874"/>
			<id id="875"/>
			<id id="876"/>
			<id id="877"/>
			<id id="878"/>
			<id id="879"/>
			<id id="880"/>
			<id id="881"/>
			<id id="882"/>
			<id id="883"/>
			<id id="884"/>
			<id id="885"/>
			<id id="886"/>
			<id id="887"/>
			<id id="888"/>
			<id id="889"/>
			<id id="890"/>
			<id id="891"/>
			<id id="892"/>
			<id id="893"/>
			<id id="894"/>
			<id id="895"/>
			<id id="896"/>
			<id id="897"/>
			<id id="898"/>
			<id id="899"/>
			<id id="900"/>
			<id id="901"/>
			<id id="902"/>
			<id id="903"/>
			<id id="904"/>
			<id id="905"/>
			<id id="906"/>
			<id id="907"/>
			<id id="908"/>
			<id id="909"/>
			<id id="910"/>
			<id id="911"/>
			<id id="912"/>
			<id id="913"/>
			<id id="914"/>
			<id id="915"/>
			<id id="916"/>
			<id id="917"/>
			<id id="918"/>
			<id id="919"/>
			<id id="920"/>
			<id id="921"/>
			<id id="922"/>
			<id id="923"/>
			<id id="924"/>
			<id id="925"/>
			<id id="926"/>
			<id id="927"/>
			<id id="928"/>
			<id id="929"/>
			<id id="930"/>
			<id id="931"/>
			<id id="932"/>
			<id id="933"/>
			<id id="934"/>
			<id id="935"/>
			<id id="936"/>
			<id id="937"/>
			<id id="938"/>
			<id id="939"/>
			<id id="940"/>
			<id id="941"/>
			<id id="942"/>
			<id id="943"/>
			<id id="944"/>
			<id id="945"/>
			<id id="946"/>
			<id id="947"/>
			<id id="948"/>
			<id id="949"/>
			<id id="950"/>
			<id id="951"/>
			<id id="952"/>
			<id id="953"/>
			<id id="954"/>
			<id id="955"/>
			<id id="956"/>
			<id id="957"/>
			<id id="958"/>
			<id id="959"/>
			<id id="960"/>
			<id id="961"/>
			<id id="962"/>
			<id id="963"/>
			<id id="964"/>
			<id id="965"/>
			<id id="966"/>
			<id id="967"/>
			<id id="968"/>
			<id id="969"/>
			<id id="970"/>
			<id id="971"/>
			<id id="972"/>
			<id id="973"/>
			<id id="974"/>
			<id id="975"/>
			<id id="976"/>
			<id id="977"/>
			<id id="978"/>
			<id id="979"/>
			<id id="980"/>
			<id id="981"/>
			<id id="982"/>
			<id id="983"/>
			<id id="984"/>
			<id id="985"/>
			<id id="986"/>
			<id id="987"/>
			<id id="988"/>
			<id id="989"/>
			<id id="990"/>
			<id id="991"/>
			<id id="992"/>
			<id id="993"/>
			<id id="994"/>
			<id id="995"/>
			<id id="996"/>
			<id id="997"/>
			<id id="998"/>
			<id id="999"/>
			<id id="1000"/>
			<id id="1001">
				<origin>危険な毒蜥蜴を切り抜けて先へと進む\f801\君たちの前に、ぬかるんだ床が出現する。\f801\\f802\先へと進むためにはそこを抜けるしか\f801\なさそうだと思い、足を進めようとした時\f801\背後から突然、呼びとめる声がする。\f801\\ffff\</origin>
				<translate>危険な毒蜥蜴を切り抜けて先へと進む\f801\君たちの前に、ぬかるんだ床が出現する。\f801\\f802\先へと進むためにはそこを抜けるしか\f801\なさそうだと思い、足を進めようとした時\f801\背後から突然、呼びとめる声がする。\f801\\ffff\</translate>
			</id>
			<id id="1002">
				<origin>\f812\？？？\0000\\f81b\\565f\\4348\\4152\\5f31\\3935\\2f45\\5645\\4e54\\2f72\\6f62\\5f32\\3035\\0000\「気をつけろ。それは泥濘の床だ。\f801\踏み込むと簡単には動けんぞ」\f801\\ffff\</origin>
				<translate>\f812\？？？\0000\\f81b\\565f\\4348\\4152\\5f31\\3935\\2f45\\5645\\4e54\\2f72\\6f62\\5f32\\3035\\0000\「気をつけろ。それは泥濘の床だ。\f801\踏み込むと簡単には動けんぞ」\f801\\ffff\</translate>
			</id>
			<id id="1003">
				<origin>鋭くどこか冷めた印象のその声は\f801\以前にも出会った小柄な男のものだった。\f801\\f802\振りむいた君たちを見て、相手も\f801\以前に会った者だと気づいたらしく\f801\横を向いて小さく舌打ちする。\f801\\ffff\</origin>
				<translate>鋭くどこか冷めた印象のその声は\f801\以前にも出会った小柄な男のものだった。\f801\\f802\振りむいた君たちを見て、相手も\f801\以前に会った者だと気づいたらしく\f801\横を向いて小さく舌打ちする。\f801\\ffff\</translate>
			</id>
			<id id="1004">
				<origin>\f812\冒険者の男\0000\「お前たちだったのか…」\f801\\f802\「勘違いするなよ。これはただの助言だ。\f801\お前たちのように未熟な冒険者を鍛えて\f801\無理に奥地に導くつもりはない」\f801\\ffff\</origin>
				<translate>\f812\冒険者の男\0000\「お前たちだったのか…」\f801\\f802\「勘違いするなよ。これはただの助言だ。\f801\お前たちのように未熟な冒険者を鍛えて\f801\無理に奥地に導くつもりはない」\f801\\ffff\</translate>
			</id>
			<id id="1005">
				<origin>男は言い訳するようにそう告げる。\f801\君たちはそんな男に声をかけてもいい。\f801\\ffff\</origin>
				<translate>男は言い訳するようにそう告げる。\f801\君たちはそんな男に声をかけてもいい。\f801\\ffff\</translate>
			</id>
			<id id="1006">
				<origin>\f804\\0500\何と訪ねますか？\f804\\0000\\f801\お前は誰かと尋ねる\f801\カリスとの関係を尋ねる\f801\\ffff\</origin>
				<translate>\f804\\0500\何と訪ねますか？\f804\\0000\\f801\お前は誰かと尋ねる\f801\カリスとの関係を尋ねる\f801\\ffff\</translate>
			</id>
			<id id="1007">
				<origin>\f804\\0500\何と訪ねますか？\f804\\0000\\f801\お前は誰かと尋ねる\f801\カリスとの関係を尋ねる\f801\尋ねることはない\f801\\ffff\</origin>
				<translate>\f804\\0500\何と訪ねますか？\f804\\0000\\f801\お前は誰かと尋ねる\f801\カリスとの関係を尋ねる\f801\尋ねることはない\f801\\ffff\</translate>
			</id>
			<id id="1008">
				<origin>君たちの言葉に、男は皮肉げに笑みを\f801\浮かべて答える。\f801\\ffff\</origin>
				<translate>君たちの言葉に、男は皮肉げに笑みを\f801\浮かべて答える。\f801\\ffff\</translate>
			</id>
			<id id="1009">
				<origin>\f812\冒険者の男\0000\\f81b\\565f\\4348\\4152\\5f31\\3935\\2f45\\5645\\4e54\\2f72\\6f62\\5f32\\3036\\0000\「まだ名乗ってなかったか。オレはロブ。\f801\お前たちと同じ冒険者さ」\f801\\ffff\</origin>
				<translate>\f812\冒険者の男\0000\\f81b\\565f\\4348\\4152\\5f31\\3935\\2f45\\5645\\4e54\\2f72\\6f62\\5f32\\3036\\0000\「まだ名乗ってなかったか。オレはロブ。\f801\お前たちと同じ冒険者さ」\f801\\ffff\</translate>
			</id>
			<id id="1010">
				<origin>\f859\\0e00\\f81b\\565f\\4348\\4152\\5f31\\3935\\2f45\\5645\\4e54\\2f72\\6f62\\5f32\\3036\\0000\「まだ名乗ってなかったか。オレはロブ。\f801\お前たちと同じ冒険者さ」\f801\\ffff\</origin>
				<translate>\f859\\0e00\\f81b\\565f\\4348\\4152\\5f31\\3935\\2f45\\5645\\4e54\\2f72\\6f62\\5f32\\3036\\0000\「まだ名乗ってなかったか。オレはロブ。\f801\お前たちと同じ冒険者さ」\f801\\ffff\</translate>
			</id>
			<id id="1011">
				<origin>男はそれだけいうと口を閉ざす。\f801\\f802\それ以上は答えてくれないようだ。\f801\他に質問があればしてみてもいい。\f801\\ffff\</origin>
				<translate>男はそれだけいうと口を閉ざす。\f801\\f802\それ以上は答えてくれないようだ。\f801\他に質問があればしてみてもいい。\f801\\ffff\</translate>
			</id>
			<id id="1012">
				<origin>カリスの名前を出すと、無表情に見えた\f801\男の顔に感情が浮かぶ。\f801\\ffff\</origin>
				<translate>カリスの名前を出すと、無表情に見えた\f801\男の顔に感情が浮かぶ。\f801\\ffff\</translate>
			</id>
			<id id="1013">
				<origin>\f812\冒険者の男\0000\\f81b\\565f\\4348\\4152\\5f31\\3935\\2f45\\5645\\4e54\\2f72\\6f62\\5f32\\3037\\0000\「あいつとオレの関係、だと！？\f801\お前たちには関係のない話だろう」\f801\\ffff\</origin>
				<translate>\f812\冒険者の男\0000\\f81b\\565f\\4348\\4152\\5f31\\3935\\2f45\\5645\\4e54\\2f72\\6f62\\5f32\\3037\\0000\「あいつとオレの関係、だと！？\f801\お前たちには関係のない話だろう」\f801\\ffff\</translate>
			</id>
			<id id="1014">
				<origin>\f859\\0e00\\f81b\\565f\\4348\\4152\\5f31\\3935\\2f45\\5645\\4e54\\2f72\\6f62\\5f32\\3037\\0000\「あいつとオレの関係、だと！？\f801\お前たちには関係のない話だろう」\f801\\ffff\</origin>
				<translate>\f859\\0e00\\f81b\\565f\\4348\\4152\\5f31\\3935\\2f45\\5645\\4e54\\2f72\\6f62\\5f32\\3037\\0000\「あいつとオレの関係、だと！？\f801\お前たちには関係のない話だろう」\f801\\ffff\</translate>
			</id>
			<id id="1015">
				<origin>男は冷たくそう言い捨てると\f801\そのまま口をつぐむ。\f801\\f802\それ以上は答えてくれないようだ。\f801\他に質問があればしてみてもいい。\f801\\ffff\</origin>
				<translate>男は冷たくそう言い捨てると\f801\そのまま口をつぐむ。\f801\\f802\それ以上は答えてくれないようだ。\f801\他に質問があればしてみてもいい。\f801\\ffff\</translate>
			</id>
			<id id="1016">
				<origin>君たちはこれ以上聞く事はないと\f801\考え、ロブに泥濘の助言について\f801\礼を告げると先へと進もうとする。\f801\\ffff\</origin>
				<translate>君たちはこれ以上聞く事はないと\f801\考え、ロブに泥濘の助言について\f801\礼を告げると先へと進もうとする。\f801\\ffff\</translate>
			</id>
			<id id="1017">
				<origin>\f859\\0e00\\f81b\\565f\\4348\\4152\\5f31\\3935\\2f45\\5645\\4e54\\2f72\\6f62\\5f32\\3230\\0000\「もう一ついっておく。その泥濘の先にも\f801\危険なトカゲが徘徊しているからな」\f801\\f802\「……いいや、お前たちが死んでくれた方が\f801\カリスのためには、良いのかも知れん」\f801\\ffff\</origin>
				<translate>\f859\\0e00\\f81b\\565f\\4348\\4152\\5f31\\3935\\2f45\\5645\\4e54\\2f72\\6f62\\5f32\\3230\\0000\「もう一ついっておく。その泥濘の先にも\f801\危険なトカゲが徘徊しているからな」\f801\\f802\「……いいや、お前たちが死んでくれた方が\f801\カリスのためには、良いのかも知れん」\f801\\ffff\</translate>
			</id>
			<id id="1018">
				<origin>これ以上カリスの手伝いはするな、\f801\そう言い捨てると、\f801\男はそのまま樹海へと消えていく。\f801\\ffff\</origin>
				<translate>これ以上カリスの手伝いはするな、\f801\そう言い捨てると、\f801\男はそのまま樹海へと消えていく。\f801\\ffff\</translate>
			</id>
			<id id="1019">
				<origin>君たちはそんな男を見送った後\f801\探索へと戻ることにする。\f801\\ffff\</origin>
				<translate>君たちはそんな男を見送った後\f801\探索へと戻ることにする。\f801\\ffff\</translate>
			</id>
			<id id="1020"/>
			<id id="1021"/>
			<id id="1022"/>
			<id id="1023"/>
			<id id="1024"/>
			<id id="1025"/>
			<id id="1026"/>
			<id id="1027"/>
			<id id="1028"/>
			<id id="1029"/>
			<id id="1030"/>
			<id id="1031"/>
			<id id="1032"/>
			<id id="1033"/>
			<id id="1034"/>
			<id id="1035"/>
			<id id="1036"/>
			<id id="1037"/>
			<id id="1038"/>
			<id id="1039"/>
			<id id="1040"/>
			<id id="1041"/>
			<id id="1042"/>
			<id id="1043"/>
			<id id="1044"/>
			<id id="1045"/>
			<id id="1046"/>
			<id id="1047"/>
			<id id="1048"/>
			<id id="1049"/>
			<id id="1050"/>
			<id id="1051"/>
			<id id="1052"/>
			<id id="1053"/>
			<id id="1054"/>
			<id id="1055"/>
			<id id="1056"/>
			<id id="1057"/>
			<id id="1058"/>
			<id id="1059"/>
			<id id="1060"/>
			<id id="1061"/>
			<id id="1062"/>
			<id id="1063"/>
			<id id="1064"/>
			<id id="1065"/>
			<id id="1066"/>
			<id id="1067"/>
			<id id="1068"/>
			<id id="1069"/>
			<id id="1070"/>
			<id id="1071"/>
			<id id="1072"/>
			<id id="1073"/>
			<id id="1074"/>
			<id id="1075"/>
			<id id="1076"/>
			<id id="1077"/>
			<id id="1078"/>
			<id id="1079"/>
			<id id="1080"/>
			<id id="1081"/>
			<id id="1082"/>
			<id id="1083"/>
			<id id="1084"/>
			<id id="1085"/>
			<id id="1086"/>
			<id id="1087"/>
			<id id="1088"/>
			<id id="1089"/>
			<id id="1090"/>
			<id id="1091"/>
			<id id="1092"/>
			<id id="1093"/>
			<id id="1094"/>
			<id id="1095"/>
			<id id="1096"/>
			<id id="1097"/>
			<id id="1098"/>
			<id id="1099"/>
			<id id="1100"/>
			<id id="1101"/>
			<id id="1102"/>
			<id id="1103"/>
			<id id="1104"/>
			<id id="1105"/>
			<id id="1106"/>
			<id id="1107"/>
			<id id="1108"/>
			<id id="1109"/>
			<id id="1110"/>
			<id id="1111"/>
			<id id="1112"/>
			<id id="1113"/>
			<id id="1114"/>
			<id id="1115"/>
			<id id="1116"/>
			<id id="1117"/>
			<id id="1118"/>
			<id id="1119"/>
			<id id="1120"/>
			<id id="1121"/>
			<id id="1122"/>
			<id id="1123"/>
			<id id="1124"/>
			<id id="1125"/>
			<id id="1126"/>
			<id id="1127"/>
			<id id="1128"/>
			<id id="1129"/>
			<id id="1130"/>
			<id id="1131"/>
			<id id="1132"/>
			<id id="1133"/>
			<id id="1134"/>
			<id id="1135"/>
			<id id="1136"/>
			<id id="1137"/>
			<id id="1138"/>
			<id id="1139"/>
			<id id="1140"/>
			<id id="1141"/>
			<id id="1142"/>
			<id id="1143"/>
			<id id="1144"/>
			<id id="1145"/>
			<id id="1146"/>
			<id id="1147"/>
			<id id="1148"/>
			<id id="1149"/>
			<id id="1150"/>
			<id id="1151"/>
			<id id="1152"/>
			<id id="1153"/>
			<id id="1154"/>
			<id id="1155"/>
			<id id="1156"/>
			<id id="1157"/>
			<id id="1158"/>
			<id id="1159"/>
			<id id="1160"/>
			<id id="1161"/>
			<id id="1162"/>
			<id id="1163"/>
			<id id="1164"/>
			<id id="1165"/>
			<id id="1166"/>
			<id id="1167"/>
			<id id="1168"/>
			<id id="1169"/>
			<id id="1170"/>
			<id id="1171"/>
			<id id="1172"/>
			<id id="1173"/>
			<id id="1174"/>
			<id id="1175"/>
			<id id="1176"/>
			<id id="1177"/>
			<id id="1178"/>
			<id id="1179"/>
			<id id="1180"/>
			<id id="1181"/>
			<id id="1182"/>
			<id id="1183"/>
			<id id="1184"/>
			<id id="1185"/>
			<id id="1186"/>
			<id id="1187"/>
			<id id="1188"/>
			<id id="1189"/>
			<id id="1190"/>
			<id id="1191"/>
			<id id="1192"/>
			<id id="1193"/>
			<id id="1194"/>
			<id id="1195"/>
			<id id="1196"/>
			<id id="1197"/>
			<id id="1198"/>
			<id id="1199"/>
			<id id="1200"/>
			<id id="1201"/>
			<id id="1202"/>
			<id id="1203"/>
			<id id="1204"/>
			<id id="1205"/>
			<id id="1206"/>
			<id id="1207"/>
			<id id="1208"/>
			<id id="1209"/>
			<id id="1210"/>
			<id id="1211"/>
			<id id="1212"/>
			<id id="1213"/>
			<id id="1214"/>
			<id id="1215"/>
			<id id="1216"/>
			<id id="1217"/>
			<id id="1218"/>
			<id id="1219"/>
			<id id="1220"/>
			<id id="1221"/>
			<id id="1222"/>
			<id id="1223"/>
			<id id="1224"/>
			<id id="1225"/>
			<id id="1226"/>
			<id id="1227"/>
			<id id="1228"/>
			<id id="1229"/>
			<id id="1230"/>
			<id id="1231"/>
			<id id="1232"/>
			<id id="1233"/>
			<id id="1234"/>
			<id id="1235"/>
			<id id="1236"/>
			<id id="1237"/>
			<id id="1238"/>
			<id id="1239"/>
			<id id="1240"/>
			<id id="1241"/>
			<id id="1242"/>
			<id id="1243"/>
			<id id="1244"/>
			<id id="1245"/>
			<id id="1246"/>
			<id id="1247"/>
			<id id="1248"/>
			<id id="1249"/>
			<id id="1250"/>
			<id id="1251"/>
			<id id="1252"/>
			<id id="1253"/>
			<id id="1254"/>
			<id id="1255"/>
			<id id="1256"/>
			<id id="1257"/>
			<id id="1258"/>
			<id id="1259"/>
			<id id="1260"/>
			<id id="1261"/>
			<id id="1262"/>
			<id id="1263"/>
			<id id="1264"/>
			<id id="1265"/>
			<id id="1266"/>
			<id id="1267"/>
			<id id="1268"/>
			<id id="1269"/>
			<id id="1270"/>
			<id id="1271"/>
			<id id="1272"/>
			<id id="1273"/>
			<id id="1274"/>
			<id id="1275"/>
			<id id="1276"/>
			<id id="1277"/>
			<id id="1278"/>
			<id id="1279"/>
			<id id="1280"/>
			<id id="1281"/>
			<id id="1282"/>
			<id id="1283"/>
			<id id="1284"/>
			<id id="1285"/>
			<id id="1286"/>
			<id id="1287"/>
			<id id="1288"/>
			<id id="1289"/>
			<id id="1290"/>
			<id id="1291"/>
			<id id="1292"/>
			<id id="1293"/>
			<id id="1294"/>
			<id id="1295"/>
			<id id="1296"/>
			<id id="1297"/>
			<id id="1298"/>
			<id id="1299"/>
			<id id="1300"/>
			<id id="1301"/>
			<id id="1302"/>
			<id id="1303"/>
			<id id="1304"/>
			<id id="1305"/>
			<id id="1306"/>
			<id id="1307"/>
			<id id="1308"/>
			<id id="1309"/>
			<id id="1310"/>
			<id id="1311"/>
			<id id="1312"/>
			<id id="1313"/>
			<id id="1314"/>
			<id id="1315"/>
			<id id="1316"/>
			<id id="1317"/>
			<id id="1318"/>
			<id id="1319"/>
			<id id="1320"/>
			<id id="1321"/>
			<id id="1322"/>
			<id id="1323"/>
			<id id="1324"/>
			<id id="1325"/>
			<id id="1326"/>
			<id id="1327"/>
			<id id="1328"/>
			<id id="1329"/>
			<id id="1330"/>
			<id id="1331"/>
			<id id="1332"/>
			<id id="1333"/>
			<id id="1334"/>
			<id id="1335"/>
			<id id="1336"/>
			<id id="1337"/>
			<id id="1338"/>
			<id id="1339"/>
			<id id="1340"/>
			<id id="1341"/>
			<id id="1342"/>
			<id id="1343"/>
			<id id="1344"/>
			<id id="1345"/>
			<id id="1346"/>
			<id id="1347"/>
			<id id="1348"/>
			<id id="1349"/>
			<id id="1350"/>
			<id id="1351"/>
			<id id="1352"/>
			<id id="1353"/>
			<id id="1354"/>
			<id id="1355"/>
			<id id="1356"/>
			<id id="1357"/>
			<id id="1358"/>
			<id id="1359"/>
			<id id="1360"/>
			<id id="1361"/>
			<id id="1362"/>
			<id id="1363"/>
			<id id="1364"/>
			<id id="1365"/>
			<id id="1366"/>
			<id id="1367"/>
			<id id="1368"/>
			<id id="1369"/>
			<id id="1370"/>
			<id id="1371"/>
			<id id="1372"/>
			<id id="1373"/>
			<id id="1374"/>
			<id id="1375"/>
			<id id="1376"/>
			<id id="1377"/>
			<id id="1378"/>
			<id id="1379"/>
			<id id="1380"/>
			<id id="1381"/>
			<id id="1382"/>
			<id id="1383"/>
			<id id="1384"/>
			<id id="1385"/>
			<id id="1386"/>
			<id id="1387"/>
			<id id="1388"/>
			<id id="1389"/>
			<id id="1390"/>
			<id id="1391"/>
			<id id="1392"/>
			<id id="1393"/>
			<id id="1394"/>
			<id id="1395"/>
			<id id="1396"/>
			<id id="1397"/>
			<id id="1398"/>
			<id id="1399"/>
			<id id="1400"/>
			<id id="1401"/>
			<id id="1402"/>
			<id id="1403"/>
			<id id="1404"/>
			<id id="1405"/>
			<id id="1406"/>
			<id id="1407"/>
			<id id="1408"/>
			<id id="1409"/>
			<id id="1410"/>
			<id id="1411"/>
			<id id="1412"/>
			<id id="1413"/>
			<id id="1414"/>
			<id id="1415"/>
			<id id="1416"/>
			<id id="1417"/>
			<id id="1418"/>
			<id id="1419"/>
			<id id="1420"/>
			<id id="1421"/>
			<id id="1422"/>
			<id id="1423"/>
			<id id="1424"/>
			<id id="1425"/>
			<id id="1426"/>
			<id id="1427"/>
			<id id="1428"/>
			<id id="1429"/>
			<id id="1430"/>
			<id id="1431"/>
			<id id="1432"/>
			<id id="1433"/>
			<id id="1434"/>
			<id id="1435"/>
			<id id="1436"/>
			<id id="1437"/>
			<id id="1438"/>
			<id id="1439"/>
			<id id="1440"/>
			<id id="1441"/>
			<id id="1442"/>
			<id id="1443"/>
			<id id="1444"/>
			<id id="1445"/>
			<id id="1446"/>
			<id id="1447"/>
			<id id="1448"/>
			<id id="1449"/>
			<id id="1450"/>
			<id id="1451"/>
			<id id="1452"/>
			<id id="1453"/>
			<id id="1454"/>
			<id id="1455"/>
			<id id="1456"/>
			<id id="1457"/>
			<id id="1458"/>
			<id id="1459"/>
			<id id="1460"/>
			<id id="1461"/>
			<id id="1462"/>
			<id id="1463"/>
			<id id="1464"/>
			<id id="1465"/>
			<id id="1466"/>
			<id id="1467"/>
			<id id="1468"/>
			<id id="1469"/>
			<id id="1470"/>
			<id id="1471"/>
			<id id="1472"/>
			<id id="1473"/>
			<id id="1474"/>
			<id id="1475"/>
			<id id="1476"/>
			<id id="1477"/>
			<id id="1478"/>
			<id id="1479"/>
			<id id="1480"/>
			<id id="1481"/>
			<id id="1482"/>
			<id id="1483"/>
			<id id="1484"/>
			<id id="1485"/>
			<id id="1486"/>
			<id id="1487"/>
			<id id="1488"/>
			<id id="1489"/>
			<id id="1490"/>
			<id id="1491"/>
			<id id="1492"/>
			<id id="1493"/>
			<id id="1494"/>
			<id id="1495"/>
			<id id="1496"/>
			<id id="1497"/>
			<id id="1498"/>
			<id id="1499"/>
			<id id="1500"/>
			<id id="1501"/>
			<id id="1502"/>
			<id id="1503"/>
			<id id="1504"/>
			<id id="1505"/>
			<id id="1506"/>
			<id id="1507"/>
			<id id="1508"/>
			<id id="1509"/>
			<id id="1510"/>
			<id id="1511"/>
			<id id="1512"/>
			<id id="1513"/>
			<id id="1514"/>
			<id id="1515"/>
			<id id="1516"/>
			<id id="1517"/>
			<id id="1518"/>
			<id id="1519"/>
			<id id="1520"/>
			<id id="1521"/>
			<id id="1522"/>
			<id id="1523"/>
			<id id="1524"/>
			<id id="1525"/>
			<id id="1526"/>
			<id id="1527"/>
			<id id="1528"/>
			<id id="1529"/>
			<id id="1530"/>
			<id id="1531"/>
			<id id="1532"/>
			<id id="1533"/>
			<id id="1534"/>
			<id id="1535"/>
			<id id="1536"/>
			<id id="1537"/>
			<id id="1538"/>
			<id id="1539"/>
			<id id="1540"/>
			<id id="1541"/>
			<id id="1542"/>
			<id id="1543"/>
			<id id="1544"/>
			<id id="1545"/>
			<id id="1546"/>
			<id id="1547"/>
			<id id="1548"/>
			<id id="1549"/>
			<id id="1550"/>
			<id id="1551"/>
			<id id="1552"/>
			<id id="1553"/>
			<id id="1554"/>
			<id id="1555"/>
			<id id="1556"/>
			<id id="1557"/>
			<id id="1558"/>
			<id id="1559"/>
			<id id="1560"/>
			<id id="1561"/>
			<id id="1562"/>
			<id id="1563"/>
			<id id="1564"/>
			<id id="1565"/>
			<id id="1566"/>
			<id id="1567"/>
			<id id="1568"/>
			<id id="1569"/>
			<id id="1570"/>
			<id id="1571"/>
			<id id="1572"/>
			<id id="1573"/>
			<id id="1574"/>
			<id id="1575"/>
			<id id="1576"/>
			<id id="1577"/>
			<id id="1578"/>
			<id id="1579"/>
			<id id="1580"/>
			<id id="1581"/>
			<id id="1582"/>
			<id id="1583"/>
			<id id="1584"/>
			<id id="1585"/>
			<id id="1586"/>
			<id id="1587"/>
			<id id="1588"/>
			<id id="1589"/>
			<id id="1590"/>
			<id id="1591"/>
			<id id="1592"/>
			<id id="1593"/>
			<id id="1594"/>
			<id id="1595"/>
			<id id="1596"/>
			<id id="1597"/>
			<id id="1598"/>
			<id id="1599"/>
			<id id="1600"/>
			<id id="1601"/>
			<id id="1602"/>
			<id id="1603"/>
			<id id="1604"/>
			<id id="1605"/>
			<id id="1606"/>
			<id id="1607"/>
			<id id="1608"/>
			<id id="1609"/>
			<id id="1610"/>
			<id id="1611"/>
			<id id="1612"/>
			<id id="1613"/>
			<id id="1614"/>
			<id id="1615"/>
			<id id="1616"/>
			<id id="1617"/>
			<id id="1618"/>
			<id id="1619"/>
			<id id="1620"/>
			<id id="1621"/>
			<id id="1622"/>
			<id id="1623"/>
			<id id="1624"/>
			<id id="1625"/>
			<id id="1626"/>
			<id id="1627"/>
			<id id="1628"/>
			<id id="1629"/>
			<id id="1630"/>
			<id id="1631"/>
			<id id="1632"/>
			<id id="1633"/>
			<id id="1634"/>
			<id id="1635"/>
			<id id="1636"/>
			<id id="1637"/>
			<id id="1638"/>
			<id id="1639"/>
			<id id="1640"/>
			<id id="1641"/>
			<id id="1642"/>
			<id id="1643"/>
			<id id="1644"/>
			<id id="1645"/>
			<id id="1646"/>
			<id id="1647"/>
			<id id="1648"/>
			<id id="1649"/>
			<id id="1650"/>
			<id id="1651"/>
			<id id="1652"/>
			<id id="1653"/>
			<id id="1654"/>
			<id id="1655"/>
			<id id="1656"/>
			<id id="1657"/>
			<id id="1658"/>
			<id id="1659"/>
			<id id="1660"/>
			<id id="1661"/>
			<id id="1662"/>
			<id id="1663"/>
			<id id="1664"/>
			<id id="1665"/>
			<id id="1666"/>
			<id id="1667"/>
			<id id="1668"/>
			<id id="1669"/>
			<id id="1670"/>
			<id id="1671"/>
			<id id="1672"/>
			<id id="1673"/>
			<id id="1674"/>
			<id id="1675"/>
			<id id="1676"/>
			<id id="1677"/>
			<id id="1678"/>
			<id id="1679"/>
			<id id="1680"/>
			<id id="1681"/>
			<id id="1682"/>
			<id id="1683"/>
			<id id="1684"/>
			<id id="1685"/>
			<id id="1686"/>
			<id id="1687"/>
			<id id="1688"/>
			<id id="1689"/>
			<id id="1690"/>
			<id id="1691"/>
			<id id="1692"/>
			<id id="1693"/>
			<id id="1694"/>
			<id id="1695"/>
			<id id="1696"/>
			<id id="1697"/>
			<id id="1698"/>
			<id id="1699"/>
			<id id="1700"/>
			<id id="1701"/>
			<id id="1702"/>
			<id id="1703"/>
			<id id="1704"/>
			<id id="1705"/>
			<id id="1706"/>
			<id id="1707"/>
			<id id="1708"/>
			<id id="1709"/>
			<id id="1710"/>
			<id id="1711"/>
			<id id="1712"/>
			<id id="1713"/>
			<id id="1714"/>
			<id id="1715"/>
			<id id="1716"/>
			<id id="1717"/>
			<id id="1718"/>
			<id id="1719"/>
			<id id="1720"/>
			<id id="1721"/>
			<id id="1722"/>
			<id id="1723"/>
			<id id="1724"/>
			<id id="1725"/>
			<id id="1726"/>
			<id id="1727"/>
			<id id="1728"/>
			<id id="1729"/>
			<id id="1730"/>
			<id id="1731"/>
			<id id="1732"/>
			<id id="1733"/>
			<id id="1734"/>
			<id id="1735"/>
			<id id="1736"/>
			<id id="1737"/>
			<id id="1738"/>
			<id id="1739"/>
			<id id="1740"/>
			<id id="1741"/>
			<id id="1742"/>
			<id id="1743"/>
			<id id="1744"/>
			<id id="1745"/>
			<id id="1746"/>
			<id id="1747"/>
			<id id="1748"/>
			<id id="1749"/>
			<id id="1750"/>
			<id id="1751"/>
			<id id="1752"/>
			<id id="1753"/>
			<id id="1754"/>
			<id id="1755"/>
			<id id="1756"/>
			<id id="1757"/>
			<id id="1758"/>
			<id id="1759"/>
			<id id="1760"/>
			<id id="1761"/>
			<id id="1762"/>
			<id id="1763"/>
			<id id="1764"/>
			<id id="1765"/>
			<id id="1766"/>
			<id id="1767"/>
			<id id="1768"/>
			<id id="1769"/>
			<id id="1770"/>
			<id id="1771"/>
			<id id="1772"/>
			<id id="1773"/>
			<id id="1774"/>
			<id id="1775"/>
			<id id="1776"/>
			<id id="1777"/>
			<id id="1778"/>
			<id id="1779"/>
			<id id="1780"/>
			<id id="1781"/>
			<id id="1782"/>
			<id id="1783"/>
			<id id="1784"/>
			<id id="1785"/>
			<id id="1786"/>
			<id id="1787"/>
			<id id="1788"/>
			<id id="1789"/>
			<id id="1790"/>
			<id id="1791"/>
			<id id="1792"/>
			<id id="1793"/>
			<id id="1794"/>
			<id id="1795"/>
			<id id="1796"/>
			<id id="1797"/>
			<id id="1798"/>
			<id id="1799"/>
			<id id="1800"/>
			<id id="1801"/>
			<id id="1802"/>
			<id id="1803"/>
			<id id="1804"/>
			<id id="1805"/>
			<id id="1806"/>
			<id id="1807"/>
			<id id="1808"/>
			<id id="1809"/>
			<id id="1810"/>
			<id id="1811"/>
			<id id="1812"/>
			<id id="1813"/>
			<id id="1814"/>
			<id id="1815"/>
			<id id="1816"/>
			<id id="1817"/>
			<id id="1818"/>
			<id id="1819"/>
			<id id="1820"/>
			<id id="1821"/>
			<id id="1822"/>
			<id id="1823"/>
			<id id="1824"/>
			<id id="1825"/>
			<id id="1826"/>
			<id id="1827"/>
			<id id="1828"/>
			<id id="1829"/>
			<id id="1830"/>
			<id id="1831"/>
			<id id="1832"/>
			<id id="1833"/>
			<id id="1834"/>
			<id id="1835"/>
			<id id="1836"/>
			<id id="1837"/>
			<id id="1838"/>
			<id id="1839"/>
			<id id="1840"/>
			<id id="1841"/>
			<id id="1842"/>
			<id id="1843"/>
			<id id="1844"/>
			<id id="1845"/>
			<id id="1846"/>
			<id id="1847"/>
			<id id="1848"/>
			<id id="1849"/>
			<id id="1850"/>
			<id id="1851"/>
			<id id="1852"/>
			<id id="1853"/>
			<id id="1854"/>
			<id id="1855"/>
			<id id="1856"/>
			<id id="1857"/>
			<id id="1858"/>
			<id id="1859"/>
			<id id="1860"/>
			<id id="1861"/>
			<id id="1862"/>
			<id id="1863"/>
			<id id="1864"/>
			<id id="1865"/>
			<id id="1866"/>
			<id id="1867"/>
			<id id="1868"/>
			<id id="1869"/>
			<id id="1870"/>
			<id id="1871"/>
			<id id="1872"/>
			<id id="1873"/>
			<id id="1874"/>
			<id id="1875"/>
			<id id="1876"/>
			<id id="1877"/>
			<id id="1878"/>
			<id id="1879"/>
			<id id="1880"/>
			<id id="1881"/>
			<id id="1882"/>
			<id id="1883"/>
			<id id="1884"/>
			<id id="1885"/>
			<id id="1886"/>
			<id id="1887"/>
			<id id="1888"/>
			<id id="1889"/>
			<id id="1890"/>
			<id id="1891"/>
			<id id="1892"/>
			<id id="1893"/>
			<id id="1894"/>
			<id id="1895"/>
			<id id="1896"/>
			<id id="1897"/>
			<id id="1898"/>
			<id id="1899"/>
			<id id="1900"/>
			<id id="1901"/>
			<id id="1902"/>
			<id id="1903"/>
			<id id="1904"/>
			<id id="1905"/>
			<id id="1906"/>
			<id id="1907"/>
			<id id="1908"/>
			<id id="1909"/>
			<id id="1910"/>
			<id id="1911"/>
			<id id="1912"/>
			<id id="1913"/>
			<id id="1914"/>
			<id id="1915"/>
			<id id="1916"/>
			<id id="1917"/>
			<id id="1918"/>
			<id id="1919"/>
			<id id="1920"/>
			<id id="1921"/>
			<id id="1922"/>
			<id id="1923"/>
			<id id="1924"/>
			<id id="1925"/>
			<id id="1926"/>
			<id id="1927"/>
			<id id="1928"/>
			<id id="1929"/>
			<id id="1930"/>
			<id id="1931"/>
			<id id="1932"/>
			<id id="1933"/>
			<id id="1934"/>
			<id id="1935"/>
			<id id="1936"/>
			<id id="1937"/>
			<id id="1938"/>
			<id id="1939"/>
			<id id="1940"/>
			<id id="1941"/>
			<id id="1942"/>
			<id id="1943"/>
			<id id="1944"/>
			<id id="1945"/>
			<id id="1946"/>
			<id id="1947"/>
			<id id="1948"/>
			<id id="1949"/>
			<id id="1950"/>
			<id id="1951"/>
			<id id="1952"/>
			<id id="1953"/>
			<id id="1954"/>
			<id id="1955"/>
			<id id="1956"/>
			<id id="1957"/>
			<id id="1958"/>
			<id id="1959"/>
			<id id="1960"/>
			<id id="1961"/>
			<id id="1962"/>
			<id id="1963"/>
			<id id="1964"/>
			<id id="1965"/>
			<id id="1966"/>
			<id id="1967"/>
			<id id="1968"/>
			<id id="1969"/>
			<id id="1970"/>
			<id id="1971"/>
			<id id="1972"/>
			<id id="1973"/>
			<id id="1974"/>
			<id id="1975"/>
			<id id="1976"/>
			<id id="1977"/>
			<id id="1978"/>
			<id id="1979"/>
			<id id="1980"/>
			<id id="1981"/>
			<id id="1982"/>
			<id id="1983"/>
			<id id="1984"/>
			<id id="1985"/>
			<id id="1986"/>
			<id id="1987"/>
			<id id="1988"/>
			<id id="1989"/>
			<id id="1990"/>
			<id id="1991"/>
			<id id="1992"/>
			<id id="1993"/>
			<id id="1994"/>
			<id id="1995"/>
			<id id="1996"/>
			<id id="1997"/>
			<id id="1998"/>
			<id id="1999"/>
			<id id="2000">
				<origin>目の前の扉は不思議な力で閉じられ、\f801\君たちの力ではびくともしない！\f801\\f802\この扉を開く為には、\f801\何か\f804\\0500\鍵の様な物\f804\\0000\が\f801\必要なのかもしれない…\f801\\ffff\</origin>
				<translate>目の前の扉は不思議な力で閉じられ、\f801\君たちの力ではびくともしない！\f801\\f802\この扉を開く為には、\f801\何か\f804\\0500\鍵の様な物\f804\\0000\が\f801\必要なのかもしれない…\f801\\ffff\</translate>
			</id>
		</body>
	</mbm>
