<?xml version="1.0" encoding="UTF-8"?>
	<mbm>
		<head>000000004d53473200000100</head>
		<size>6a4b0000</size>
		<number>b3040000</number>
		<j>200000000000000000000000</j>
		<body>
			<id id="0">
				<origin>君たちが樹海を探索していると、\f801\どこから鳥の鳴き声が聞こえてくる。\f801\\f802\声の元をたどると、一本の木の根元付近に\f801\鳥のヒナが落ちていた。\f801\それも三羽もだ。\f801\\f802\上を見上げると、高い枝の途中に\f801\巣があるのが見える。\f801\どうやらそこから落ちたようだ。\f801\\f802\幸い、ヒナたちにケガは見当たらない。\f801\君たちはこのヒナたちを見捨てることも、\f801\巣に戻してやることもできる。\f801\\ffff\</origin>
				<translate>君たちが樹海を探索していると、\f801\どこから鳥の鳴き声が聞こえてくる。\f801\\f802\声の元をたどると、一本の木の根元付近に\f801\鳥のヒナが落ちていた。\f801\それも三羽もだ。\f801\\f802\上を見上げると、高い枝の途中に\f801\巣があるのが見える。\f801\どうやらそこから落ちたようだ。\f801\\f802\幸い、ヒナたちにケガは見当たらない。\f801\君たちはこのヒナたちを見捨てることも、\f801\巣に戻してやることもできる。\f801\\ffff\</translate>
			</id>
			<id id="1"/>
			<id id="2"/>
			<id id="3">
				<origin>\f804\\0500\どうしますか？\f804\\0000\\f801\巣に戻す\f801\立ち去る\f801\\ffff\</origin>
				<translate>\f804\\0500\どうしますか？\f804\\0000\\f801\巣に戻す\f801\立ち去る\f801\\ffff\</translate>
			</id>
			<id id="4"/>
			<id id="5"/>
			<id id="6">
				<origin>君はこの哀れなヒナたちを\f801\巣に戻してやることに決める。\f801\\f802\木は適度な太さでしっかりしており、\f801\人の重さでは折れるようなことは\f801\なさそうだ。\f801\\f802\慎重に巣までたどり着いた君は、\f801\ヒナたちを巣に戻そうとして\f801\あるものを見つける。\f801\\f802\それは巣にすっぽりとハマった\f801\果物の実だった。\f801\\f802\何者かが投げたのだろうか、\f801\果実が巣に当たった衝撃でヒナたちが\f801\下に落ちたらしい。\f801\\f802\君は果実を取り除くと、\f801\三羽のヒナたちを巣に戻し、\f801\無事に地上へと戻る。\f801\\f802\地上に戻ってから、\f801\巣から持ち帰った果実を調べる。\f801\\f802\まだみずみずしく、どこにも傷みはない。\f801\その色と香りから、その果実は\f801\\f804\\0500\姫リンゴ\f804\\0000\であることがわかった。\f801\\ffff\</origin>
				<translate>君はこの哀れなヒナたちを\f801\巣に戻してやることに決める。\f801\\f802\木は適度な太さでしっかりしており、\f801\人の重さでは折れるようなことは\f801\なさそうだ。\f801\\f802\慎重に巣までたどり着いた君は、\f801\ヒナたちを巣に戻そうとして\f801\あるものを見つける。\f801\\f802\それは巣にすっぽりとハマった\f801\果物の実だった。\f801\\f802\何者かが投げたのだろうか、\f801\果実が巣に当たった衝撃でヒナたちが\f801\下に落ちたらしい。\f801\\f802\君は果実を取り除くと、\f801\三羽のヒナたちを巣に戻し、\f801\無事に地上へと戻る。\f801\\f802\地上に戻ってから、\f801\巣から持ち帰った果実を調べる。\f801\\f802\まだみずみずしく、どこにも傷みはない。\f801\その色と香りから、その果実は\f801\\f804\\0500\姫リンゴ\f804\\0000\であることがわかった。\f801\\ffff\</translate>
			</id>
			<id id="7"/>
			<id id="8"/>
			<id id="9">
				<origin>君はヒナを助けた善行のお礼だとして\f801\その果実をありがたく頂戴し、\f801\また探索に戻ることにする。\f801\\ffff\</origin>
				<translate>君はヒナを助けた善行のお礼だとして\f801\その果実をありがたく頂戴し、\f801\また探索に戻ることにする。\f801\\ffff\</translate>
			</id>
			<id id="10"/>
			<id id="11"/>
			<id id="12">
				<origin>鳥の巣の果実\f801\\ffff\</origin>
				<translate>鳥の巣の果実\f801\\ffff\</translate>
			</id>
			<id id="13"/>
			<id id="14"/>
			<id id="15">
				<origin>樹海を探索していた君たちは\f801\地面に落ちていたヒナを\f801\巣に戻し、巣に落ちていた\f801\アイテムを得た。\f801\\ffff\</origin>
				<translate>樹海を探索していた君たちは\f801\地面に落ちていたヒナを\f801\巣に戻し、巣に落ちていた\f801\アイテムを得た。\f801\\ffff\</translate>
			</id>
			<id id="16"/>
			<id id="17"/>
			<id id="18">
				<origin>野生の動物には\f801\安易に手を貸すべきではない。\f801\\f802\君たちはそう考え、樹海の探索のため\f801\その場を立ち去ることにする。\f801\\ffff\</origin>
				<translate>野生の動物には\f801\安易に手を貸すべきではない。\f801\\f802\君たちはそう考え、樹海の探索のため\f801\その場を立ち去ることにする。\f801\\ffff\</translate>
			</id>
			<id id="19"/>
			<id id="20"/>
			<id id="21"/>
			<id id="22"/>
			<id id="23"/>
			<id id="24"/>
			<id id="25"/>
			<id id="26"/>
			<id id="27"/>
			<id id="28"/>
			<id id="29"/>
			<id id="30"/>
			<id id="31"/>
			<id id="32"/>
			<id id="33"/>
			<id id="34"/>
			<id id="35"/>
			<id id="36"/>
			<id id="37"/>
			<id id="38"/>
			<id id="39"/>
			<id id="40"/>
			<id id="41"/>
			<id id="42"/>
			<id id="43"/>
			<id id="44"/>
			<id id="45"/>
			<id id="46"/>
			<id id="47"/>
			<id id="48"/>
			<id id="49"/>
			<id id="50">
				<origin>樹海を探索していた君たちは、\f801\広場のような場所に出る。\f801\\f802\そこは一見すると、何もない草原だ。\f801\開放的で、吹き抜ける風が心地よい。\f801\\f802\そこで休もうかと思っていた君たちは、\f801\近くの草むらが微かに動いているのを\f801\見つける。\f801\\f802\動物だろうか？\f801\それとも魔物だろうか？\f801\\f802\君たちは草むらに潜むものの正体を\f801\確認してもいいし、\f801\気づかれないうちに立ち去ってもいい。\f801\\ffff\</origin>
				<translate>樹海を探索していた君たちは、\f801\広場のような場所に出る。\f801\\f802\そこは一見すると、何もない草原だ。\f801\開放的で、吹き抜ける風が心地よい。\f801\\f802\そこで休もうかと思っていた君たちは、\f801\近くの草むらが微かに動いているのを\f801\見つける。\f801\\f802\動物だろうか？\f801\それとも魔物だろうか？\f801\\f802\君たちは草むらに潜むものの正体を\f801\確認してもいいし、\f801\気づかれないうちに立ち去ってもいい。\f801\\ffff\</translate>
			</id>
			<id id="51"/>
			<id id="52"/>
			<id id="53">
				<origin>\f804\\0500\どうしますか？\f804\\0000\\f801\確認する\f801\立ち去る\f801\\ffff\</origin>
				<translate>\f804\\0500\どうしますか？\f804\\0000\\f801\確認する\f801\立ち去る\f801\\ffff\</translate>
			</id>
			<id id="54"/>
			<id id="55"/>
			<id id="56">
				<origin>草むらに潜むものが何なのか？\f801\それが冒険者の性というものか、\f801\君たちは確認するために近づいていく。\f801\\f802\草をかき分け、君たちが見たのは\f801\食事中の魔物の姿だった！\f801\\ffff\</origin>
				<translate>草むらに潜むものが何なのか？\f801\それが冒険者の性というものか、\f801\君たちは確認するために近づいていく。\f801\\f802\草をかき分け、君たちが見たのは\f801\食事中の魔物の姿だった！\f801\\ffff\</translate>
			</id>
			<id id="57">
				<origin>魔物は君たちを獲物を奪いに来た敵だと\f801\認識したようだ！\f801\唸り声を上げて襲いかかる！\f801\\f802\魔物の餌になりたくないのなら、\f801\全力で戦いたまえ！\f801\\ffff\</origin>
				<translate>魔物は君たちを獲物を奪いに来た敵だと\f801\認識したようだ！\f801\唸り声を上げて襲いかかる！\f801\\f802\魔物の餌になりたくないのなら、\f801\全力で戦いたまえ！\f801\\ffff\</translate>
			</id>
			<id id="58"/>
			<id id="59">
				<origin>触れなければ何も起こることはない。\f801\君たちは詮索を行わないことを選択し、\f801\静かにその場を後にする。\f801\\ffff\</origin>
				<translate>触れなければ何も起こることはない。\f801\君たちは詮索を行わないことを選択し、\f801\静かにその場を後にする。\f801\\ffff\</translate>
			</id>
			<id id="60"/>
			<id id="61"/>
			<id id="62"/>
			<id id="63"/>
			<id id="64"/>
			<id id="65"/>
			<id id="66"/>
			<id id="67"/>
			<id id="68"/>
			<id id="69"/>
			<id id="70">
				<origin>誰でも食事の邪魔をされれば怒るものだ。\f801\たとえそれが魔物であっても。\f801\\f802\そのことを肝に銘じ、\f801\君たちは再び樹海の探索に戻ることにする。\f801\\ffff\</origin>
				<translate>誰でも食事の邪魔をされれば怒るものだ。\f801\たとえそれが魔物であっても。\f801\\f802\そのことを肝に銘じ、\f801\君たちは再び樹海の探索に戻ることにする。\f801\\ffff\</translate>
			</id>
			<id id="71"/>
			<id id="72"/>
			<id id="73">
				<origin>食事を邪魔した代償\f801\\ffff\</origin>
				<translate>食事を邪魔した代償\f801\\ffff\</translate>
			</id>
			<id id="74"/>
			<id id="75"/>
			<id id="76">
				<origin>樹海を探索していた君たちは\f801\草むらで食事をする魔物と遭遇し\f801\戦闘になったが、\f801\これに勝利した。\f801\\ffff\</origin>
				<translate>樹海を探索していた君たちは\f801\草むらで食事をする魔物と遭遇し\f801\戦闘になったが、\f801\これに勝利した。\f801\\ffff\</translate>
			</id>
			<id id="77"/>
			<id id="78"/>
			<id id="79"/>
			<id id="80"/>
			<id id="81"/>
			<id id="82"/>
			<id id="83"/>
			<id id="84"/>
			<id id="85"/>
			<id id="86"/>
			<id id="87"/>
			<id id="88"/>
			<id id="89"/>
			<id id="90"/>
			<id id="91"/>
			<id id="92"/>
			<id id="93"/>
			<id id="94"/>
			<id id="95"/>
			<id id="96"/>
			<id id="97"/>
			<id id="98"/>
			<id id="99"/>
			<id id="100">
				<origin>樹海を探索する君たちは、近くの木の根で\f801\動物が何かを埋めているのを発見する。\f801\\f802\動物は土をかけ終えると、\f801\急いで走り去っていく。\f801\すぐに戻ってくる気配はなさそうだ。\f801\\f802\動物が何を埋めていたのか興味があるのなら\f801\君たちはそれを掘り返すことができる。\f801\\ffff\</origin>
				<translate>樹海を探索する君たちは、近くの木の根で\f801\動物が何かを埋めているのを発見する。\f801\\f802\動物は土をかけ終えると、\f801\急いで走り去っていく。\f801\すぐに戻ってくる気配はなさそうだ。\f801\\f802\動物が何を埋めていたのか興味があるのなら\f801\君たちはそれを掘り返すことができる。\f801\\ffff\</translate>
			</id>
			<id id="101"/>
			<id id="102"/>
			<id id="103">
				<origin>\f804\\0500\どうしますか？\f804\\0000\\f801\掘り返す\f801\立ち去る\f801\\ffff\</origin>
				<translate>\f804\\0500\どうしますか？\f804\\0000\\f801\掘り返す\f801\立ち去る\f801\\ffff\</translate>
			</id>
			<id id="104"/>
			<id id="105"/>
			<id id="106">
				<origin>木の根元に近づき動物が埋めた跡を見ると\f801\今埋めたばかりの跡のそばに、\f801\少し前に埋めたであろう跡もある。\f801\\ffff\</origin>
				<translate>木の根元に近づき動物が埋めた跡を見ると\f801\今埋めたばかりの跡のそばに、\f801\少し前に埋めたであろう跡もある。\f801\\ffff\</translate>
			</id>
			<id id="107"/>
			<id id="108"/>
			<id id="109">
				<origin>\f804\\0500\どうしますか？\f804\\0000\\f801\新しい跡を掘る\f801\古い跡を掘る\f801\やめて立ち去る\f801\\ffff\</origin>
				<translate>\f804\\0500\どうしますか？\f804\\0000\\f801\新しい跡を掘る\f801\古い跡を掘る\f801\やめて立ち去る\f801\\ffff\</translate>
			</id>
			<id id="110">
				<origin>\f804\\0500\どうしますか？\f804\\0000\\f801\古い跡を掘る\f801\やめて立ち去る\f801\\ffff\</origin>
				<translate>\f804\\0500\どうしますか？\f804\\0000\\f801\古い跡を掘る\f801\やめて立ち去る\f801\\ffff\</translate>
			</id>
			<id id="111">
				<origin>\f804\\0500\どうしますか？\f804\\0000\\f801\新しい跡を掘る\f801\やめて立ち去る\f801\\ffff\</origin>
				<translate>\f804\\0500\どうしますか？\f804\\0000\\f801\新しい跡を掘る\f801\やめて立ち去る\f801\\ffff\</translate>
			</id>
			<id id="112">
				<origin>君は動物が埋めたばかりの土を掘る。\f801\土はまだやわらかいため、木の棒などで\f801\簡単に掘り起こすことができた。\f801\\f802\何が埋まっているのだろうか？\f801\期待をこめて掘り返す。\f801\\f802\だが出てきたのは、動物のフンだった！\f801\フンの匂いは捕食者を引き寄せるため、\f801\動物はフンを埋めることがあるのだ。\f801\\ffff\</origin>
				<translate>君は動物が埋めたばかりの土を掘る。\f801\土はまだやわらかいため、木の棒などで\f801\簡単に掘り起こすことができた。\f801\\f802\何が埋まっているのだろうか？\f801\期待をこめて掘り返す。\f801\\f802\だが出てきたのは、動物のフンだった！\f801\フンの匂いは捕食者を引き寄せるため、\f801\動物はフンを埋めることがあるのだ。\f801\\ffff\</translate>
			</id>
			<id id="113"/>
			<id id="114"/>
			<id id="115">
				<origin>君は少し古めの跡を掘り始める。\f801\土は多少固まっていたが、\f801\掘り返すのはそれほど苦ではない。\f801\\f802\何が埋まっているのだろうか？\f801\期待をこめて掘り返す。\f801\\f802\やがて出てきたのは小さな布袋だった。\f801\しかもその袋は何かが入っているような\f801\重みを感じる。\f801\\f802\袋の内部を探ると、１本の薬瓶が出てきた！\f801\内部の薬品は特に腐っていることもなく、\f801\まだ飲むことができそうだ！\f801\\f802\君たちは穴掘りの対価として、\f801\その薬を頂戴する。\f801\\ffff\</origin>
				<translate>君は少し古めの跡を掘り始める。\f801\土は多少固まっていたが、\f801\掘り返すのはそれほど苦ではない。\f801\\f802\何が埋まっているのだろうか？\f801\期待をこめて掘り返す。\f801\\f802\やがて出てきたのは小さな布袋だった。\f801\しかもその袋は何かが入っているような\f801\重みを感じる。\f801\\f802\袋の内部を探ると、１本の薬瓶が出てきた！\f801\内部の薬品は特に腐っていることもなく、\f801\まだ飲むことができそうだ！\f801\\f802\君たちは穴掘りの対価として、\f801\その薬を頂戴する。\f801\\ffff\</translate>
			</id>
			<id id="116"/>
			<id id="117"/>
			<id id="118">
				<origin>動物のフンを掘り返してしまった君たちは\f801\これ以上の徒労を行わないうちに\f801\樹海の探索に戻ることにする。\f801\\ffff\</origin>
				<translate>動物のフンを掘り返してしまった君たちは\f801\これ以上の徒労を行わないうちに\f801\樹海の探索に戻ることにする。\f801\\ffff\</translate>
			</id>
			<id id="119"/>
			<id id="120"/>
			<id id="121">
				<origin>君たちは薬瓶ひとつを\f801\手に入れることが出来た幸運に満足し\f801\探索に戻ることにする。\f801\\ffff\</origin>
				<translate>君たちは薬瓶ひとつを\f801\手に入れることが出来た幸運に満足し\f801\探索に戻ることにする。\f801\\ffff\</translate>
			</id>
			<id id="122"/>
			<id id="123"/>
			<id id="124">
				<origin>他に何かを埋めたような跡は見当たらない。\f801\もしあったとしても、また動物のフンが\f801\出てくるかもしれない。\f801\\f802\君たちは薬瓶ひとつを\f801\手に入れることが出来た幸運に満足し\f801\探索に戻ることにする。\f801\\ffff\</origin>
				<translate>他に何かを埋めたような跡は見当たらない。\f801\もしあったとしても、また動物のフンが\f801\出てくるかもしれない。\f801\\f802\君たちは薬瓶ひとつを\f801\手に入れることが出来た幸運に満足し\f801\探索に戻ることにする。\f801\\ffff\</translate>
			</id>
			<id id="125"/>
			<id id="126"/>
			<id id="127">
				<origin>動物の埋めたもの\f801\\ffff\</origin>
				<translate>動物の埋めたもの\f801\\ffff\</translate>
			</id>
			<id id="128"/>
			<id id="129"/>
			<id id="130">
				<origin>樹海を探索していた君たちは\f801\木の根元を掘り起こし、\f801\動物が埋めた薬瓶を見つけ\f801\手に入れることができた。\f801\\ffff\</origin>
				<translate>樹海を探索していた君たちは\f801\木の根元を掘り起こし、\f801\動物が埋めた薬瓶を見つけ\f801\手に入れることができた。\f801\\ffff\</translate>
			</id>
			<id id="131"/>
			<id id="132"/>
			<id id="133">
				<origin>動物が埋めるようなものには興味はない。\f801\君たちは樹海の探索に戻ることにする。\f801\\ffff\</origin>
				<translate>動物が埋めるようなものには興味はない。\f801\君たちは樹海の探索に戻ることにする。\f801\\ffff\</translate>
			</id>
			<id id="134"/>
			<id id="135"/>
			<id id="136"/>
			<id id="137"/>
			<id id="138"/>
			<id id="139"/>
			<id id="140"/>
			<id id="141"/>
			<id id="142"/>
			<id id="143"/>
			<id id="144"/>
			<id id="145"/>
			<id id="146"/>
			<id id="147"/>
			<id id="148"/>
			<id id="149"/>
			<id id="150">
				<origin>樹海の探索をする君たちは、\f801\木々の開けた場所に出る。\f801\\f802\爽やかな風に足を止めていると、\f801\風に乗って桜の花びらが飛んでくる。\f801\\f802\その花びらを手に取り眺めていた君たちは\f801\ふとこの花びらを使った\f801\桜笛のことを思い出す。\f801\\f802\幸い、ここに魔物はいないらしく、\f801\危険を感じずに休むことができそうだ。\f801\君たちは桜笛を試して遊んでもいい。\f801\\ffff\</origin>
				<translate>樹海の探索をする君たちは、\f801\木々の開けた場所に出る。\f801\\f802\爽やかな風に足を止めていると、\f801\風に乗って桜の花びらが飛んでくる。\f801\\f802\その花びらを手に取り眺めていた君たちは\f801\ふとこの花びらを使った\f801\桜笛のことを思い出す。\f801\\f802\幸い、ここに魔物はいないらしく、\f801\危険を感じずに休むことができそうだ。\f801\君たちは桜笛を試して遊んでもいい。\f801\\ffff\</translate>
			</id>
			<id id="151"/>
			<id id="152"/>
			<id id="153">
				<origin>\f804\\0500\どうしますか？\f804\\0000\\f801\笛遊びをする\f801\立ち去る\f801\\ffff\</origin>
				<translate>\f804\\0500\どうしますか？\f804\\0000\\f801\笛遊びをする\f801\立ち去る\f801\\ffff\</translate>
			</id>
			<id id="154"/>
			<id id="155"/>
			<id id="156">
				<origin>\f804\\0500\どうしますか？\f804\\0000\\f801\そっと吹く\f801\普通に吹く\f801\強く吹く\f801\遊びをやめる\f801\\ffff\</origin>
				<translate>\f804\\0500\どうしますか？\f804\\0000\\f801\そっと吹く\f801\普通に吹く\f801\強く吹く\f801\遊びをやめる\f801\\ffff\</translate>
			</id>
			<id id="157"/>
			<id id="158"/>
			<id id="159">
				<origin>君たちは花びらの両端をつまみ、\f801\唇に当てると、\f801\慎重にそっと息を吹きかける。\f801\\f802\しかし吹く力が弱すぎるのか、\f801\まったく笛のような音は出なかった。\f801\どうやらこのやり方ではダメなようだ。\f801\\ffff\</origin>
				<translate>君たちは花びらの両端をつまみ、\f801\唇に当てると、\f801\慎重にそっと息を吹きかける。\f801\\f802\しかし吹く力が弱すぎるのか、\f801\まったく笛のような音は出なかった。\f801\どうやらこのやり方ではダメなようだ。\f801\\ffff\</translate>
			</id>
			<id id="160"/>
			<id id="161"/>
			<id id="162">
				<origin>君たちは花びらの両端をつまみ、\f801\唇に当てると、息を吹きかける。\f801\\f802\すると、薄い花びらが振動し、\f801\高い笛のような音色が鳴り響いた！\f801\\f802\そのまま強弱をつけると、\f801\僅かだが音階を奏でることが出来るようだ。\f801\\f802\君たちはこの素朴な笛の音を\f801\思う存分楽しむ。\f801\\ffff\</origin>
				<translate>君たちは花びらの両端をつまみ、\f801\唇に当てると、息を吹きかける。\f801\\f802\すると、薄い花びらが振動し、\f801\高い笛のような音色が鳴り響いた！\f801\\f802\そのまま強弱をつけると、\f801\僅かだが音階を奏でることが出来るようだ。\f801\\f802\君たちはこの素朴な笛の音を\f801\思う存分楽しむ。\f801\\ffff\</translate>
			</id>
			<id id="163"/>
			<id id="164"/>
			<id id="165">
				<origin>君たちは花びらの両端をつまみ、\f801\唇に当てると、力強く息を吹きかける。\f801\計算では高い音がなるはずだ。\f801\\f802\しかし、その息の勢いは、\f801\桜の花びらにとっては強すぎるものだった。\f801\\f802\一瞬だけ音が鳴ると思わせ、\f801\花びらは耐えきれず、\f801\無惨に裂けてしまった。\f801\\ffff\</origin>
				<translate>君たちは花びらの両端をつまみ、\f801\唇に当てると、力強く息を吹きかける。\f801\計算では高い音がなるはずだ。\f801\\f802\しかし、その息の勢いは、\f801\桜の花びらにとっては強すぎるものだった。\f801\\f802\一瞬だけ音が鳴ると思わせ、\f801\花びらは耐えきれず、\f801\無惨に裂けてしまった。\f801\\ffff\</translate>
			</id>
			<id id="166"/>
			<id id="167"/>
			<id id="168">
				<origin>色々な方法で桜笛を楽しみ、\f801\君たちは童心に返ったように\f801\新たな活力を得たのを感じる。\f801\\ffff\</origin>
				<translate>色々な方法で桜笛を楽しみ、\f801\君たちは童心に返ったように\f801\新たな活力を得たのを感じる。\f801\\ffff\</translate>
			</id>
			<id id="169"/>
			<id id="170"/>
			<id id="171">
				<origin>樹海の中での思いがけない遊びに満足し\f801\君たちは探索に戻ることにする。\f801\\ffff\</origin>
				<translate>樹海の中での思いがけない遊びに満足し\f801\君たちは探索に戻ることにする。\f801\\ffff\</translate>
			</id>
			<id id="172"/>
			<id id="173"/>
			<id id="174">
				<origin>桜笛\f801\\ffff\</origin>
				<translate>桜笛\f801\\ffff\</translate>
			</id>
			<id id="175"/>
			<id id="176"/>
			<id id="177">
				<origin>樹海を探索していた君たちは\f801\舞い散る桜の花びらを使い、\f801\童心に返って笛遊びを楽しんだ。\f801\\ffff\</origin>
				<translate>樹海を探索していた君たちは\f801\舞い散る桜の花びらを使い、\f801\童心に返って笛遊びを楽しんだ。\f801\\ffff\</translate>
			</id>
			<id id="178"/>
			<id id="179"/>
			<id id="180">
				<origin>笛遊びは楽しそうだが、\f801\今は樹海の探索のほうが大切だ。\f801\\f802\君たちはそう思い直し、\f801\探索に戻ることにする。\f801\\ffff\</origin>
				<translate>笛遊びは楽しそうだが、\f801\今は樹海の探索のほうが大切だ。\f801\\f802\君たちはそう思い直し、\f801\探索に戻ることにする。\f801\\ffff\</translate>
			</id>
			<id id="181"/>
			<id id="182"/>
			<id id="183">
				<origin>今は遊んでいる暇はない。\f801\そう思い直した君たちは\f801\樹海の探索に戻ることにする。\f801\\ffff\</origin>
				<translate>今は遊んでいる暇はない。\f801\そう思い直した君たちは\f801\樹海の探索に戻ることにする。\f801\\ffff\</translate>
			</id>
			<id id="184"/>
			<id id="185"/>
			<id id="186"/>
			<id id="187"/>
			<id id="188"/>
			<id id="189"/>
			<id id="190"/>
			<id id="191"/>
			<id id="192"/>
			<id id="193"/>
			<id id="194"/>
			<id id="195"/>
			<id id="196"/>
			<id id="197"/>
			<id id="198"/>
			<id id="199"/>
			<id id="200">
				<origin>君たちは樹海の行き止まりで、\f801\実をつけた桜の木を見つける。\f801\いわゆるサクランボだ。\f801\\f802\しかし周囲を見渡しても、\f801\サクランボの実をつけているのは\f801\この樹木だけのようだ。\f801\\f802\君たちはこの実を食べることもできるし、\f801\無視して探索に戻ることもできる。\f801\\ffff\</origin>
				<translate>君たちは樹海の行き止まりで、\f801\実をつけた桜の木を見つける。\f801\いわゆるサクランボだ。\f801\\f802\しかし周囲を見渡しても、\f801\サクランボの実をつけているのは\f801\この樹木だけのようだ。\f801\\f802\君たちはこの実を食べることもできるし、\f801\無視して探索に戻ることもできる。\f801\\ffff\</translate>
			</id>
			<id id="201"/>
			<id id="202"/>
			<id id="203">
				<origin>\f804\\0500\どうしますか？\f804\\0000\\f801\食べる\f801\立ち去る\f801\\ffff\</origin>
				<translate>\f804\\0500\どうしますか？\f804\\0000\\f801\食べる\f801\立ち去る\f801\\ffff\</translate>
			</id>
			<id id="204"/>
			<id id="205"/>
			<id id="206">
				<origin>君たちがサクランボに興味を持ち\f801\手を伸ばすと、\f801\突然背後から声をかけられる。\f801\\ffff\</origin>
				<translate>君たちがサクランボに興味を持ち\f801\手を伸ばすと、\f801\突然背後から声をかけられる。\f801\\ffff\</translate>
			</id>
			<id id="207"/>
			<id id="208"/>
			<id id="209">
				<origin>\f812\衛兵\0000\\f81b\\565f\\4348\\4152\\5f31\\3037\\2f45\\5645\\4e54\\2f62\\6172\\5f32\\3030\\0000\「驚かせてしまったならすまない。\f801\私は樹海の調査兵で、この辺りの\f801\樹木について調査している」\f801\\f802\「ほほう、見事な果実だ。\f801\桜の実……いわゆるサクランボだな」\f801\\f802\「サクランボには甘果と、酸果という\f801\大きく２つの種類があってね、\f801\文字通り甘い実と酸っぱい実だ」\f801\\f802\「酸果は自家受粉できるんだが、\f801\甘果は他家受粉でしか実らない」\f801\\f802\「そこで、このサクランボだが、\f801\いったいどちらだろうね？\f801\まあ、食べてみればわかるだろう」\f801\\ffff\</origin>
				<translate>\f812\衛兵\0000\\f81b\\565f\\4348\\4152\\5f31\\3037\\2f45\\5645\\4e54\\2f62\\6172\\5f32\\3030\\0000\「驚かせてしまったならすまない。\f801\私は樹海の調査兵で、この辺りの\f801\樹木について調査している」\f801\\f802\「ほほう、見事な果実だ。\f801\桜の実……いわゆるサクランボだな」\f801\\f802\「サクランボには甘果と、酸果という\f801\大きく２つの種類があってね、\f801\文字通り甘い実と酸っぱい実だ」\f801\\f802\「酸果は自家受粉できるんだが、\f801\甘果は他家受粉でしか実らない」\f801\\f802\「そこで、このサクランボだが、\f801\いったいどちらだろうね？\f801\まあ、食べてみればわかるだろう」\f801\\ffff\</translate>
			</id>
			<id id="210"/>
			<id id="211"/>
			<id id="212">
				<origin>君たちはサクランボを手に取り、\f801\そして口へと運ぶ。\f801\\f802\程よい弾力の果実を噛みしめると、\f801\甘い果汁が口の中に広がっていく。\f801\\f802\その甘さは君たちの疲れを\f801\柔らかく癒やしてくれるようだ。\f801\\ffff\</origin>
				<translate>君たちはサクランボを手に取り、\f801\そして口へと運ぶ。\f801\\f802\程よい弾力の果実を噛みしめると、\f801\甘い果汁が口の中に広がっていく。\f801\\f802\その甘さは君たちの疲れを\f801\柔らかく癒やしてくれるようだ。\f801\\ffff\</translate>
			</id>
			<id id="213"/>
			<id id="214"/>
			<id id="215">
				<origin>\f812\衛兵\0000\「うん、これは甘果だったようだね。\f801\この木は運良く虫たちの媒介で\f801\他家受粉できたようだ」\f801\\ffff\</origin>
				<translate>\f812\衛兵\0000\「うん、これは甘果だったようだね。\f801\この木は運良く虫たちの媒介で\f801\他家受粉できたようだ」\f801\\ffff\</translate>
			</id>
			<id id="216"/>
			<id id="217"/>
			<id id="218">
				<origin>君たちは自然の恵みをしばし楽しみ\f801\今実っているサクランボを平らげた。\f801\\ffff\</origin>
				<translate>君たちは自然の恵みをしばし楽しみ\f801\今実っているサクランボを平らげた。\f801\\ffff\</translate>
			</id>
			<id id="219"/>
			<id id="220"/>
			<id id="221">
				<origin>\f812\衛兵\0000\\f81b\\565f\\4348\\4152\\5f31\\3037\\2f45\\5645\\4e54\\2f62\\6172\\5f32\\3034\\0000\「さて、私は他の木を調べることにする。\f801\では、冒険者殿もお気をつけて」\f801\\ffff\</origin>
				<translate>\f812\衛兵\0000\\f81b\\565f\\4348\\4152\\5f31\\3037\\2f45\\5645\\4e54\\2f62\\6172\\5f32\\3034\\0000\「さて、私は他の木を調べることにする。\f801\では、冒険者殿もお気をつけて」\f801\\ffff\</translate>
			</id>
			<id id="222"/>
			<id id="223"/>
			<id id="224">
				<origin>衛兵が去るのを見送った後、\f801\君たちは恵みの桜に感謝しつつ、\f801\樹海の探索に戻ることにする。\f801\\ffff\</origin>
				<translate>衛兵が去るのを見送った後、\f801\君たちは恵みの桜に感謝しつつ、\f801\樹海の探索に戻ることにする。\f801\\ffff\</translate>
			</id>
			<id id="225">
				<origin>サクランボ\f801\\ffff\</origin>
				<translate>サクランボ\f801\\ffff\</translate>
			</id>
			<id id="226"/>
			<id id="227"/>
			<id id="228">
				<origin>樹海を探索していた君たちは\f801\実っているサクランボを食べ、\f801\その甘さを楽しんだ。\f801\\ffff\</origin>
				<translate>樹海を探索していた君たちは\f801\実っているサクランボを食べ、\f801\その甘さを楽しんだ。\f801\\ffff\</translate>
			</id>
			<id id="229"/>
			<id id="230"/>
			<id id="231">
				<origin>今は果実には興味はない。\f801\君たちは樹海の探索に戻ることにする。\f801\\ffff\</origin>
				<translate>今は果実には興味はない。\f801\君たちは樹海の探索に戻ることにする。\f801\\ffff\</translate>
			</id>
			<id id="232"/>
			<id id="233"/>
			<id id="234"/>
			<id id="235"/>
			<id id="236"/>
			<id id="237"/>
			<id id="238"/>
			<id id="239"/>
			<id id="240"/>
			<id id="241"/>
			<id id="242"/>
			<id id="243"/>
			<id id="244"/>
			<id id="245"/>
			<id id="246"/>
			<id id="247"/>
			<id id="248"/>
			<id id="249"/>
			<id id="250">
				<origin>樹海を探索中の君たちは、\f801\行き止まりの木の肌にたくさんの毛虫が\f801\たかっているのを見つける。\f801\\f802\大型の毛虫は、木の葉を食べているようで\f801\君たちのことは気にかける様子はない。\f801\\f802\しかしこの毛虫たちを放っておけば、\f801\木の葉は食べつくされてしまうだろう。\f801\\f802\君たちがこの木のためを思うなら、\f801\毛虫を駆除しても良い。\f801\\ffff\</origin>
				<translate>樹海を探索中の君たちは、\f801\行き止まりの木の肌にたくさんの毛虫が\f801\たかっているのを見つける。\f801\\f802\大型の毛虫は、木の葉を食べているようで\f801\君たちのことは気にかける様子はない。\f801\\f802\しかしこの毛虫たちを放っておけば、\f801\木の葉は食べつくされてしまうだろう。\f801\\f802\君たちがこの木のためを思うなら、\f801\毛虫を駆除しても良い。\f801\\ffff\</translate>
			</id>
			<id id="251"/>
			<id id="252"/>
			<id id="253">
				<origin>\f804\\0500\どうしますか？\f804\\0000\\f801\駆除する\f801\立ち去る\f801\\ffff\</origin>
				<translate>\f804\\0500\どうしますか？\f804\\0000\\f801\駆除する\f801\立ち去る\f801\\ffff\</translate>
			</id>
			<id id="254"/>
			<id id="255"/>
			<id id="256">
				<origin>君たちは木の葉が食い荒らされないよう、\f801\毛虫を駆除することにした。\f801\\f802\近くに落ちていた棒で毛虫を払い落とし、\f801\焚き火に放り込むなどして駆除を行う。\f801\\f802\目につく箇所の毛虫を駆除し終えた君たちは\f801\焚き火の始末をして、\f801\その場を立ち去ろうとする。\f801\\ffff\</origin>
				<translate>君たちは木の葉が食い荒らされないよう、\f801\毛虫を駆除することにした。\f801\\f802\近くに落ちていた棒で毛虫を払い落とし、\f801\焚き火に放り込むなどして駆除を行う。\f801\\f802\目につく箇所の毛虫を駆除し終えた君たちは\f801\焚き火の始末をして、\f801\その場を立ち去ろうとする。\f801\\ffff\</translate>
			</id>
			<id id="257">
				<origin>だが、そこに毛虫を捕食する、\f801\新たな虫の魔物が現れた！\f801\\f802\硬い甲羅に身を固めたその肉食の魔物は、\f801\君たちに襲いかかる！\f801\\f802\背後を取られていた君たちに逃げ道はない！\f801\さあ、覚悟を決めて応戦したまえ！\f801\\ffff\</origin>
				<translate>だが、そこに毛虫を捕食する、\f801\新たな虫の魔物が現れた！\f801\\f802\硬い甲羅に身を固めたその肉食の魔物は、\f801\君たちに襲いかかる！\f801\\f802\背後を取られていた君たちに逃げ道はない！\f801\さあ、覚悟を決めて応戦したまえ！\f801\\ffff\</translate>
			</id>
			<id id="258"/>
			<id id="259">
				<origin>虫も生きるために食事が必要なのだ。\f801\君たちはこれを自然の摂理だと考え、\f801\樹海の探索のために立ち去ることにする。\f801\\ffff\</origin>
				<translate>虫も生きるために食事が必要なのだ。\f801\君たちはこれを自然の摂理だと考え、\f801\樹海の探索のために立ち去ることにする。\f801\\ffff\</translate>
			</id>
			<id id="260"/>
			<id id="261"/>
			<id id="262"/>
			<id id="263"/>
			<id id="264"/>
			<id id="265"/>
			<id id="266"/>
			<id id="267"/>
			<id id="268"/>
			<id id="269"/>
			<id id="270">
				<origin>魔物を倒した君たちは、\f801\自分たちのしたことを考える。\f801\\f802\自然界には害をなす虫もいれば、\f801\その害虫を捕食する虫も存在する。\f801\自分たちが手を出す必要などないのだ。\f801\\f802\自然の仕組みを胸に刻み、\f801\君たちは樹海の探索に戻ることにする。\f801\\ffff\</origin>
				<translate>魔物を倒した君たちは、\f801\自分たちのしたことを考える。\f801\\f802\自然界には害をなす虫もいれば、\f801\その害虫を捕食する虫も存在する。\f801\自分たちが手を出す必要などないのだ。\f801\\f802\自然の仕組みを胸に刻み、\f801\君たちは樹海の探索に戻ることにする。\f801\\ffff\</translate>
			</id>
			<id id="271"/>
			<id id="272"/>
			<id id="273">
				<origin>おせっかいな害虫駆除\f801\\ffff\</origin>
				<translate>おせっかいな害虫駆除\f801\\ffff\</translate>
			</id>
			<id id="274"/>
			<id id="275"/>
			<id id="276"/>
			<id id="277">
				<origin>樹海を探索していた君たちは\f801\木の葉を食べる害虫を駆除するが\f801\それを捕食する魔物と交戦になり\f801\自然の仕組みを学んだ。\f801\\ffff\</origin>
				<translate>樹海を探索していた君たちは\f801\木の葉を食べる害虫を駆除するが\f801\それを捕食する魔物と交戦になり\f801\自然の仕組みを学んだ。\f801\\ffff\</translate>
			</id>
			<id id="278"/>
			<id id="279"/>
			<id id="280"/>
			<id id="281"/>
			<id id="282"/>
			<id id="283"/>
			<id id="284"/>
			<id id="285"/>
			<id id="286"/>
			<id id="287"/>
			<id id="288"/>
			<id id="289"/>
			<id id="290"/>
			<id id="291"/>
			<id id="292"/>
			<id id="293"/>
			<id id="294"/>
			<id id="295"/>
			<id id="296"/>
			<id id="297"/>
			<id id="298"/>
			<id id="299"/>
			<id id="300">
				<origin>樹海の奥に差し掛かると、\f801\どこからか甘い匂いが\f801\君たちの鼻をくすぐる。\f801\\f802\その匂いの元は、一本の木だった。\f801\木の幹に出来た傷から樹液が溢れ出し、\f801\幹の小さなくぼみに溜まっている。\f801\\f802\その樹液に誘われたのか、\f801\小さな虫たちも集まっている。\f801\\f802\甘いのは香りだけなのか？\f801\人の舌にも甘いのか？\f801\君たちが望むなら試すことができる。\f801\\ffff\</origin>
				<translate>樹海の奥に差し掛かると、\f801\どこからか甘い匂いが\f801\君たちの鼻をくすぐる。\f801\\f802\その匂いの元は、一本の木だった。\f801\木の幹に出来た傷から樹液が溢れ出し、\f801\幹の小さなくぼみに溜まっている。\f801\\f802\その樹液に誘われたのか、\f801\小さな虫たちも集まっている。\f801\\f802\甘いのは香りだけなのか？\f801\人の舌にも甘いのか？\f801\君たちが望むなら試すことができる。\f801\\ffff\</translate>
			</id>
			<id id="301"/>
			<id id="302"/>
			<id id="303">
				<origin>君たちは再び樹液の溜まる木を訪れた。\f801\樹液は程よくたまり、甘い香りを\f801\漂わせている。\f801\\f802\君たちは樹液を舐め、\f801\一時の贅沢を味わってもいい。\f801\\ffff\</origin>
				<translate>君たちは再び樹液の溜まる木を訪れた。\f801\樹液は程よくたまり、甘い香りを\f801\漂わせている。\f801\\f802\君たちは樹液を舐め、\f801\一時の贅沢を味わってもいい。\f801\\ffff\</translate>
			</id>
			<id id="304"/>
			<id id="305"/>
			<id id="306">
				<origin>君たちは再び樹液の溜まる木を訪れた。\f801\しかし幹のくぼみの樹液は舐め終え、\f801\指ですくえるほどの量も残っていない。\f801\\f802\また樹液を味わいたいのであれば、\f801\日を改めてから来るべきだろう。\f801\\ffff\</origin>
				<translate>君たちは再び樹液の溜まる木を訪れた。\f801\しかし幹のくぼみの樹液は舐め終え、\f801\指ですくえるほどの量も残っていない。\f801\\f802\また樹液を味わいたいのであれば、\f801\日を改めてから来るべきだろう。\f801\\ffff\</translate>
			</id>
			<id id="307"/>
			<id id="308"/>
			<id id="309">
				<origin>\f804\\0500\どうしますか？\f804\\0000\\f801\樹液を味わってみる\f801\立ち去る\f801\\ffff\</origin>
				<translate>\f804\\0500\どうしますか？\f804\\0000\\f801\樹液を味わってみる\f801\立ち去る\f801\\ffff\</translate>
			</id>
			<id id="310"/>
			<id id="311"/>
			<id id="312">
				<origin>香りは甘いが、実際はどうだろう？\f801\君たちは幹のくぼみに溜まった\f801\まだ柔らかい樹液を指ですくい取る。\f801\\f802\鼻先に運ぶと、甘さが鼻孔を刺激する。\f801\まるでハチミツのようだ。\f801\君は指先の樹液を口に運ぶ。\f801\\f802\野性的なえぐ味が多少はあるが\f801\まるで菓子のような甘さが\f801\口いっぱいに広がる！\f801\\f802\天然のスウィーツだ！\f801\その甘さは体に溜まった疲れを\f801\溶かしていくようだ。\f801\\ffff\</origin>
				<translate>香りは甘いが、実際はどうだろう？\f801\君たちは幹のくぼみに溜まった\f801\まだ柔らかい樹液を指ですくい取る。\f801\\f802\鼻先に運ぶと、甘さが鼻孔を刺激する。\f801\まるでハチミツのようだ。\f801\君は指先の樹液を口に運ぶ。\f801\\f802\野性的なえぐ味が多少はあるが\f801\まるで菓子のような甘さが\f801\口いっぱいに広がる！\f801\\f802\天然のスウィーツだ！\f801\その甘さは体に溜まった疲れを\f801\溶かしていくようだ。\f801\\ffff\</translate>
			</id>
			<id id="313"/>
			<id id="314"/>
			<id id="315">
				<origin>樹液の量は多くない。\f801\しかし明日になればまたこのくぼみに\f801\樹液が溜まることだろう。\f801\\f802\君たちはこの場所のことを\f801\しっかりと記憶し\f801\樹海の探索に戻ることにする。\f801\\ffff\</origin>
				<translate>樹液の量は多くない。\f801\しかし明日になればまたこのくぼみに\f801\樹液が溜まることだろう。\f801\\f802\君たちはこの場所のことを\f801\しっかりと記憶し\f801\樹海の探索に戻ることにする。\f801\\ffff\</translate>
			</id>
			<id id="316"/>
			<id id="317"/>
			<id id="318">
				<origin>今は樹液を味わっているときではない。\f801\君たちは本来の役目を思い出し、\f801\樹海の探索に戻ることにする。\f801\\ffff\</origin>
				<translate>今は樹液を味わっているときではない。\f801\君たちは本来の役目を思い出し、\f801\樹海の探索に戻ることにする。\f801\\ffff\</translate>
			</id>
			<id id="319"/>
			<id id="320"/>
			<id id="321"/>
			<id id="322"/>
			<id id="323"/>
			<id id="324"/>
			<id id="325"/>
			<id id="326"/>
			<id id="327"/>
			<id id="328"/>
			<id id="329"/>
			<id id="330"/>
			<id id="331"/>
			<id id="332"/>
			<id id="333"/>
			<id id="334"/>
			<id id="335"/>
			<id id="336"/>
			<id id="337"/>
			<id id="338"/>
			<id id="339"/>
			<id id="340"/>
			<id id="341"/>
			<id id="342"/>
			<id id="343"/>
			<id id="344"/>
			<id id="345"/>
			<id id="346"/>
			<id id="347"/>
			<id id="348"/>
			<id id="349"/>
			<id id="350">
				<origin>君たちがふわふわと浮かぶ足場に乗り\f801\進行してくると、そこは他に比べても\f801\大変見晴らしのよい場所だった。\f801\\f802\思わず息を呑み立ち止まった君たちだったが\f801\不意に\f804\\0500\足元が冷える\f804\\0000\感覚に襲われる。\f801\\ffff\</origin>
				<translate>君たちがふわふわと浮かぶ足場に乗り\f801\進行してくると、そこは他に比べても\f801\大変見晴らしのよい場所だった。\f801\\f802\思わず息を呑み立ち止まった君たちだったが\f801\不意に\f804\\0500\足元が冷える\f804\\0000\感覚に襲われる。\f801\\ffff\</translate>
			</id>
			<id id="351"/>
			<id id="352"/>
			<id id="353">
				<origin>風の通りがいいからだろうかなどと\f801\思っている矢先、横から強い風が\f801\吹き付けてきた！\f801\\f802\こんなところでバランスを崩してはまずいと\f801\君たちは足に力を入れる！\f801\\f802\そうした結果、風はあっという間になくなり\f801\君たちの元に平穏が戻ってきた。そう思って\f801\周りを見ると、気づくことがあった。\f801\\f802\\f843\\0000\が足首を押さえて\f801\うずくまっているのだ！\f801\\f802\一体どうしたのかと見てみると、\f801\\f843\\0000\の足首に傷があるではないか。\f801\\ffff\</origin>
				<translate>風の通りがいいからだろうかなどと\f801\思っている矢先、横から強い風が\f801\吹き付けてきた！\f801\\f802\こんなところでバランスを崩してはまずいと\f801\君たちは足に力を入れる！\f801\\f802\そうした結果、風はあっという間になくなり\f801\君たちの元に平穏が戻ってきた。そう思って\f801\周りを見ると、気づくことがあった。\f801\\f802\\f843\\0000\が足首を押さえて\f801\うずくまっているのだ！\f801\\f802\一体どうしたのかと見てみると、\f801\\f843\\0000\の足首に傷があるではないか。\f801\\ffff\</translate>
			</id>
			<id id="354"/>
			<id id="355"/>
			<id id="356">
				<origin>しかも、それは\f804\\0500\鋭利な刃物で\f801\切りつけられた\f804\\0000\かのようなものだ。\f801\\f802\しかし、周囲を見ても君たち以外には\f801\今のところ何も存在していない。\f801\\f802\一体いつ、何故、傷がつけられたのか\f801\いまいちはっきりしない。\f801\\f802\だが、この場所に留まり続けるのは\f801\危険なのは確かだろう。\f801\\f802\君たちはひとまずはこの浮島から\f801\移動してしまうことにする。\f801\\ffff\</origin>
				<translate>しかも、それは\f804\\0500\鋭利な刃物で\f801\切りつけられた\f804\\0000\かのようなものだ。\f801\\f802\しかし、周囲を見ても君たち以外には\f801\今のところ何も存在していない。\f801\\f802\一体いつ、何故、傷がつけられたのか\f801\いまいちはっきりしない。\f801\\f802\だが、この場所に留まり続けるのは\f801\危険なのは確かだろう。\f801\\f802\君たちはひとまずはこの浮島から\f801\移動してしまうことにする。\f801\\ffff\</translate>
			</id>
			<id id="357"/>
			<id id="358"/>
			<id id="359">
				<origin>君たちはそこで酒場で受けた\f801\依頼のことを思い出す。\f801\\f802\確か足元が冷える感覚がした後に\f801\冒険者が落下するという事故が\f801\多発しているという話だったはずだ。\f801\\f802\もしかすると、君たちは今まさに\f801\その事故に見舞われようとしているのかも\f801\しれない！\f801\\f802\酒場の話ではこの後どのようなことが\f801\起きると言われていただろうか。\f801\\f802\そのことをよく思い出し、どうすべきかを\f801\考えられたなら、迫ってくる危機に対して\f801\何か行動を取るといいだろう。\f801\\ffff\</origin>
				<translate>君たちはそこで酒場で受けた\f801\依頼のことを思い出す。\f801\\f802\確か足元が冷える感覚がした後に\f801\冒険者が落下するという事故が\f801\多発しているという話だったはずだ。\f801\\f802\もしかすると、君たちは今まさに\f801\その事故に見舞われようとしているのかも\f801\しれない！\f801\\f802\酒場の話ではこの後どのようなことが\f801\起きると言われていただろうか。\f801\\f802\そのことをよく思い出し、どうすべきかを\f801\考えられたなら、迫ってくる危機に対して\f801\何か行動を取るといいだろう。\f801\\ffff\</translate>
			</id>
			<id id="360"/>
			<id id="361"/>
			<id id="362">
				<origin>\f804\\0500\どうしますか？\f804\\0000\\f801\風で落ちないように踏ん張る\f801\足首を防御できる準備をする\f801\威嚇のために大声をあげる\f801\\ffff\</origin>
				<translate>\f804\\0500\どうしますか？\f804\\0000\\f801\風で落ちないように踏ん張る\f801\足首を防御できる準備をする\f801\威嚇のために大声をあげる\f801\\ffff\</translate>
			</id>
			<id id="363"/>
			<id id="364"/>
			<id id="365">
				<origin>君たちは風が吹いた時に備えて\f801\足腰に力をこめて踏ん張り始める！\f801\\f802\その刹那の後、横から風が吹き始めて\f801\君たちの体を揺さぶっていく！\f801\\f802\結果的に、風はすぐに止み\f801\君たちの元に平穏が戻ってきた。\f801\そう思って周りを見ると、はっとする。\f801\\f802\\f843\\0000\が足首を押さえて\f801\うずくまっているのだ！\f801\\f802\一体どうしたのかと見てみると、\f801\\f843\\0000\の足首に傷があるではないか。\f801\\ffff\</origin>
				<translate>君たちは風が吹いた時に備えて\f801\足腰に力をこめて踏ん張り始める！\f801\\f802\その刹那の後、横から風が吹き始めて\f801\君たちの体を揺さぶっていく！\f801\\f802\結果的に、風はすぐに止み\f801\君たちの元に平穏が戻ってきた。\f801\そう思って周りを見ると、はっとする。\f801\\f802\\f843\\0000\が足首を押さえて\f801\うずくまっているのだ！\f801\\f802\一体どうしたのかと見てみると、\f801\\f843\\0000\の足首に傷があるではないか。\f801\\ffff\</translate>
			</id>
			<id id="366"/>
			<id id="367"/>
			<id id="368">
				<origin>しかも、それは\f804\\0500\鋭利な刃物で\f801\切りつけられた\f804\\0000\かのようなものだ。\f801\\f802\その傷を見ていた君たちは何かが\f801\君たちへ視線を送っているような\f801\気配に気づく。\f801\\f802\どこから…？ と君たちが戸惑っている内に\f801\先ほどよりも強い風が吹いた！\f801\\f802\そして君たち全員、風が止んだ時には\f801\足首を切りつけられてしまっていた！\f801\\ffff\</origin>
				<translate>しかも、それは\f804\\0500\鋭利な刃物で\f801\切りつけられた\f804\\0000\かのようなものだ。\f801\\f802\その傷を見ていた君たちは何かが\f801\君たちへ視線を送っているような\f801\気配に気づく。\f801\\f802\どこから…？ と君たちが戸惑っている内に\f801\先ほどよりも強い風が吹いた！\f801\\f802\そして君たち全員、風が止んだ時には\f801\足首を切りつけられてしまっていた！\f801\\ffff\</translate>
			</id>
			<id id="369"/>
			<id id="370"/>
			<id id="371">
				<origin>その痛みに君たちが悶えていると、\f801\君たちが立っている浮島の裏の方から\f801\一段と強い冷気が放たれてくる！\f801\\ffff\</origin>
				<translate>その痛みに君たちが悶えていると、\f801\君たちが立っている浮島の裏の方から\f801\一段と強い冷気が放たれてくる！\f801\\ffff\</translate>
			</id>
			<id id="372">
				<origin>そして、君たちの前に血に塗れた刃を持つ\f801\魔物が這い上がってきた！\f801\\f802\両腕が刃と化している魔物は、傷を負った\f801\君たちをどこか嬉しそうに見下ろしながら、\f801\刃をぶんぶんと振り回している。\f801\\f802\その度に風が巻き起こり、\f801\君たちの体に冷気がぶつけられる。\f801\\f802\風と冷気、いずれも今回の事故が\f801\起きた時に発生していた現象だ。\f801\\f802\そして君たちの前にはそれを生み出している\f801\魔物が存在している。\f801\\f802\つまりこの魔物こそが今回の事件の\f801\元凶に違いない！\f801\\f802\先手をとられてしまったが、それだけだ。\f801\この事件に終止符を打つために\f801\眼前の敵との戦闘を始めたまえ！\f801\\ffff\</origin>
				<translate>そして、君たちの前に血に塗れた刃を持つ\f801\魔物が這い上がってきた！\f801\\f802\両腕が刃と化している魔物は、傷を負った\f801\君たちをどこか嬉しそうに見下ろしながら、\f801\刃をぶんぶんと振り回している。\f801\\f802\その度に風が巻き起こり、\f801\君たちの体に冷気がぶつけられる。\f801\\f802\風と冷気、いずれも今回の事故が\f801\起きた時に発生していた現象だ。\f801\\f802\そして君たちの前にはそれを生み出している\f801\魔物が存在している。\f801\\f802\つまりこの魔物こそが今回の事件の\f801\元凶に違いない！\f801\\f802\先手をとられてしまったが、それだけだ。\f801\この事件に終止符を打つために\f801\眼前の敵との戦闘を始めたまえ！\f801\\ffff\</translate>
			</id>
			<id id="373"/>
			<id id="374">
				<origin>起こる出来事を予測した君たちは\f801\足首に対して防備を固めることにし、\f801\各々武具に手をかける。\f801\\f802\その刹那の後、風が吹き始め、\f801\君たちはいつ何が来てもいいように\f801\より警戒を強める。\f801\\f802\そのように注意をしていた君たちは\f801\浮島の裏側からぎらりと光る何かが\f801\伸びてきていることに気づく。\f801\\f802\それが刃物の類だと確信した君たちは\f801\その刃が振るわれると同時に飛び退いた！\f801\\ffff\</origin>
				<translate>起こる出来事を予測した君たちは\f801\足首に対して防備を固めることにし、\f801\各々武具に手をかける。\f801\\f802\その刹那の後、風が吹き始め、\f801\君たちはいつ何が来てもいいように\f801\より警戒を強める。\f801\\f802\そのように注意をしていた君たちは\f801\浮島の裏側からぎらりと光る何かが\f801\伸びてきていることに気づく。\f801\\f802\それが刃物の類だと確信した君たちは\f801\その刃が振るわれると同時に飛び退いた！\f801\\ffff\</translate>
			</id>
			<id id="375">
				<origin>振るわれた刃は手応えがないことを疑問に\f801\思ったのか、二度三度とその場を\f801\往復している。\f801\\ffff\</origin>
				<translate>振るわれた刃は手応えがないことを疑問に\f801\思ったのか、二度三度とその場を\f801\往復している。\f801\\ffff\</translate>
			</id>
			<id id="376">
				<origin>だが、すぐ後にその刃が苛立たしげに\f801\地面に叩きつけられたかと思うと、\f801\一瞬にして一体の魔物が飛び出してきた！\f801\\f802\両腕が刃と化しているその魔物は忌々しげに\f801\君たちを睨み、威嚇するように刃を\f801\ぶんぶんと振り回している。\f801\\f802\その度に風が巻き起こり、\f801\君たちの体に冷気がぶつけられる。\f801\\f802\風と冷気、いずれも今回の事故が\f801\起きた時に発生していた現象だ。\f801\\f802\そして君たちの前にはそれを生み出している\f801\魔物が存在している。\f801\\f802\つまりこの魔物こそが今回の事件の\f801\元凶に違いない！\f801\\f802\さあ、殺意を撒き散らす眼前の敵との\f801\戦闘を始めたまえ！\f801\\ffff\</origin>
				<translate>だが、すぐ後にその刃が苛立たしげに\f801\地面に叩きつけられたかと思うと、\f801\一瞬にして一体の魔物が飛び出してきた！\f801\\f802\両腕が刃と化しているその魔物は忌々しげに\f801\君たちを睨み、威嚇するように刃を\f801\ぶんぶんと振り回している。\f801\\f802\その度に風が巻き起こり、\f801\君たちの体に冷気がぶつけられる。\f801\\f802\風と冷気、いずれも今回の事故が\f801\起きた時に発生していた現象だ。\f801\\f802\そして君たちの前にはそれを生み出している\f801\魔物が存在している。\f801\\f802\つまりこの魔物こそが今回の事件の\f801\元凶に違いない！\f801\\f802\さあ、殺意を撒き散らす眼前の敵との\f801\戦闘を始めたまえ！\f801\\ffff\</translate>
			</id>
			<id id="377">
				<origin>何者かが今回の事故を引き起こしていると\f801\すれば、この場で大声をあげて威嚇して\f801\何とかできるかもしれない。\f801\\f802\君たちは事態への対処を図るために\f801\とにかくその場で大声を上げ始める。\f801\\f802\その刹那の後、横から風が吹き始めて\f801\君たちの体を揺さぶっていく！\f801\\f802\結果的に、風はすぐに止み\f801\君たちの元に平穏が戻ってきた。\f801\そう思って周りを見ると、はっとする。\f801\\f802\\f843\\0000\が足首を押さえて\f801\うずくまっているのだ！\f801\\f802\一体どうしたのかと見てみると、\f801\\f843\\0000\の足首に傷があるではないか。\f801\\ffff\</origin>
				<translate>何者かが今回の事故を引き起こしていると\f801\すれば、この場で大声をあげて威嚇して\f801\何とかできるかもしれない。\f801\\f802\君たちは事態への対処を図るために\f801\とにかくその場で大声を上げ始める。\f801\\f802\その刹那の後、横から風が吹き始めて\f801\君たちの体を揺さぶっていく！\f801\\f802\結果的に、風はすぐに止み\f801\君たちの元に平穏が戻ってきた。\f801\そう思って周りを見ると、はっとする。\f801\\f802\\f843\\0000\が足首を押さえて\f801\うずくまっているのだ！\f801\\f802\一体どうしたのかと見てみると、\f801\\f843\\0000\の足首に傷があるではないか。\f801\\ffff\</translate>
			</id>
			<id id="378"/>
			<id id="379"/>
			<id id="380">
				<origin>しかも、それは\f804\\0500\鋭利な刃物で\f801\切りつけられた\f804\\0000\かのようなものだ。\f801\\f802\その傷を見ていた君たちは何かが\f801\君たちへ視線を送っているような\f801\気配に気づく。\f801\\f802\どこから…？ と君たちが戸惑っている内に\f801\先ほどよりも強い風が吹いた！\f801\\f802\そして君たち全員、風が止んだ時には\f801\足首を切りつけられてしまっていた！\f801\\ffff\</origin>
				<translate>しかも、それは\f804\\0500\鋭利な刃物で\f801\切りつけられた\f804\\0000\かのようなものだ。\f801\\f802\その傷を見ていた君たちは何かが\f801\君たちへ視線を送っているような\f801\気配に気づく。\f801\\f802\どこから…？ と君たちが戸惑っている内に\f801\先ほどよりも強い風が吹いた！\f801\\f802\そして君たち全員、風が止んだ時には\f801\足首を切りつけられてしまっていた！\f801\\ffff\</translate>
			</id>
			<id id="381"/>
			<id id="382"/>
			<id id="383">
				<origin>その痛みに君たちが悶えていると、\f801\君たちが立っている浮島の裏の方から\f801\一段と強い冷気が放たれてくる！\f801\\ffff\</origin>
				<translate>その痛みに君たちが悶えていると、\f801\君たちが立っている浮島の裏の方から\f801\一段と強い冷気が放たれてくる！\f801\\ffff\</translate>
			</id>
			<id id="384">
				<origin>そして、君たちの前に血に塗れた刃を持つ\f801\魔物が這い上がってきた！\f801\\f802\両腕が刃と化している魔物は、傷を負った\f801\君たちをどこか嬉しそうに見下ろしながら、\f801\刃をぶんぶんと振り回している。\f801\\f802\その度に風が巻き起こり、\f801\君たちの体に冷気がぶつけられる。\f801\\f802\風と冷気、いずれも今回の事故が\f801\起きた時に発生していた現象だ。\f801\\f802\そして君たちの前にはそれを生み出している\f801\魔物が存在している。\f801\\f802\つまりこの魔物こそが今回の事件の\f801\元凶に違いない！\f801\\f802\先手をとられてしまったが、それだけだ。\f801\この事件に終止符を打つために\f801\眼前の敵との戦闘を始めたまえ！\f801\\ffff\</origin>
				<translate>そして、君たちの前に血に塗れた刃を持つ\f801\魔物が這い上がってきた！\f801\\f802\両腕が刃と化している魔物は、傷を負った\f801\君たちをどこか嬉しそうに見下ろしながら、\f801\刃をぶんぶんと振り回している。\f801\\f802\その度に風が巻き起こり、\f801\君たちの体に冷気がぶつけられる。\f801\\f802\風と冷気、いずれも今回の事故が\f801\起きた時に発生していた現象だ。\f801\\f802\そして君たちの前にはそれを生み出している\f801\魔物が存在している。\f801\\f802\つまりこの魔物こそが今回の事件の\f801\元凶に違いない！\f801\\f802\先手をとられてしまったが、それだけだ。\f801\この事件に終止符を打つために\f801\眼前の敵との戦闘を始めたまえ！\f801\\ffff\</translate>
			</id>
			<id id="385"/>
			<id id="386"/>
			<id id="387"/>
			<id id="388"/>
			<id id="389"/>
			<id id="390">
				<origin>君たちは飛び出してきた魔物を倒して、\f801\ほっと息を吐く。\f801\\f802\あの魔物は恐らくこの浮島の裏側に陣取り\f801\訪れた者の隙を見計らって、攻撃を\f801\繰り返していたのだろう。\f801\\f802\そして、バランスを崩してしまった者が\f801\落ちるという結果につながったのだろう。\f801\\f802\だが、原因である魔物は今しがた君たちが\f801\倒したため、被害がこれ以上広がることは\f801\もうないだろう。\f801\\f802\後は酒場に戻り、今回のことを\f801\報告するといいだろう。\f801\\ffff\</origin>
				<translate>君たちは飛び出してきた魔物を倒して、\f801\ほっと息を吐く。\f801\\f802\あの魔物は恐らくこの浮島の裏側に陣取り\f801\訪れた者の隙を見計らって、攻撃を\f801\繰り返していたのだろう。\f801\\f802\そして、バランスを崩してしまった者が\f801\落ちるという結果につながったのだろう。\f801\\f802\だが、原因である魔物は今しがた君たちが\f801\倒したため、被害がこれ以上広がることは\f801\もうないだろう。\f801\\f802\後は酒場に戻り、今回のことを\f801\報告するといいだろう。\f801\\ffff\</translate>
			</id>
			<id id="391"/>
			<id id="392"/>
			<id id="393"/>
			<id id="394"/>
			<id id="395"/>
			<id id="396"/>
			<id id="397"/>
			<id id="398"/>
			<id id="399"/>
			<id id="400"/>
			<id id="401"/>
			<id id="402"/>
			<id id="403"/>
			<id id="404"/>
			<id id="405"/>
			<id id="406"/>
			<id id="407"/>
			<id id="408"/>
			<id id="409"/>
			<id id="410"/>
			<id id="411"/>
			<id id="412"/>
			<id id="413"/>
			<id id="414"/>
			<id id="415"/>
			<id id="416"/>
			<id id="417"/>
			<id id="418"/>
			<id id="419"/>
			<id id="420"/>
			<id id="421"/>
			<id id="422"/>
			<id id="423"/>
			<id id="424"/>
			<id id="425"/>
			<id id="426"/>
			<id id="427"/>
			<id id="428"/>
			<id id="429"/>
			<id id="430"/>
			<id id="431"/>
			<id id="432"/>
			<id id="433"/>
			<id id="434"/>
			<id id="435"/>
			<id id="436"/>
			<id id="437"/>
			<id id="438"/>
			<id id="439"/>
			<id id="440"/>
			<id id="441"/>
			<id id="442"/>
			<id id="443"/>
			<id id="444"/>
			<id id="445"/>
			<id id="446"/>
			<id id="447"/>
			<id id="448"/>
			<id id="449"/>
			<id id="450"/>
			<id id="451"/>
			<id id="452"/>
			<id id="453"/>
			<id id="454"/>
			<id id="455"/>
			<id id="456"/>
			<id id="457"/>
			<id id="458"/>
			<id id="459"/>
			<id id="460"/>
			<id id="461"/>
			<id id="462"/>
			<id id="463"/>
			<id id="464"/>
			<id id="465"/>
			<id id="466"/>
			<id id="467"/>
			<id id="468"/>
			<id id="469"/>
			<id id="470"/>
			<id id="471"/>
			<id id="472"/>
			<id id="473"/>
			<id id="474"/>
			<id id="475"/>
			<id id="476"/>
			<id id="477"/>
			<id id="478"/>
			<id id="479"/>
			<id id="480"/>
			<id id="481"/>
			<id id="482"/>
			<id id="483"/>
			<id id="484"/>
			<id id="485"/>
			<id id="486"/>
			<id id="487"/>
			<id id="488"/>
			<id id="489"/>
			<id id="490"/>
			<id id="491"/>
			<id id="492"/>
			<id id="493"/>
			<id id="494"/>
			<id id="495"/>
			<id id="496"/>
			<id id="497"/>
			<id id="498"/>
			<id id="499"/>
			<id id="500"/>
			<id id="501"/>
			<id id="502"/>
			<id id="503"/>
			<id id="504"/>
			<id id="505"/>
			<id id="506"/>
			<id id="507"/>
			<id id="508"/>
			<id id="509"/>
			<id id="510"/>
			<id id="511"/>
			<id id="512"/>
			<id id="513"/>
			<id id="514"/>
			<id id="515"/>
			<id id="516"/>
			<id id="517"/>
			<id id="518"/>
			<id id="519"/>
			<id id="520"/>
			<id id="521"/>
			<id id="522"/>
			<id id="523"/>
			<id id="524"/>
			<id id="525"/>
			<id id="526"/>
			<id id="527"/>
			<id id="528"/>
			<id id="529"/>
			<id id="530"/>
			<id id="531"/>
			<id id="532"/>
			<id id="533"/>
			<id id="534"/>
			<id id="535"/>
			<id id="536"/>
			<id id="537"/>
			<id id="538"/>
			<id id="539"/>
			<id id="540"/>
			<id id="541"/>
			<id id="542"/>
			<id id="543"/>
			<id id="544"/>
			<id id="545"/>
			<id id="546"/>
			<id id="547"/>
			<id id="548"/>
			<id id="549"/>
			<id id="550"/>
			<id id="551"/>
			<id id="552"/>
			<id id="553"/>
			<id id="554"/>
			<id id="555"/>
			<id id="556"/>
			<id id="557"/>
			<id id="558"/>
			<id id="559"/>
			<id id="560"/>
			<id id="561"/>
			<id id="562"/>
			<id id="563"/>
			<id id="564"/>
			<id id="565"/>
			<id id="566"/>
			<id id="567"/>
			<id id="568"/>
			<id id="569"/>
			<id id="570"/>
			<id id="571"/>
			<id id="572"/>
			<id id="573"/>
			<id id="574"/>
			<id id="575"/>
			<id id="576"/>
			<id id="577"/>
			<id id="578"/>
			<id id="579"/>
			<id id="580"/>
			<id id="581"/>
			<id id="582"/>
			<id id="583"/>
			<id id="584"/>
			<id id="585"/>
			<id id="586"/>
			<id id="587"/>
			<id id="588"/>
			<id id="589"/>
			<id id="590"/>
			<id id="591"/>
			<id id="592"/>
			<id id="593"/>
			<id id="594"/>
			<id id="595"/>
			<id id="596"/>
			<id id="597"/>
			<id id="598"/>
			<id id="599"/>
			<id id="600"/>
			<id id="601"/>
			<id id="602"/>
			<id id="603"/>
			<id id="604"/>
			<id id="605"/>
			<id id="606"/>
			<id id="607"/>
			<id id="608"/>
			<id id="609"/>
			<id id="610"/>
			<id id="611"/>
			<id id="612"/>
			<id id="613"/>
			<id id="614"/>
			<id id="615"/>
			<id id="616"/>
			<id id="617"/>
			<id id="618"/>
			<id id="619"/>
			<id id="620"/>
			<id id="621"/>
			<id id="622"/>
			<id id="623"/>
			<id id="624"/>
			<id id="625"/>
			<id id="626"/>
			<id id="627"/>
			<id id="628"/>
			<id id="629"/>
			<id id="630"/>
			<id id="631"/>
			<id id="632"/>
			<id id="633"/>
			<id id="634"/>
			<id id="635"/>
			<id id="636"/>
			<id id="637"/>
			<id id="638"/>
			<id id="639"/>
			<id id="640"/>
			<id id="641"/>
			<id id="642"/>
			<id id="643"/>
			<id id="644"/>
			<id id="645"/>
			<id id="646"/>
			<id id="647"/>
			<id id="648"/>
			<id id="649"/>
			<id id="650"/>
			<id id="651"/>
			<id id="652"/>
			<id id="653"/>
			<id id="654"/>
			<id id="655"/>
			<id id="656"/>
			<id id="657"/>
			<id id="658"/>
			<id id="659"/>
			<id id="660"/>
			<id id="661"/>
			<id id="662"/>
			<id id="663"/>
			<id id="664"/>
			<id id="665"/>
			<id id="666"/>
			<id id="667"/>
			<id id="668"/>
			<id id="669"/>
			<id id="670"/>
			<id id="671"/>
			<id id="672"/>
			<id id="673"/>
			<id id="674"/>
			<id id="675"/>
			<id id="676"/>
			<id id="677"/>
			<id id="678"/>
			<id id="679"/>
			<id id="680"/>
			<id id="681"/>
			<id id="682"/>
			<id id="683"/>
			<id id="684"/>
			<id id="685"/>
			<id id="686"/>
			<id id="687"/>
			<id id="688"/>
			<id id="689"/>
			<id id="690"/>
			<id id="691"/>
			<id id="692"/>
			<id id="693"/>
			<id id="694"/>
			<id id="695"/>
			<id id="696"/>
			<id id="697"/>
			<id id="698"/>
			<id id="699"/>
			<id id="700"/>
			<id id="701"/>
			<id id="702"/>
			<id id="703"/>
			<id id="704"/>
			<id id="705"/>
			<id id="706"/>
			<id id="707"/>
			<id id="708"/>
			<id id="709"/>
			<id id="710"/>
			<id id="711"/>
			<id id="712"/>
			<id id="713"/>
			<id id="714"/>
			<id id="715"/>
			<id id="716"/>
			<id id="717"/>
			<id id="718"/>
			<id id="719"/>
			<id id="720"/>
			<id id="721"/>
			<id id="722"/>
			<id id="723"/>
			<id id="724"/>
			<id id="725"/>
			<id id="726"/>
			<id id="727"/>
			<id id="728"/>
			<id id="729"/>
			<id id="730"/>
			<id id="731"/>
			<id id="732"/>
			<id id="733"/>
			<id id="734"/>
			<id id="735"/>
			<id id="736"/>
			<id id="737"/>
			<id id="738"/>
			<id id="739"/>
			<id id="740"/>
			<id id="741"/>
			<id id="742"/>
			<id id="743"/>
			<id id="744"/>
			<id id="745"/>
			<id id="746"/>
			<id id="747"/>
			<id id="748"/>
			<id id="749"/>
			<id id="750"/>
			<id id="751"/>
			<id id="752"/>
			<id id="753"/>
			<id id="754"/>
			<id id="755"/>
			<id id="756"/>
			<id id="757"/>
			<id id="758"/>
			<id id="759"/>
			<id id="760"/>
			<id id="761"/>
			<id id="762"/>
			<id id="763"/>
			<id id="764"/>
			<id id="765"/>
			<id id="766"/>
			<id id="767"/>
			<id id="768"/>
			<id id="769"/>
			<id id="770"/>
			<id id="771"/>
			<id id="772"/>
			<id id="773"/>
			<id id="774"/>
			<id id="775"/>
			<id id="776"/>
			<id id="777"/>
			<id id="778"/>
			<id id="779"/>
			<id id="780"/>
			<id id="781"/>
			<id id="782"/>
			<id id="783"/>
			<id id="784"/>
			<id id="785"/>
			<id id="786"/>
			<id id="787"/>
			<id id="788"/>
			<id id="789"/>
			<id id="790"/>
			<id id="791"/>
			<id id="792"/>
			<id id="793"/>
			<id id="794"/>
			<id id="795"/>
			<id id="796"/>
			<id id="797"/>
			<id id="798"/>
			<id id="799"/>
			<id id="800"/>
			<id id="801"/>
			<id id="802"/>
			<id id="803"/>
			<id id="804"/>
			<id id="805"/>
			<id id="806"/>
			<id id="807"/>
			<id id="808"/>
			<id id="809"/>
			<id id="810"/>
			<id id="811"/>
			<id id="812"/>
			<id id="813"/>
			<id id="814"/>
			<id id="815"/>
			<id id="816"/>
			<id id="817"/>
			<id id="818"/>
			<id id="819"/>
			<id id="820"/>
			<id id="821"/>
			<id id="822"/>
			<id id="823"/>
			<id id="824"/>
			<id id="825"/>
			<id id="826"/>
			<id id="827"/>
			<id id="828"/>
			<id id="829"/>
			<id id="830"/>
			<id id="831"/>
			<id id="832"/>
			<id id="833"/>
			<id id="834"/>
			<id id="835"/>
			<id id="836"/>
			<id id="837"/>
			<id id="838"/>
			<id id="839"/>
			<id id="840"/>
			<id id="841"/>
			<id id="842"/>
			<id id="843"/>
			<id id="844"/>
			<id id="845"/>
			<id id="846"/>
			<id id="847"/>
			<id id="848"/>
			<id id="849"/>
			<id id="850"/>
			<id id="851"/>
			<id id="852"/>
			<id id="853"/>
			<id id="854"/>
			<id id="855"/>
			<id id="856"/>
			<id id="857"/>
			<id id="858"/>
			<id id="859"/>
			<id id="860"/>
			<id id="861"/>
			<id id="862"/>
			<id id="863"/>
			<id id="864"/>
			<id id="865"/>
			<id id="866"/>
			<id id="867"/>
			<id id="868"/>
			<id id="869"/>
			<id id="870"/>
			<id id="871"/>
			<id id="872"/>
			<id id="873"/>
			<id id="874"/>
			<id id="875"/>
			<id id="876"/>
			<id id="877"/>
			<id id="878"/>
			<id id="879"/>
			<id id="880"/>
			<id id="881"/>
			<id id="882"/>
			<id id="883"/>
			<id id="884"/>
			<id id="885"/>
			<id id="886"/>
			<id id="887"/>
			<id id="888"/>
			<id id="889"/>
			<id id="890"/>
			<id id="891"/>
			<id id="892"/>
			<id id="893"/>
			<id id="894"/>
			<id id="895"/>
			<id id="896"/>
			<id id="897"/>
			<id id="898"/>
			<id id="899"/>
			<id id="900"/>
			<id id="901"/>
			<id id="902"/>
			<id id="903"/>
			<id id="904"/>
			<id id="905"/>
			<id id="906"/>
			<id id="907"/>
			<id id="908"/>
			<id id="909"/>
			<id id="910"/>
			<id id="911"/>
			<id id="912"/>
			<id id="913"/>
			<id id="914"/>
			<id id="915"/>
			<id id="916"/>
			<id id="917"/>
			<id id="918"/>
			<id id="919"/>
			<id id="920"/>
			<id id="921"/>
			<id id="922"/>
			<id id="923"/>
			<id id="924"/>
			<id id="925"/>
			<id id="926"/>
			<id id="927"/>
			<id id="928"/>
			<id id="929"/>
			<id id="930"/>
			<id id="931"/>
			<id id="932"/>
			<id id="933"/>
			<id id="934"/>
			<id id="935"/>
			<id id="936"/>
			<id id="937"/>
			<id id="938"/>
			<id id="939"/>
			<id id="940"/>
			<id id="941"/>
			<id id="942"/>
			<id id="943"/>
			<id id="944"/>
			<id id="945"/>
			<id id="946"/>
			<id id="947"/>
			<id id="948"/>
			<id id="949"/>
			<id id="950"/>
			<id id="951"/>
			<id id="952"/>
			<id id="953"/>
			<id id="954"/>
			<id id="955"/>
			<id id="956"/>
			<id id="957"/>
			<id id="958"/>
			<id id="959"/>
			<id id="960"/>
			<id id="961"/>
			<id id="962"/>
			<id id="963"/>
			<id id="964"/>
			<id id="965"/>
			<id id="966"/>
			<id id="967"/>
			<id id="968"/>
			<id id="969"/>
			<id id="970"/>
			<id id="971"/>
			<id id="972"/>
			<id id="973"/>
			<id id="974"/>
			<id id="975"/>
			<id id="976"/>
			<id id="977"/>
			<id id="978"/>
			<id id="979"/>
			<id id="980"/>
			<id id="981"/>
			<id id="982"/>
			<id id="983"/>
			<id id="984"/>
			<id id="985"/>
			<id id="986"/>
			<id id="987"/>
			<id id="988"/>
			<id id="989"/>
			<id id="990"/>
			<id id="991"/>
			<id id="992"/>
			<id id="993"/>
			<id id="994"/>
			<id id="995"/>
			<id id="996"/>
			<id id="997"/>
			<id id="998"/>
			<id id="999"/>
			<id id="1000"/>
			<id id="1001">
				<origin>桜舞い散る樹海の小道を歩いて進む君たちは\f801\前方の扉の前に幾つかの足跡を発見する。\f801\\ffff\</origin>
				<translate>桜舞い散る樹海の小道を歩いて進む君たちは\f801\前方の扉の前に幾つかの足跡を発見する。\f801\\ffff\</translate>
			</id>
			<id id="1002">
				<origin>…よく見るとかなり前のものらしい足跡だが\f801\誰かがここに入った事は間違いないようだ。\f801\\ffff\</origin>
				<translate>…よく見るとかなり前のものらしい足跡だが\f801\誰かがここに入った事は間違いないようだ。\f801\\ffff\</translate>
			</id>
			<id id="1003">
				<origin>君たちは望むなら扉を開いて\f801\中を覗いてもいいし覗かなくてもいい。\f801\\ffff\</origin>
				<translate>君たちは望むなら扉を開いて\f801\中を覗いてもいいし覗かなくてもいい。\f801\\ffff\</translate>
			</id>
			<id id="1004"/>
			<id id="1005"/>
			<id id="1006"/>
			<id id="1007"/>
			<id id="1008"/>
			<id id="1009"/>
			<id id="1010"/>
			<id id="1011"/>
			<id id="1012"/>
			<id id="1013"/>
			<id id="1014"/>
			<id id="1015"/>
			<id id="1016"/>
			<id id="1017"/>
			<id id="1018"/>
			<id id="1019"/>
			<id id="1020"/>
			<id id="1021"/>
			<id id="1022"/>
			<id id="1023"/>
			<id id="1024"/>
			<id id="1025"/>
			<id id="1026"/>
			<id id="1027"/>
			<id id="1028"/>
			<id id="1029"/>
			<id id="1030"/>
			<id id="1031"/>
			<id id="1032"/>
			<id id="1033"/>
			<id id="1034"/>
			<id id="1035"/>
			<id id="1036"/>
			<id id="1037"/>
			<id id="1038"/>
			<id id="1039"/>
			<id id="1040"/>
			<id id="1041"/>
			<id id="1042"/>
			<id id="1043"/>
			<id id="1044"/>
			<id id="1045"/>
			<id id="1046"/>
			<id id="1047"/>
			<id id="1048"/>
			<id id="1049"/>
			<id id="1050">
				<origin>新たなフロアへの道を前にした君たちだが、\f801\この場の探索は充分だろうか？\f801\\f802\先ほど見つけた足跡が続く扉の先には\f801\何か隠されているのではないだろうか？\f801\\f802\扉の先の探索に向かいたまえ！\f801\\ffff\</origin>
				<translate>新たなフロアへの道を前にした君たちだが、\f801\この場の探索は充分だろうか？\f801\\f802\先ほど見つけた足跡が続く扉の先には\f801\何か隠されているのではないだろうか？\f801\\f802\扉の先の探索に向かいたまえ！\f801\\ffff\</translate>
			</id>
			<id id="1051"/>
			<id id="1052"/>
			<id id="1053"/>
			<id id="1054"/>
			<id id="1055"/>
			<id id="1056"/>
			<id id="1057"/>
			<id id="1058"/>
			<id id="1059"/>
			<id id="1060"/>
			<id id="1061"/>
			<id id="1062"/>
			<id id="1063"/>
			<id id="1064"/>
			<id id="1065"/>
			<id id="1066"/>
			<id id="1067"/>
			<id id="1068"/>
			<id id="1069"/>
			<id id="1070"/>
			<id id="1071"/>
			<id id="1072"/>
			<id id="1073"/>
			<id id="1074"/>
			<id id="1075"/>
			<id id="1076"/>
			<id id="1077"/>
			<id id="1078"/>
			<id id="1079"/>
			<id id="1080"/>
			<id id="1081"/>
			<id id="1082"/>
			<id id="1083"/>
			<id id="1084"/>
			<id id="1085"/>
			<id id="1086"/>
			<id id="1087"/>
			<id id="1088"/>
			<id id="1089"/>
			<id id="1090"/>
			<id id="1091"/>
			<id id="1092"/>
			<id id="1093"/>
			<id id="1094"/>
			<id id="1095"/>
			<id id="1096"/>
			<id id="1097"/>
			<id id="1098"/>
			<id id="1099"/>
			<id id="1100">
				<origin>扉を開き小部屋の中に目を向けると\f801\奥に三つの戦斧が立っているのに気づく。\f801\\f802\見たところ、それは船乗りたちが使う\f801\大型で両手持ちの大斧のようだ。\f801\\f802\地面が一度掘られた様子があることから\f801\それらは墓標代わりにたてられている\f801\のだろうと察することができる。\f801\\f802\詳しく様子を見るため近づこうとした際\f801\君たちは怪しい気配を感じ取る。\f801\\ffff\</origin>
				<translate>扉を開き小部屋の中に目を向けると\f801\奥に三つの戦斧が立っているのに気づく。\f801\\f802\見たところ、それは船乗りたちが使う\f801\大型で両手持ちの大斧のようだ。\f801\\f802\地面が一度掘られた様子があることから\f801\それらは墓標代わりにたてられている\f801\のだろうと察することができる。\f801\\f802\詳しく様子を見るため近づこうとした際\f801\君たちは怪しい気配を感じ取る。\f801\\ffff\</translate>
			</id>
			<id id="1101">
				<origin>注意深く周囲を見回すと、どうやら\f801\君たちの存在に気づいた魔物が\f801\茂みに隠れて接近しているようだ。\f801\\f802\背後の扉まで逃げている時間はない。\f801\生き残りたくば、剣を抜いて\f801\魔物の群れに立ち向かいたまえ！\f801\\ffff\</origin>
				<translate>注意深く周囲を見回すと、どうやら\f801\君たちの存在に気づいた魔物が\f801\茂みに隠れて接近しているようだ。\f801\\f802\背後の扉まで逃げている時間はない。\f801\生き残りたくば、剣を抜いて\f801\魔物の群れに立ち向かいたまえ！\f801\\ffff\</translate>
			</id>
			<id id="1102"/>
			<id id="1103"/>
			<id id="1104"/>
			<id id="1105"/>
			<id id="1106"/>
			<id id="1107"/>
			<id id="1108"/>
			<id id="1109"/>
			<id id="1110"/>
			<id id="1111"/>
			<id id="1112"/>
			<id id="1113"/>
			<id id="1114"/>
			<id id="1115"/>
			<id id="1116"/>
			<id id="1117"/>
			<id id="1118"/>
			<id id="1119"/>
			<id id="1120"/>
			<id id="1121"/>
			<id id="1122"/>
			<id id="1123"/>
			<id id="1124"/>
			<id id="1125"/>
			<id id="1126"/>
			<id id="1127"/>
			<id id="1128"/>
			<id id="1129"/>
			<id id="1130"/>
			<id id="1131"/>
			<id id="1132"/>
			<id id="1133"/>
			<id id="1134"/>
			<id id="1135"/>
			<id id="1136"/>
			<id id="1137"/>
			<id id="1138"/>
			<id id="1139"/>
			<id id="1140"/>
			<id id="1141"/>
			<id id="1142"/>
			<id id="1143"/>
			<id id="1144"/>
			<id id="1145"/>
			<id id="1146"/>
			<id id="1147"/>
			<id id="1148"/>
			<id id="1149"/>
			<id id="1150">
				<origin>魔物を捌いた君たちに\f801\続けて魔物が襲いかかる！\f801\\ffff\</origin>
				<translate>魔物を捌いた君たちに\f801\続けて魔物が襲いかかる！\f801\\ffff\</translate>
			</id>
			<id id="1151">
				<origin>襲い来た魔物を退けると、\f801\周りの魔物たちは君たちを恐れたのか\f801\後退の素振りを見せる！\f801\\f802\さあ、君たちの実力を存分に見せたまえ！\f801\\ffff\</origin>
				<translate>襲い来た魔物を退けると、\f801\周りの魔物たちは君たちを恐れたのか\f801\後退の素振りを見せる！\f801\\f802\さあ、君たちの実力を存分に見せたまえ！\f801\\ffff\</translate>
			</id>
			<id id="1152"/>
			<id id="1153"/>
			<id id="1154"/>
			<id id="1155"/>
			<id id="1156"/>
			<id id="1157"/>
			<id id="1158"/>
			<id id="1159"/>
			<id id="1160"/>
			<id id="1161"/>
			<id id="1162"/>
			<id id="1163"/>
			<id id="1164"/>
			<id id="1165"/>
			<id id="1166"/>
			<id id="1167"/>
			<id id="1168"/>
			<id id="1169"/>
			<id id="1170"/>
			<id id="1171"/>
			<id id="1172"/>
			<id id="1173"/>
			<id id="1174"/>
			<id id="1175"/>
			<id id="1176"/>
			<id id="1177"/>
			<id id="1178"/>
			<id id="1179"/>
			<id id="1180"/>
			<id id="1181"/>
			<id id="1182"/>
			<id id="1183"/>
			<id id="1184"/>
			<id id="1185"/>
			<id id="1186"/>
			<id id="1187"/>
			<id id="1188"/>
			<id id="1189"/>
			<id id="1190"/>
			<id id="1191"/>
			<id id="1192"/>
			<id id="1193"/>
			<id id="1194"/>
			<id id="1195"/>
			<id id="1196"/>
			<id id="1197"/>
			<id id="1198"/>
			<id id="1199"/>
			<id id="1200">
				<origin>何度目かの敵を退け、大きく肩で息をすると\f801\君たちは周囲に視線を向ける。\f801\\f802\巨大な獣に怪鳥…恐ろしい魔物たちの死骸で\f801\辺り一面は血の海と化している。\f801\\f802\そんな魔物たちが間違って食べていたのか\f801\そこに真鍮の小さな箱が転がっている。\f801\\f802\船乗りの物らしい装飾があるその箱に\f801\君たちは興味を持ち手を伸ばす…。\f801\\f802\そこには羊皮紙に記された手紙と\f801\幾つかの装飾品が入っていた。\f801\\ffff\</origin>
				<translate>何度目かの敵を退け、大きく肩で息をすると\f801\君たちは周囲に視線を向ける。\f801\\f802\巨大な獣に怪鳥…恐ろしい魔物たちの死骸で\f801\辺り一面は血の海と化している。\f801\\f802\そんな魔物たちが間違って食べていたのか\f801\そこに真鍮の小さな箱が転がっている。\f801\\f802\船乗りの物らしい装飾があるその箱に\f801\君たちは興味を持ち手を伸ばす…。\f801\\f802\そこには羊皮紙に記された手紙と\f801\幾つかの装飾品が入っていた。\f801\\ffff\</translate>
			</id>
			<id id="1201">
				<origin>『我ら先遣隊は海の魔物により遭難した。\f801\資料は海に沈み、案内人も姿を消した…』\f801\\f802\『生き残った我ら三人の水兵だけで\f801\案内人の足跡を追ったが発見できず…\f801\魔物に襲われ、深手を負った』\f801\\f802\『また魔物が近づく音がする…。\f801\我らはここで死ぬ、だが、せめて我らの\f801\遺品が一族の元に届くことを信じて…』\f801\\ffff\</origin>
				<translate>『我ら先遣隊は海の魔物により遭難した。\f801\資料は海に沈み、案内人も姿を消した…』\f801\\f802\『生き残った我ら三人の水兵だけで\f801\案内人の足跡を追ったが発見できず…\f801\魔物に襲われ、深手を負った』\f801\\f802\『また魔物が近づく音がする…。\f801\我らはここで死ぬ、だが、せめて我らの\f801\遺品が一族の元に届くことを信じて…』\f801\\ffff\</translate>
			</id>
			<id id="1202">
				<origin>真鍮の箱の中にあった手紙には\f801\そう書かれていた。\f801\\f802\どうやら戦斧はここで亡くなった水兵たちの\f801\墓標らしいとわかる。ここを通りがかった\f801\他の冒険者が埋葬したのだろうか？\f801\\f802\そして、その水兵はアーテリンデと\f801\名乗った女性が捜している\f801\先遣隊の水兵たちだろう。\f801\\f802\君たちは機会があれば届けてあげようと\f801\その真鍮の箱を手に取りしまい込む。\f801\\ffff\</origin>
				<translate>真鍮の箱の中にあった手紙には\f801\そう書かれていた。\f801\\f802\どうやら戦斧はここで亡くなった水兵たちの\f801\墓標らしいとわかる。ここを通りがかった\f801\他の冒険者が埋葬したのだろうか？\f801\\f802\そして、その水兵はアーテリンデと\f801\名乗った女性が捜している\f801\先遣隊の水兵たちだろう。\f801\\f802\君たちは機会があれば届けてあげようと\f801\その真鍮の箱を手に取りしまい込む。\f801\\ffff\</translate>
			</id>
			<id id="1203">
				<origin>ここには他に目を引くものはないようだ。\f801\君たちは墓標に祈りを捧げた後\f801\その場を後にして探索に戻ることにする。\f801\\ffff\</origin>
				<translate>ここには他に目を引くものはないようだ。\f801\君たちは墓標に祈りを捧げた後\f801\その場を後にして探索に戻ることにする。\f801\\ffff\</translate>
			</id>
		</body>
	</mbm>
