<?xml version="1.0" encoding="UTF-8"?>
	<mbm>
		<head>000000004d53473200000100</head>
		<size>64170000</size>
		<number>b7000000</number>
		<j>200000000000000000000000</j>
		<body>
			<id id="0">
				<origin>遺跡を探索する君たちは、ある行き止まりで\f801\足を止める。\f801\\f802\そこは三方を壁に囲まれており、\f801\これ以上は進めそうにない。\f801\\f802\しかしその三方の壁には、\f801\何やら小さな穴が開いている。\f801\\f802\君たちはこの壁を調べることができる。\f801\\ffff\</origin>
				<translate>遺跡を探索する君たちは、ある行き止まりで\f801\足を止める。\f801\\f802\そこは三方を壁に囲まれており、\f801\これ以上は進めそうにない。\f801\\f802\しかしその三方の壁には、\f801\何やら小さな穴が開いている。\f801\\f802\君たちはこの壁を調べることができる。\f801\\ffff\</translate>
			</id>
			<id id="1"/>
			<id id="2"/>
			<id id="3">
				<origin>\f804\\0500\どうしますか？\f804\\0000\\f801\調べる\f801\立ち去る\f801\\ffff\</origin>
				<translate>\f804\\0500\どうしますか？\f804\\0000\\f801\調べる\f801\立ち去る\f801\\ffff\</translate>
			</id>
			<id id="4"/>
			<id id="5"/>
			<id id="6">
				<origin>壁に空いた穴に興味を持った君たちは\f801\少し調べてみることにする。\f801\\f802\穴は各壁に１つずつ開いている。\f801\各穴の大きさはちょうど指くらいで、\f801\かなり深いらしく、中はよく見えない。\f801\\f802\落ちていた枝を入れてみたが、\f801\何の反応もない。\f801\\f802\そのうち枝が折れて穴の１つを\f801\詰まらせてしまう。\f801\\f802\これ以上調べても得るものはなさそうだ。\f801\君たちはそう判断し、その場に背を向ける。\f801\\f802\その時、今まで沈黙していた穴から\f801\槍が飛び出してくる！\f801\\ffff\</origin>
				<translate>壁に空いた穴に興味を持った君たちは\f801\少し調べてみることにする。\f801\\f802\穴は各壁に１つずつ開いている。\f801\各穴の大きさはちょうど指くらいで、\f801\かなり深いらしく、中はよく見えない。\f801\\f802\落ちていた枝を入れてみたが、\f801\何の反応もない。\f801\\f802\そのうち枝が折れて穴の１つを\f801\詰まらせてしまう。\f801\\f802\これ以上調べても得るものはなさそうだ。\f801\君たちはそう判断し、その場に背を向ける。\f801\\f802\その時、今まで沈黙していた穴から\f801\槍が飛び出してくる！\f801\\ffff\</translate>
			</id>
			<id id="7"/>
			<id id="8"/>
			<id id="9">
				<origin>正面の槍は\f801\\f843\\0000\に襲いかかる！\f801\\f802\\f843\\0000\はとっさに避け、\f801\傷を負わなかった！\f801\\ffff\</origin>
				<translate>正面の槍は\f801\\f843\\0000\に襲いかかる！\f801\\f802\\f843\\0000\はとっさに避け、\f801\傷を負わなかった！\f801\\ffff\</translate>
			</id>
			<id id="10"/>
			<id id="11"/>
			<id id="12">
				<origin>正面の槍は\f801\\f843\\0000\に襲いかかる！\f801\\f802\\f843\\0000\はとっさに避けたが、\f801\傷を負ってしまう！\f801\\ffff\</origin>
				<translate>正面の槍は\f801\\f843\\0000\に襲いかかる！\f801\\f802\\f843\\0000\はとっさに避けたが、\f801\傷を負ってしまう！\f801\\ffff\</translate>
			</id>
			<id id="13"/>
			<id id="14"/>
			<id id="15">
				<origin>右側から迫る槍は\f801\\f843\\0100\に襲いかかる！\f801\\f802\\f843\\0100\はとっさに避け、\f801\傷を負わなかった！\f801\\ffff\</origin>
				<translate>右側から迫る槍は\f801\\f843\\0100\に襲いかかる！\f801\\f802\\f843\\0100\はとっさに避け、\f801\傷を負わなかった！\f801\\ffff\</translate>
			</id>
			<id id="16"/>
			<id id="17"/>
			<id id="18">
				<origin>右側から迫る槍は\f801\\f843\\0100\に襲いかかる！\f801\\f802\\f843\\0100\はとっさに避けたが、\f801\傷を負ってしまう！\f801\\ffff\</origin>
				<translate>右側から迫る槍は\f801\\f843\\0100\に襲いかかる！\f801\\f802\\f843\\0100\はとっさに避けたが、\f801\傷を負ってしまう！\f801\\ffff\</translate>
			</id>
			<id id="19"/>
			<id id="20"/>
			<id id="21">
				<origin>運良く、左側の穴を枝で詰まらせていたため\f801\そこから出るであろう槍は出なかった。\f801\\f802\もしこれが出ていたなら、避ける場所が\f801\ない状態で、きっと絶命していたであろう。\f801\\f802\遺跡には侵入者を撃退する仕掛けが\f801\されているものだ。\f801\君たちはそれを作動させてしまったのだ。\f801\\f802\君たちは他の冒険者のために、\f801\この仕掛を完全に破壊してから、\f801\遺跡の探索に戻ることにする。\f801\\ffff\</origin>
				<translate>運良く、左側の穴を枝で詰まらせていたため\f801\そこから出るであろう槍は出なかった。\f801\\f802\もしこれが出ていたなら、避ける場所が\f801\ない状態で、きっと絶命していたであろう。\f801\\f802\遺跡には侵入者を撃退する仕掛けが\f801\されているものだ。\f801\君たちはそれを作動させてしまったのだ。\f801\\f802\君たちは他の冒険者のために、\f801\この仕掛を完全に破壊してから、\f801\遺跡の探索に戻ることにする。\f801\\ffff\</translate>
			</id>
			<id id="22"/>
			<id id="23"/>
			<id id="24">
				<origin>行き止まりの罠\f801\\ffff\</origin>
				<translate>行き止まりの罠\f801\\ffff\</translate>
			</id>
			<id id="25"/>
			<id id="26"/>
			<id id="27">
				<origin>遺跡を探索していた君たちは\f801\三方を壁に囲まれた行き止まりで\f801\罠を作動させてしまい、\f801\危険な目にあった。\f801\\ffff\</origin>
				<translate>遺跡を探索していた君たちは\f801\三方を壁に囲まれた行き止まりで\f801\罠を作動させてしまい、\f801\危険な目にあった。\f801\\ffff\</translate>
			</id>
			<id id="28"/>
			<id id="29"/>
			<id id="30">
				<origin>今は他の探索を続けるべきだ。\f801\君たちはこの場を立ち去ることにする。\f801\\ffff\</origin>
				<translate>今は他の探索を続けるべきだ。\f801\君たちはこの場を立ち去ることにする。\f801\\ffff\</translate>
			</id>
			<id id="31"/>
			<id id="32"/>
			<id id="33"/>
			<id id="34"/>
			<id id="35"/>
			<id id="36"/>
			<id id="37"/>
			<id id="38"/>
			<id id="39"/>
			<id id="40"/>
			<id id="41"/>
			<id id="42"/>
			<id id="43"/>
			<id id="44"/>
			<id id="45"/>
			<id id="46"/>
			<id id="47"/>
			<id id="48"/>
			<id id="49"/>
			<id id="50">
				<origin>遺跡を探索する君たちは、その道が\f801\行き止まりであることを知る。\f801\\f802\この場所には特に何もなさそうだし、\f801\魔物が潜んでいる気配もない。\f801\\f802\君たちがもし急いでいなければ、\f801\ここに少し留まってもいい。\f801\\ffff\</origin>
				<translate>遺跡を探索する君たちは、その道が\f801\行き止まりであることを知る。\f801\\f802\この場所には特に何もなさそうだし、\f801\魔物が潜んでいる気配もない。\f801\\f802\君たちがもし急いでいなければ、\f801\ここに少し留まってもいい。\f801\\ffff\</translate>
			</id>
			<id id="51"/>
			<id id="52"/>
			<id id="53">
				<origin>\f804\\0500\どうしますか？\f804\\0000\\f801\留まる\f801\立ち去る\f801\\ffff\</origin>
				<translate>\f804\\0500\どうしますか？\f804\\0000\\f801\留まる\f801\立ち去る\f801\\ffff\</translate>
			</id>
			<id id="54"/>
			<id id="55"/>
			<id id="56">
				<origin>心のゆとりを失くすことは、\f801\思わぬ失敗を招くものだ。\f801\君たちはここで少し足を止める。\f801\\ffff\</origin>
				<translate>心のゆとりを失くすことは、\f801\思わぬ失敗を招くものだ。\f801\君たちはここで少し足を止める。\f801\\ffff\</translate>
			</id>
			<id id="57"/>
			<id id="58"/>
			<id id="59">
				<origin>君たちが地図や持ち物の残りを\f801\確認していると、\f843\\0000\は\f801\あるものを見つける。\f801\\f802\それは目の高さの枝に生った一つの実だ。\f801\見たところ虫に食われ、君たちが食べるには\f801\向いてはいない。\f801\\f802\\f843\\0000\はその実を的に\f801\武器を振るってみることにする。\f801\\ffff\</origin>
				<translate>君たちが地図や持ち物の残りを\f801\確認していると、\f843\\0000\は\f801\あるものを見つける。\f801\\f802\それは目の高さの枝に生った一つの実だ。\f801\見たところ虫に食われ、君たちが食べるには\f801\向いてはいない。\f801\\f802\\f843\\0000\はその実を的に\f801\武器を振るってみることにする。\f801\\ffff\</translate>
			</id>
			<id id="60"/>
			<id id="61"/>
			<id id="62">
				<origin>\f843\\0000\は足を肩幅に開き\f801\実を見据えて立つ。\f801\\f802\体の力を抜いた状態から、\f801\利き腕を繰り出すと、木の実の直前で\f801\寸止めをする。\f801\\f802\確かにあたってはいなかったはずだが、\f801\\f843\\0000\の拳圧で\f801\その実が飛ばされ落ちる！\f801\\ffff\</origin>
				<translate>\f843\\0000\は足を肩幅に開き\f801\実を見据えて立つ。\f801\\f802\体の力を抜いた状態から、\f801\利き腕を繰り出すと、木の実の直前で\f801\寸止めをする。\f801\\f802\確かにあたってはいなかったはずだが、\f801\\f843\\0000\の拳圧で\f801\その実が飛ばされ落ちる！\f801\\ffff\</translate>
			</id>
			<id id="63"/>
			<id id="64"/>
			<id id="65">
				<origin>\f843\\0000\は実を見据え\f801\離れたところに立つ。\f801\\f802\そして手にした武器を、\f801\木の実に向かって放つ！\f801\武器はその実の中心に見事ヒットする！\f801\\ffff\</origin>
				<translate>\f843\\0000\は実を見据え\f801\離れたところに立つ。\f801\\f802\そして手にした武器を、\f801\木の実に向かって放つ！\f801\武器はその実の中心に見事ヒットする！\f801\\ffff\</translate>
			</id>
			<id id="66"/>
			<id id="67"/>
			<id id="68">
				<origin>\f843\\0000\は実を見据え\f801\離れたところに立つ。\f801\\f802\そして手にした武器で、木の実を射抜く！\f801\放たれた攻撃はその実の中心に\f801\見事ヒットする！\f801\\ffff\</origin>
				<translate>\f843\\0000\は実を見据え\f801\離れたところに立つ。\f801\\f802\そして手にした武器で、木の実を射抜く！\f801\放たれた攻撃はその実の中心に\f801\見事ヒットする！\f801\\ffff\</translate>
			</id>
			<id id="69"/>
			<id id="70"/>
			<id id="71">
				<origin>\f843\\0000\は実を見据え\f801\離れたところに立つ。\f801\\f802\武器を構えた体勢から、一瞬で踏み込み、\f801\木の実へと刃を走らせる！\f801\\f802\\f843\\0000\が次の瞬間には\f801\元の位置に戻ると、それを待ったかのように\f801\遅れて木の実の下半分が落下する！\f801\\ffff\</origin>
				<translate>\f843\\0000\は実を見据え\f801\離れたところに立つ。\f801\\f802\武器を構えた体勢から、一瞬で踏み込み、\f801\木の実へと刃を走らせる！\f801\\f802\\f843\\0000\が次の瞬間には\f801\元の位置に戻ると、それを待ったかのように\f801\遅れて木の実の下半分が落下する！\f801\\ffff\</translate>
			</id>
			<id id="72"/>
			<id id="73"/>
			<id id="74">
				<origin>\f843\\0000\は今の攻撃の出来に\f801\大いに満足できた。\f801\\f802\この鍛錬は、きっと戦いの中で役に立つ。\f801\その手応えを得て、君たちは遺跡の探索に\f801\戻ることにする。\f801\\ffff\</origin>
				<translate>\f843\\0000\は今の攻撃の出来に\f801\大いに満足できた。\f801\\f802\この鍛錬は、きっと戦いの中で役に立つ。\f801\その手応えを得て、君たちは遺跡の探索に\f801\戻ることにする。\f801\\ffff\</translate>
			</id>
			<id id="75"/>
			<id id="76"/>
			<id id="77">
				<origin>木の実と鍛錬\f801\\ffff\</origin>
				<translate>木の実と鍛錬\f801\\ffff\</translate>
			</id>
			<id id="78"/>
			<id id="79"/>
			<id id="80">
				<origin>遺跡を探索していた君たちは\f801\通路の行き止まりで、虫食いの\f801\木の実をみつけ、それを的にして\f801\攻撃の鍛錬を積んだ。\f801\\ffff\</origin>
				<translate>遺跡を探索していた君たちは\f801\通路の行き止まりで、虫食いの\f801\木の実をみつけ、それを的にして\f801\攻撃の鍛錬を積んだ。\f801\\ffff\</translate>
			</id>
			<id id="81"/>
			<id id="82"/>
			<id id="83">
				<origin>今は探索を急ぐべきだ。\f801\君たちはこの場を立ち去ることにする。\f801\\ffff\</origin>
				<translate>今は探索を急ぐべきだ。\f801\君たちはこの場を立ち去ることにする。\f801\\ffff\</translate>
			</id>
			<id id="84"/>
			<id id="85"/>
			<id id="86"/>
			<id id="87"/>
			<id id="88"/>
			<id id="89"/>
			<id id="90"/>
			<id id="91"/>
			<id id="92"/>
			<id id="93"/>
			<id id="94"/>
			<id id="95"/>
			<id id="96"/>
			<id id="97"/>
			<id id="98"/>
			<id id="99"/>
			<id id="100">
				<origin>遺跡を探索する君たちは、四方が開けた\f801\広場のようなところに出る。\f801\\f802\周囲が見渡せるここならば、魔物の接近も\f801\わかりやすく、休むには最適だろう。\f801\\f802\君たちはここで休むことができる。\f801\\ffff\</origin>
				<translate>遺跡を探索する君たちは、四方が開けた\f801\広場のようなところに出る。\f801\\f802\周囲が見渡せるここならば、魔物の接近も\f801\わかりやすく、休むには最適だろう。\f801\\f802\君たちはここで休むことができる。\f801\\ffff\</translate>
			</id>
			<id id="101"/>
			<id id="102"/>
			<id id="103">
				<origin>\f804\\0500\どうしますか？\f804\\0000\\f801\休む\f801\立ち去る\f801\\ffff\</origin>
				<translate>\f804\\0500\どうしますか？\f804\\0000\\f801\休む\f801\立ち去る\f801\\ffff\</translate>
			</id>
			<id id="104"/>
			<id id="105"/>
			<id id="106">
				<origin>この遺跡の中では、休息は重要だ。\f801\君たちは荷物を降ろし、\f801\小休止を取ろうと考える。\f801\\ffff\</origin>
				<translate>この遺跡の中では、休息は重要だ。\f801\君たちは荷物を降ろし、\f801\小休止を取ろうと考える。\f801\\ffff\</translate>
			</id>
			<id id="107"/>
			<id id="108"/>
			<id id="109">
				<origin>\f859\\0700\\f81b\\565f\\4348\\4152\\5f31\\3037\\2f45\\5645\\4e54\\2f62\\6172\\5f32\\3030\\0000\「おや、先客がいたようだ」\f801\\ffff\</origin>
				<translate>\f859\\0700\\f81b\\565f\\4348\\4152\\5f31\\3037\\2f45\\5645\\4e54\\2f62\\6172\\5f32\\3030\\0000\「おや、先客がいたようだ」\f801\\ffff\</translate>
			</id>
			<id id="110"/>
			<id id="111"/>
			<id id="112">
				<origin>後ろからする声に振り返ると、\f801\衛兵のグループがいた。\f801\\ffff\</origin>
				<translate>後ろからする声に振り返ると、\f801\衛兵のグループがいた。\f801\\ffff\</translate>
			</id>
			<id id="113"/>
			<id id="114"/>
			<id id="115">
				<origin>\f859\\0700\「ここまで到達するのも、疲れただろう。\f801\我々が見張っているから、少し眠るといい」\f801\\ffff\</origin>
				<translate>\f859\\0700\「ここまで到達するのも、疲れただろう。\f801\我々が見張っているから、少し眠るといい」\f801\\ffff\</translate>
			</id>
			<id id="116"/>
			<id id="117"/>
			<id id="118">
				<origin>君たちは衛兵の申し出をありがたく受け、\f801\仮眠をとることにした。\f801\\ffff\</origin>
				<translate>君たちは衛兵の申し出をありがたく受け、\f801\仮眠をとることにした。\f801\\ffff\</translate>
			</id>
			<id id="119"/>
			<id id="120"/>
			<id id="121">
				<origin>あまり長い間寝ていたわけではないのだが\f801\やはり仮眠をとることで頭まで休まった。\f801\\ffff\</origin>
				<translate>あまり長い間寝ていたわけではないのだが\f801\やはり仮眠をとることで頭まで休まった。\f801\\ffff\</translate>
			</id>
			<id id="122"/>
			<id id="123"/>
			<id id="124">
				<origin>\f859\\0700\\f81b\\565f\\4348\\4152\\5f31\\3037\\2f45\\5645\\4e54\\2f62\\6172\\5f32\\3034\\0000\「役に立てたようで何よりだ。\f801\では、気をつけて！」\f801\\ffff\</origin>
				<translate>\f859\\0700\\f81b\\565f\\4348\\4152\\5f31\\3037\\2f45\\5645\\4e54\\2f62\\6172\\5f32\\3034\\0000\「役に立てたようで何よりだ。\f801\では、気をつけて！」\f801\\ffff\</translate>
			</id>
			<id id="125">
				<origin>君たちは衛兵に礼を述べると、\f801\遺跡の探索に戻ることにする。\f801\\ffff\</origin>
				<translate>君たちは衛兵に礼を述べると、\f801\遺跡の探索に戻ることにする。\f801\\ffff\</translate>
			</id>
			<id id="126"/>
			<id id="127">
				<origin>衛兵と仮眠\f801\\ffff\</origin>
				<translate>衛兵と仮眠\f801\\ffff\</translate>
			</id>
			<id id="128"/>
			<id id="129"/>
			<id id="130">
				<origin>遺跡を探索していた君たちは\f801\開けた場所で小休止しようとしたが\f801\現れた衛兵が見張ってくれたので\f801\安心して仮眠を取れた。\f801\\ffff\</origin>
				<translate>遺跡を探索していた君たちは\f801\開けた場所で小休止しようとしたが\f801\現れた衛兵が見張ってくれたので\f801\安心して仮眠を取れた。\f801\\ffff\</translate>
			</id>
			<id id="131"/>
			<id id="132"/>
			<id id="133">
				<origin>まだ休息は必要ない。\f801\君たちはこの場を立ち去ることにする。\f801\\ffff\</origin>
				<translate>まだ休息は必要ない。\f801\君たちはこの場を立ち去ることにする。\f801\\ffff\</translate>
			</id>
			<id id="134"/>
			<id id="135"/>
			<id id="136"/>
			<id id="137"/>
			<id id="138"/>
			<id id="139"/>
			<id id="140"/>
			<id id="141"/>
			<id id="142"/>
			<id id="143"/>
			<id id="144"/>
			<id id="145"/>
			<id id="146"/>
			<id id="147"/>
			<id id="148"/>
			<id id="149"/>
			<id id="150">
				<origin>遺跡を探索する君たちは、行き止まりで\f801\足を止める。\f801\\f802\その先には、君たちと同じく\f801\遺跡を調査しているのだろう一人の衛兵が\f801\立ち止まっている。\f801\\f802\君たちはその衛兵に声をかけても良い。\f801\\ffff\</origin>
				<translate>遺跡を探索する君たちは、行き止まりで\f801\足を止める。\f801\\f802\その先には、君たちと同じく\f801\遺跡を調査しているのだろう一人の衛兵が\f801\立ち止まっている。\f801\\f802\君たちはその衛兵に声をかけても良い。\f801\\ffff\</translate>
			</id>
			<id id="151"/>
			<id id="152"/>
			<id id="153">
				<origin>\f804\\0500\どうしますか？\f804\\0000\\f801\声をかける\f801\立ち去る\f801\\ffff\</origin>
				<translate>\f804\\0500\どうしますか？\f804\\0000\\f801\声をかける\f801\立ち去る\f801\\ffff\</translate>
			</id>
			<id id="154"/>
			<id id="155"/>
			<id id="156">
				<origin>君たちはたたずむ衛兵に\f801\声をかけることにする。\f801\\ffff\</origin>
				<translate>君たちはたたずむ衛兵に\f801\声をかけることにする。\f801\\ffff\</translate>
			</id>
			<id id="157"/>
			<id id="158"/>
			<id id="159">
				<origin>\f859\\0700\\f81b\\565f\\4348\\4152\\5f31\\3037\\2f45\\5645\\4e54\\2f62\\6172\\5f32\\3030\\0000\「やあ、君たちは\f840\だね。\f801\遺跡の中で有名人に出会えるなんて」\f801\\ffff\</origin>
				<translate>\f859\\0700\\f81b\\565f\\4348\\4152\\5f31\\3037\\2f45\\5645\\4e54\\2f62\\6172\\5f32\\3030\\0000\「やあ、君たちは\f840\だね。\f801\遺跡の中で有名人に出会えるなんて」\f801\\ffff\</translate>
			</id>
			<id id="160"/>
			<id id="161"/>
			<id id="162">
				<origin>衛兵は君たちのことを知っているようで\f801\気さくに話しかけてくる。\f801\\ffff\</origin>
				<translate>衛兵は君たちのことを知っているようで\f801\気さくに話しかけてくる。\f801\\ffff\</translate>
			</id>
			<id id="163"/>
			<id id="164"/>
			<id id="165">
				<origin>\f859\\0700\\f81b\\565f\\4348\\4152\\5f31\\3037\\2f45\\5645\\4e54\\2f62\\6172\\5f32\\3038\\0000\「見ての通り、ここは行き止まり。\f801\これ以上は進めないみたいだ。\f801\他のルートを探すよ」\f801\\ffff\</origin>
				<translate>\f859\\0700\\f81b\\565f\\4348\\4152\\5f31\\3037\\2f45\\5645\\4e54\\2f62\\6172\\5f32\\3038\\0000\「見ての通り、ここは行き止まり。\f801\これ以上は進めないみたいだ。\f801\他のルートを探すよ」\f801\\ffff\</translate>
			</id>
			<id id="166"/>
			<id id="167"/>
			<id id="168">
				<origin>その前に、衛兵はそう言って\f801\君たちに何かを手渡してくる。\f801\\ffff\</origin>
				<translate>その前に、衛兵はそう言って\f801\君たちに何かを手渡してくる。\f801\\ffff\</translate>
			</id>
			<id id="169"/>
			<id id="170"/>
			<id id="171">
				<origin>\f859\\0700\「良かったらこれを貰って欲しい。\f801\君たちには期待しているよ」\f801\\ffff\</origin>
				<translate>\f859\\0700\「良かったらこれを貰って欲しい。\f801\君たちには期待しているよ」\f801\\ffff\</translate>
			</id>
			<id id="172"/>
			<id id="173"/>
			<id id="174">
				<origin>衛兵は君たちに薬瓶を手渡すと、\f801\別のルートを求め去っていった。\f801\\f802\君たちも衛兵を見送った後、\f801\彼の期待に応えるため、\f801\遺跡の探索に戻ることにする。\f801\\ffff\</origin>
				<translate>衛兵は君たちに薬瓶を手渡すと、\f801\別のルートを求め去っていった。\f801\\f802\君たちも衛兵を見送った後、\f801\彼の期待に応えるため、\f801\遺跡の探索に戻ることにする。\f801\\ffff\</translate>
			</id>
			<id id="175"/>
			<id id="176"/>
			<id id="177">
				<origin>衛兵の応援\f801\\ffff\</origin>
				<translate>衛兵の応援\f801\\ffff\</translate>
			</id>
			<id id="178"/>
			<id id="179"/>
			<id id="180">
				<origin>遺跡を探索していた君たちは\f801\行き止まりで衛兵に話しかける。\f801\衛兵は君たちの名声を知っており、\f801\薬瓶をプレゼントしてくれた。\f801\\ffff\</origin>
				<translate>遺跡を探索していた君たちは\f801\行き止まりで衛兵に話しかける。\f801\衛兵は君たちの名声を知っており、\f801\薬瓶をプレゼントしてくれた。\f801\\ffff\</translate>
			</id>
			<id id="181"/>
			<id id="182"/>
			<id id="183">
				<origin>特にすることはない。\f801\君たちはこの場を立ち去ることにする。\f801\\ffff\</origin>
				<translate>特にすることはない。\f801\君たちはこの場を立ち去ることにする。\f801\\ffff\</translate>
			</id>
		</body>
	</mbm>
