<?xml version="1.0" encoding="UTF-8"?>
	<mbm>
		<head>000000004d53473200000100</head>
		<size>1c020000</size>
		<number>09000000</number>
		<j>200000000000000000000000</j>
		<body>
			<id id="0">
				<origin>軽く扉を調べてみたが、\f801\鍵がかけられているのか開きそうにない。\f801\\ffff\</origin>
				<translate>軽く扉を調べてみたが、\f801\鍵がかけられているのか開きそうにない。\f801\\ffff\</translate>
			</id>
			<id id="1"/>
			<id id="2"/>
			<id id="3">
				<origin>小迷宮を探索する君たちは、\f801\カバンを見つけた扉の前で足を止める。\f801\\f802\相変わらず扉は施錠されたままだが、\f801\いま君たちの手には、この扉を解錠する\f801\鍵が握られている。\f801\\ffff\</origin>
				<translate>小迷宮を探索する君たちは、\f801\カバンを見つけた扉の前で足を止める。\f801\\f802\相変わらず扉は施錠されたままだが、\f801\いま君たちの手には、この扉を解錠する\f801\鍵が握られている。\f801\\ffff\</translate>
			</id>
			<id id="4"/>
			<id id="5"/>
			<id id="6">
				<origin>\f804\\0500\鍵を使いますか？\f804\\0000\\f801\\ffff\</origin>
				<translate>\f804\\0500\鍵を使いますか？\f804\\0000\\f801\\ffff\</translate>
			</id>
			<id id="7"/>
			<id id="8"/>
			<id id="9">
				<origin>君たちは手にした鍵を扉のくぼみに\f801\はめ込み、強く押す。\f801\\f802\するとくぼみの鍵が内部に入り込み、\f801\静かな音を立てて扉は解錠される。\f801\\f802\障害は取り除かれた。\f801\さあ、奥へ足を踏み出したまえ。\f801\\ffff\</origin>
				<translate>君たちは手にした鍵を扉のくぼみに\f801\はめ込み、強く押す。\f801\\f802\するとくぼみの鍵が内部に入り込み、\f801\静かな音を立てて扉は解錠される。\f801\\f802\障害は取り除かれた。\f801\さあ、奥へ足を踏み出したまえ。\f801\\ffff\</translate>
			</id>
		</body>
	</mbm>
