<?xml version="1.0" encoding="UTF-8"?>
	<mbm>
		<head>000000004d53473200000100</head>
		<size>5e2c0000</size>
		<number>1c040000</number>
		<j>200000000000000000000000</j>
		<body>
			<id id="0">
				<origin>君たちが樹海を進んでいると、\f801\突きあたりに小ぶりな岩のようなものが\f801\目に入った。\f801\\f802\よく見ると、貝類がびっしりとついた\f801\人工的な何かのように思える。\f801\\f802\君たちがこれに興味があるなら、\f801\詳しく調べてみてもいい。\f801\\ffff\</origin>
				<translate>君たちが樹海を進んでいると、\f801\突きあたりに小ぶりな岩のようなものが\f801\目に入った。\f801\\f802\よく見ると、貝類がびっしりとついた\f801\人工的な何かのように思える。\f801\\f802\君たちがこれに興味があるなら、\f801\詳しく調べてみてもいい。\f801\\ffff\</translate>
			</id>
			<id id="1"/>
			<id id="2"/>
			<id id="3">
				<origin>\f804\\0500\どうしますか？\f804\\0000\\f801\調べてみる\f801\立ち去る\f801\\ffff\</origin>
				<translate>\f804\\0500\どうしますか？\f804\\0000\\f801\調べてみる\f801\立ち去る\f801\\ffff\</translate>
			</id>
			<id id="4"/>
			<id id="5"/>
			<id id="6">
				<origin>君たちはその岩のような物が何であるか\f801\調べてみることにした。\f801\\f802\びっしりと付着した貝類を少し削ぎ落とすと\f801\その下からは釉薬を塗った磁器が\f801\姿を見せる。\f801\\f802\君たちは磁器の蓋がわかるところまで\f801\注意深く貝を削ぎ落とす。\f801\ここまでくれば蓋が開きそうだ。\f801\\f802\蓋がしっかりしまっていたので\f801\中には全く影響がなかったようだ。\f801\手を入れると薬の小瓶が見つかった。\f801\\ffff\</origin>
				<translate>君たちはその岩のような物が何であるか\f801\調べてみることにした。\f801\\f802\びっしりと付着した貝類を少し削ぎ落とすと\f801\その下からは釉薬を塗った磁器が\f801\姿を見せる。\f801\\f802\君たちは磁器の蓋がわかるところまで\f801\注意深く貝を削ぎ落とす。\f801\ここまでくれば蓋が開きそうだ。\f801\\f802\蓋がしっかりしまっていたので\f801\中には全く影響がなかったようだ。\f801\手を入れると薬の小瓶が見つかった。\f801\\ffff\</translate>
			</id>
			<id id="7"/>
			<id id="8"/>
			<id id="9">
				<origin>君たちは思わぬ拾い物をしたと満足し、\f801\樹海の探索に戻ることにする。\f801\\ffff\</origin>
				<translate>君たちは思わぬ拾い物をしたと満足し、\f801\樹海の探索に戻ることにする。\f801\\ffff\</translate>
			</id>
			<id id="10">
				<origin>貝に覆われた磁器\f801\\ffff\</origin>
				<translate>貝に覆われた磁器\f801\\ffff\</translate>
			</id>
			<id id="11">
				<origin>樹海を探索していた君たちは\f801\貝類が付着した磁器を見つけ\f801\その中から薬の小瓶を\f801\手に入れることができた。\f801\\ffff\</origin>
				<translate>樹海を探索していた君たちは\f801\貝類が付着した磁器を見つけ\f801\その中から薬の小瓶を\f801\手に入れることができた。\f801\\ffff\</translate>
			</id>
			<id id="12">
				<origin>今はこれに興味を示すときではない。\f801\そう思った君たちは\f801\その場を立ち去ることにする。\f801\\ffff\</origin>
				<translate>今はこれに興味を示すときではない。\f801\そう思った君たちは\f801\その場を立ち去ることにする。\f801\\ffff\</translate>
			</id>
			<id id="13"/>
			<id id="14"/>
			<id id="15"/>
			<id id="16"/>
			<id id="17"/>
			<id id="18"/>
			<id id="19"/>
			<id id="20"/>
			<id id="21"/>
			<id id="22"/>
			<id id="23"/>
			<id id="24"/>
			<id id="25"/>
			<id id="26"/>
			<id id="27"/>
			<id id="28"/>
			<id id="29"/>
			<id id="30"/>
			<id id="31"/>
			<id id="32"/>
			<id id="33"/>
			<id id="34"/>
			<id id="35"/>
			<id id="36"/>
			<id id="37"/>
			<id id="38"/>
			<id id="39"/>
			<id id="40"/>
			<id id="41"/>
			<id id="42"/>
			<id id="43"/>
			<id id="44"/>
			<id id="45"/>
			<id id="46"/>
			<id id="47"/>
			<id id="48"/>
			<id id="49"/>
			<id id="50">
				<origin>樹海を探索する君たちは、\f801\少し広くなった場所で、\f801\あるものを発見する。\f801\\f802\それは両手を投げ出して地面に倒れた\f801\冒険者のように見える。\f801\\f802\離れた位置から少しの間観察するが、\f801\全く動く気配はない。\f801\……死体であろうか？\f801\\f802\君たちはそれを調べることができる。\f801\\ffff\</origin>
				<translate>樹海を探索する君たちは、\f801\少し広くなった場所で、\f801\あるものを発見する。\f801\\f802\それは両手を投げ出して地面に倒れた\f801\冒険者のように見える。\f801\\f802\離れた位置から少しの間観察するが、\f801\全く動く気配はない。\f801\……死体であろうか？\f801\\f802\君たちはそれを調べることができる。\f801\\ffff\</translate>
			</id>
			<id id="51"/>
			<id id="52"/>
			<id id="53">
				<origin>\f804\\0500\どうしますか？\f804\\0000\\f801\調べる\f801\立ち去る\f801\\ffff\</origin>
				<translate>\f804\\0500\どうしますか？\f804\\0000\\f801\調べる\f801\立ち去る\f801\\ffff\</translate>
			</id>
			<id id="54"/>
			<id id="55"/>
			<id id="56">
				<origin>何か事件性があるのかもしれない。\f801\君たちはゆっくりと近づいていく。\f801\\f802\だがそこにあったのは死体などではなく、\f801\脱ぎ捨てられた衣類であった。\f801\\f802\一気に緊張していた雰囲気がほぐれる。\f801\せっかくなので、\f801\この衣類を調べてみることにする。\f801\\ffff\</origin>
				<translate>何か事件性があるのかもしれない。\f801\君たちはゆっくりと近づいていく。\f801\\f802\だがそこにあったのは死体などではなく、\f801\脱ぎ捨てられた衣類であった。\f801\\f802\一気に緊張していた雰囲気がほぐれる。\f801\せっかくなので、\f801\この衣類を調べてみることにする。\f801\\ffff\</translate>
			</id>
			<id id="57">
				<origin>\f804\\0500\誰が調べますか？\f804\\0000\\f801\\ffff\</origin>
				<translate>\f804\\0500\誰が調べますか？\f804\\0000\\f801\\ffff\</translate>
			</id>
			<id id="58"/>
			<id id="59"/>
			<id id="60">
				<origin>\f843\\0000\は衣類を拾い上げる。\f801\すると、服のえりのところにいた毛虫が\f801\\f843\\0000\の手に触れた！\f801\\f802\海にもウミケムシという毛虫がおり、\f801\これの毛には毒があるのだ！\f801\\f802\ウミケムシは\f843\\0000\の手を\f801\赤くかぶれさせる！\f801\\ffff\</origin>
				<translate>\f843\\0000\は衣類を拾い上げる。\f801\すると、服のえりのところにいた毛虫が\f801\\f843\\0000\の手に触れた！\f801\\f802\海にもウミケムシという毛虫がおり、\f801\これの毛には毒があるのだ！\f801\\f802\ウミケムシは\f843\\0000\の手を\f801\赤くかぶれさせる！\f801\\ffff\</translate>
			</id>
			<id id="61">
				<origin>\f843\\0000\は衣類を拾い上げる。\f801\すると、服のえりのところに毛虫がいた！\f801\\f802\海にもウミケムシという毛虫がおり、\f801\これの毛には毒があるのだ！\f801\\f802\しかしとっさに手を離すのが間に合い、\f801\\f843\\0000\は刺されずに済んだ。\f801\\ffff\</origin>
				<translate>\f843\\0000\は衣類を拾い上げる。\f801\すると、服のえりのところに毛虫がいた！\f801\\f802\海にもウミケムシという毛虫がおり、\f801\これの毛には毒があるのだ！\f801\\f802\しかしとっさに手を離すのが間に合い、\f801\\f843\\0000\は刺されずに済んだ。\f801\\ffff\</translate>
			</id>
			<id id="62"/>
			<id id="63"/>
			<id id="64"/>
			<id id="65">
				<origin>日中は砂の中に潜っているウミケムシは\f801\夜になると海中を泳ぎ回り餌を探す。\f801\\f802\どういう経緯かはしらないが、\f801\この服の持ち主は、\f801\ウミケムシと接触してしまったのだろう。\f801\\f802\そしてウミケムシから逃れるために\f801\服を脱ぎ捨てたのだ。\f801\\f802\君たちが衣類を投げ捨てた時、\f801\中から金属のくぐもった音が聞こえる。\f801\\f802\今度は注意しながら棒で衣類をめくると、\f801\そこに革袋が落ちているのを見つける。\f801\\f802\革袋の中には数枚のコインが入っていた！\f801\\ffff\</origin>
				<translate>日中は砂の中に潜っているウミケムシは\f801\夜になると海中を泳ぎ回り餌を探す。\f801\\f802\どういう経緯かはしらないが、\f801\この服の持ち主は、\f801\ウミケムシと接触してしまったのだろう。\f801\\f802\そしてウミケムシから逃れるために\f801\服を脱ぎ捨てたのだ。\f801\\f802\君たちが衣類を投げ捨てた時、\f801\中から金属のくぐもった音が聞こえる。\f801\\f802\今度は注意しながら棒で衣類をめくると、\f801\そこに革袋が落ちているのを見つける。\f801\\f802\革袋の中には数枚のコインが入っていた！\f801\\ffff\</translate>
			</id>
			<id id="66"/>
			<id id="67"/>
			<id id="68">
				<origin>周囲を見渡しても、落とし主はいない。\f801\戻ってくる気配もない。\f801\\f802\君たちはありがたくコインを頂戴し、\f801\樹海の探索に戻ることにする。\f801\\ffff\</origin>
				<translate>周囲を見渡しても、落とし主はいない。\f801\戻ってくる気配もない。\f801\\f802\君たちはありがたくコインを頂戴し、\f801\樹海の探索に戻ることにする。\f801\\ffff\</translate>
			</id>
			<id id="69">
				<origin>脱ぎ捨てられた服\f801\\ffff\</origin>
				<translate>脱ぎ捨てられた服\f801\\ffff\</translate>
			</id>
			<id id="70">
				<origin>樹海を探索していた君たちは\f801\まるで死体のように脱ぎ捨てられた\f801\衣類をみつけ、毛虫に驚かされたが\f801\服の中から数枚のコインを得た。\f801\\ffff\</origin>
				<translate>樹海を探索していた君たちは\f801\まるで死体のように脱ぎ捨てられた\f801\衣類をみつけ、毛虫に驚かされたが\f801\服の中から数枚のコインを得た。\f801\\ffff\</translate>
			</id>
			<id id="71"/>
			<id id="72"/>
			<id id="73">
				<origin>今は別の場所を探索するべきだ。\f801\君たちはその場を立ち去ることにする。\f801\\ffff\</origin>
				<translate>今は別の場所を探索するべきだ。\f801\君たちはその場を立ち去ることにする。\f801\\ffff\</translate>
			</id>
			<id id="74"/>
			<id id="75"/>
			<id id="76"/>
			<id id="77"/>
			<id id="78"/>
			<id id="79"/>
			<id id="80"/>
			<id id="81"/>
			<id id="82"/>
			<id id="83"/>
			<id id="84"/>
			<id id="85"/>
			<id id="86"/>
			<id id="87"/>
			<id id="88"/>
			<id id="89"/>
			<id id="90"/>
			<id id="91"/>
			<id id="92"/>
			<id id="93"/>
			<id id="94"/>
			<id id="95"/>
			<id id="96"/>
			<id id="97"/>
			<id id="98"/>
			<id id="99"/>
			<id id="100">
				<origin>樹海を探索する君たちは、\f801\ちょうどよく腰掛けられそうな\f801\岩塊を見つける。\f801\\f802\岩肌は滑らかで、ここに座って休めば\f801\疲れが取れそうだ。\f801\\f802\君はここで休んでいくこともできる。\f801\\ffff\</origin>
				<translate>樹海を探索する君たちは、\f801\ちょうどよく腰掛けられそうな\f801\岩塊を見つける。\f801\\f802\岩肌は滑らかで、ここに座って休めば\f801\疲れが取れそうだ。\f801\\f802\君はここで休んでいくこともできる。\f801\\ffff\</translate>
			</id>
			<id id="101"/>
			<id id="102"/>
			<id id="103">
				<origin>\f804\\0500\どうしますか？\f804\\0000\\f801\休んでいく\f801\立ち去る\f801\\ffff\</origin>
				<translate>\f804\\0500\どうしますか？\f804\\0000\\f801\休んでいく\f801\立ち去る\f801\\ffff\</translate>
			</id>
			<id id="104"/>
			<id id="105"/>
			<id id="106">
				<origin>君たちは探索の疲れを癒やすため、\f801\この岩塊に腰掛けようと近づく。\f801\\f802\風はのどかに吹いており、\f801\時間が許すなら一眠りするのも良さそうだ。\f801\\ffff\</origin>
				<translate>君たちは探索の疲れを癒やすため、\f801\この岩塊に腰掛けようと近づく。\f801\\f802\風はのどかに吹いており、\f801\時間が許すなら一眠りするのも良さそうだ。\f801\\ffff\</translate>
			</id>
			<id id="107">
				<origin>だが、いざ座ろうとしたその時、\f801\岩塊が動き、君たちを襲う！\f801\\f802\大きな岩塊だと思っていたそれは、\f801\大きな殻をかぶった魔物だった！\f801\\f802\このままでは危険だ！\f801\武器を取り、戦いたまえ！\f801\\ffff\</origin>
				<translate>だが、いざ座ろうとしたその時、\f801\岩塊が動き、君たちを襲う！\f801\\f802\大きな岩塊だと思っていたそれは、\f801\大きな殻をかぶった魔物だった！\f801\\f802\このままでは危険だ！\f801\武器を取り、戦いたまえ！\f801\\ffff\</translate>
			</id>
			<id id="108"/>
			<id id="109">
				<origin>君たちは岩塊に擬態していた\f801\魔物を倒した。\f801\\f802\一休みをするつもりで、\f801\逆に疲れることになった。\f801\\f802\休憩するときにもあらゆる場所に\f801\注意を払わねばならない。\f801\\f802\樹海の危険性を再認識し、\f801\君たちは探索に戻ることにする。\f801\\ffff\</origin>
				<translate>君たちは岩塊に擬態していた\f801\魔物を倒した。\f801\\f802\一休みをするつもりで、\f801\逆に疲れることになった。\f801\\f802\休憩するときにもあらゆる場所に\f801\注意を払わねばならない。\f801\\f802\樹海の危険性を再認識し、\f801\君たちは探索に戻ることにする。\f801\\ffff\</translate>
			</id>
			<id id="110"/>
			<id id="111"/>
			<id id="112"/>
			<id id="113">
				<origin>オオヤドカリに座る\f801\\ffff\</origin>
				<translate>オオヤドカリに座る\f801\\ffff\</translate>
			</id>
			<id id="114">
				<origin>樹海を探索していた君たちは\f801\岩塊に腰を降ろして休もうとしたが\f801\それは擬態した魔物であり、\f801\戦うことになった。\f801\\ffff\</origin>
				<translate>樹海を探索していた君たちは\f801\岩塊に腰を降ろして休もうとしたが\f801\それは擬態した魔物であり、\f801\戦うことになった。\f801\\ffff\</translate>
			</id>
			<id id="115"/>
			<id id="116"/>
			<id id="117"/>
			<id id="118"/>
			<id id="119"/>
			<id id="120">
				<origin>今はまだ休む必要を感じない。\f801\君たちはその場を立ち去ることにする。\f801\\ffff\</origin>
				<translate>今はまだ休む必要を感じない。\f801\君たちはその場を立ち去ることにする。\f801\\ffff\</translate>
			</id>
			<id id="121"/>
			<id id="122"/>
			<id id="123"/>
			<id id="124"/>
			<id id="125"/>
			<id id="126"/>
			<id id="127"/>
			<id id="128"/>
			<id id="129"/>
			<id id="130"/>
			<id id="131"/>
			<id id="132"/>
			<id id="133"/>
			<id id="134"/>
			<id id="135"/>
			<id id="136"/>
			<id id="137"/>
			<id id="138"/>
			<id id="139"/>
			<id id="140"/>
			<id id="141"/>
			<id id="142"/>
			<id id="143"/>
			<id id="144"/>
			<id id="145"/>
			<id id="146"/>
			<id id="147"/>
			<id id="148"/>
			<id id="149"/>
			<id id="150">
				<origin>君たちが樹海の探索をしていると、\f801\どこからかいい香りが漂ってくる。\f801\\f802\香りの元をたどると、突きあたりにあった\f801\岩のくぼみに溜まった液体からだった。\f801\\f802\その液体には海藻が浸っており、\f801\近くには精油の瓶が転がっている。\f801\\f802\どうやら誰かがこの岩のくぼみに\f801\精油をこぼしてしまい、落ちていた海藻の\f801\エキスが染み出したらしい。\f801\\f802\君たちがこの岩のくぼみの液体に\f801\興味があるのなら、手に取ってもいい。\f801\\ffff\</origin>
				<translate>君たちが樹海の探索をしていると、\f801\どこからかいい香りが漂ってくる。\f801\\f802\香りの元をたどると、突きあたりにあった\f801\岩のくぼみに溜まった液体からだった。\f801\\f802\その液体には海藻が浸っており、\f801\近くには精油の瓶が転がっている。\f801\\f802\どうやら誰かがこの岩のくぼみに\f801\精油をこぼしてしまい、落ちていた海藻の\f801\エキスが染み出したらしい。\f801\\f802\君たちがこの岩のくぼみの液体に\f801\興味があるのなら、手に取ってもいい。\f801\\ffff\</translate>
			</id>
			<id id="151"/>
			<id id="152"/>
			<id id="153">
				<origin>\f804\\0500\どうしますか？\f804\\0000\\f801\手に取る\f801\立ち去る\f801\\ffff\</origin>
				<translate>\f804\\0500\どうしますか？\f804\\0000\\f801\手に取る\f801\立ち去る\f801\\ffff\</translate>
			</id>
			<id id="154"/>
			<id id="155"/>
			<id id="156">
				<origin>君たちはその液体を手に取ってみる。\f801\精油の滑りと、溶け込んだ海藻の粘度で\f801\心地よい手触りを与えてくれる。\f801\\f802\君たちはふとひらめき、この液体を\f801\疲れた足に擦り込んでみる。\f801\\f802\甘く心地よい香りに包まれながら\f801\足をマッサージすると、溜まった疲れが\f801\ほぐれていくのがよくわかる。\f801\\ffff\</origin>
				<translate>君たちはその液体を手に取ってみる。\f801\精油の滑りと、溶け込んだ海藻の粘度で\f801\心地よい手触りを与えてくれる。\f801\\f802\君たちはふとひらめき、この液体を\f801\疲れた足に擦り込んでみる。\f801\\f802\甘く心地よい香りに包まれながら\f801\足をマッサージすると、溜まった疲れが\f801\ほぐれていくのがよくわかる。\f801\\ffff\</translate>
			</id>
			<id id="157">
				<origin>疲れを癒やした君たちは、\f801\新たな気持ちで探索に戻ることにする。\f801\\ffff\</origin>
				<translate>疲れを癒やした君たちは、\f801\新たな気持ちで探索に戻ることにする。\f801\\ffff\</translate>
			</id>
			<id id="158"/>
			<id id="159"/>
			<id id="160">
				<origin>オイルマッサージ\f801\\ffff\</origin>
				<translate>オイルマッサージ\f801\\ffff\</translate>
			</id>
			<id id="161">
				<origin>樹海を探索していた君たちは\f801\誰かの落とした精油に海藻が\f801\漬け込まれた液体を見つけ、\f801\疲れた足をマッサージした。\f801\\ffff\</origin>
				<translate>樹海を探索していた君たちは\f801\誰かの落とした精油に海藻が\f801\漬け込まれた液体を見つけ、\f801\疲れた足をマッサージした。\f801\\ffff\</translate>
			</id>
			<id id="162"/>
			<id id="163"/>
			<id id="164"/>
			<id id="165">
				<origin>今は探索を続けるほうが重要だ。\f801\君たちはその場を立ち去ることにする。\f801\\ffff\</origin>
				<translate>今は探索を続けるほうが重要だ。\f801\君たちはその場を立ち去ることにする。\f801\\ffff\</translate>
			</id>
			<id id="166"/>
			<id id="167"/>
			<id id="168"/>
			<id id="169"/>
			<id id="170"/>
			<id id="171"/>
			<id id="172"/>
			<id id="173"/>
			<id id="174"/>
			<id id="175"/>
			<id id="176"/>
			<id id="177"/>
			<id id="178"/>
			<id id="179"/>
			<id id="180"/>
			<id id="181"/>
			<id id="182"/>
			<id id="183"/>
			<id id="184"/>
			<id id="185"/>
			<id id="186"/>
			<id id="187"/>
			<id id="188"/>
			<id id="189"/>
			<id id="190"/>
			<id id="191"/>
			<id id="192"/>
			<id id="193"/>
			<id id="194"/>
			<id id="195"/>
			<id id="196"/>
			<id id="197"/>
			<id id="198"/>
			<id id="199"/>
			<id id="200">
				<origin>樹海を探索する君たちは、\f801\ふと行く手の岩の隙間に\f801\光るものを見つける。\f801\\f802\よく見ると、苔生した岩の隙間の奥に\f801\金属が落ち込んでおり、\f801\それが光を反射していたようだ。\f801\\f802\岩の隙間は大きく、手を入れれば\f801\奥の金属を拾うことができそうだ。\f801\\f802\君たちが興味を示すのなら、\f801\岩の隙間に手を入れて、\f801\金属を拾うこともできる。\f801\\ffff\</origin>
				<translate>樹海を探索する君たちは、\f801\ふと行く手の岩の隙間に\f801\光るものを見つける。\f801\\f802\よく見ると、苔生した岩の隙間の奥に\f801\金属が落ち込んでおり、\f801\それが光を反射していたようだ。\f801\\f802\岩の隙間は大きく、手を入れれば\f801\奥の金属を拾うことができそうだ。\f801\\f802\君たちが興味を示すのなら、\f801\岩の隙間に手を入れて、\f801\金属を拾うこともできる。\f801\\ffff\</translate>
			</id>
			<id id="201">
				<origin>\f804\\0500\どうしますか？\f804\\0000\\f801\手を入れる\f801\立ち去る\f801\\ffff\</origin>
				<translate>\f804\\0500\どうしますか？\f804\\0000\\f801\手を入れる\f801\立ち去る\f801\\ffff\</translate>
			</id>
			<id id="202">
				<origin>\f804\\0500\誰が手を入れますか？\f804\\0000\\f801\\ffff\</origin>
				<translate>\f804\\0500\誰が手を入れますか？\f804\\0000\\f801\\ffff\</translate>
			</id>
			<id id="203">
				<origin>岩の隙間の奥に金属が光を反射している。\f801\\f843\\0000\は岩の隙間に\f801\手を入れる。\f801\\f802\指先が奥の金属に触れたその時、\f801\突如岩の隙間が動き始めた！\f801\\f802\苔むした岩の隙間だと思っていたのは\f801\大きなシャコ貝の口だったのだ！\f801\\ffff\</origin>
				<translate>岩の隙間の奥に金属が光を反射している。\f801\\f843\\0000\は岩の隙間に\f801\手を入れる。\f801\\f802\指先が奥の金属に触れたその時、\f801\突如岩の隙間が動き始めた！\f801\\f802\苔むした岩の隙間だと思っていたのは\f801\大きなシャコ貝の口だったのだ！\f801\\ffff\</translate>
			</id>
			<id id="204">
				<origin>\f843\\0000\は冷静に手を引き抜き、\f801\無事中の金属片をつかみ出すことに\f801\成功する！\f801\\f802\\f843\\0000\が掴みだした金属は\f801\数枚のコインだった！\f801\\ffff\</origin>
				<translate>\f843\\0000\は冷静に手を引き抜き、\f801\無事中の金属片をつかみ出すことに\f801\成功する！\f801\\f802\\f843\\0000\が掴みだした金属は\f801\数枚のコインだった！\f801\\ffff\</translate>
			</id>
			<id id="205">
				<origin>\f843\\0000\は慌てて手を引き抜き、\f801\貝殻の縁で手を切ってしまったが、\f801\金属片をつかみ出すことに成功する！\f801\\f802\\f843\\0000\が掴みだした金属は\f801\数枚のコインだった！\f801\\ffff\</origin>
				<translate>\f843\\0000\は慌てて手を引き抜き、\f801\貝殻の縁で手を切ってしまったが、\f801\金属片をつかみ出すことに成功する！\f801\\f802\\f843\\0000\が掴みだした金属は\f801\数枚のコインだった！\f801\\ffff\</translate>
			</id>
			<id id="206">
				<origin>シャコ貝は閉じる力が凄まじく、\f801\挟まれれば手足を砕くこともあるが、\f801\その閉じる速度は早くはない。\f801\\f802\ただむやみに手を入れるのは得策ではない。\f801\今回は幸運だった。\f801\\f802\君たちは二度と軽率な真似はすまいと誓い\f801\探索に戻ることにする。\f801\\ffff\</origin>
				<translate>シャコ貝は閉じる力が凄まじく、\f801\挟まれれば手足を砕くこともあるが、\f801\その閉じる速度は早くはない。\f801\\f802\ただむやみに手を入れるのは得策ではない。\f801\今回は幸運だった。\f801\\f802\君たちは二度と軽率な真似はすまいと誓い\f801\探索に戻ることにする。\f801\\ffff\</translate>
			</id>
			<id id="207"/>
			<id id="208"/>
			<id id="209"/>
			<id id="210">
				<origin>シャコ貝の口のコイン\f801\\ffff\</origin>
				<translate>シャコ貝の口のコイン\f801\\ffff\</translate>
			</id>
			<id id="211">
				<origin>樹海を探索していた君たちは\f801\岩のように苔生した大きな\f801\シャコ貝の口から、挟まれずに\f801\コインを得ることができた。\f801\\ffff\</origin>
				<translate>樹海を探索していた君たちは\f801\岩のように苔生した大きな\f801\シャコ貝の口から、挟まれずに\f801\コインを得ることができた。\f801\\ffff\</translate>
			</id>
			<id id="212"/>
			<id id="213"/>
			<id id="214"/>
			<id id="215">
				<origin>今は金属が何なのかを\f801\確認するときではない。\f801\君たちはこの場を立ち去ることにする。\f801\\ffff\</origin>
				<translate>今は金属が何なのかを\f801\確認するときではない。\f801\君たちはこの場を立ち去ることにする。\f801\\ffff\</translate>
			</id>
			<id id="216"/>
			<id id="217"/>
			<id id="218"/>
			<id id="219"/>
			<id id="220"/>
			<id id="221"/>
			<id id="222"/>
			<id id="223"/>
			<id id="224"/>
			<id id="225"/>
			<id id="226"/>
			<id id="227"/>
			<id id="228"/>
			<id id="229"/>
			<id id="230"/>
			<id id="231"/>
			<id id="232"/>
			<id id="233"/>
			<id id="234"/>
			<id id="235"/>
			<id id="236"/>
			<id id="237"/>
			<id id="238"/>
			<id id="239"/>
			<id id="240"/>
			<id id="241"/>
			<id id="242"/>
			<id id="243"/>
			<id id="244"/>
			<id id="245"/>
			<id id="246"/>
			<id id="247"/>
			<id id="248"/>
			<id id="249"/>
			<id id="250">
				<origin>樹海を探索していた君たちは、\f801\開けた場所の一角で、一人の衛兵と出会う。\f801\\ffff\</origin>
				<translate>樹海を探索していた君たちは、\f801\開けた場所の一角で、一人の衛兵と出会う。\f801\\ffff\</translate>
			</id>
			<id id="251">
				<origin>\f812\衛兵\0000\\f81b\\565f\\4348\\4152\\5f31\\3037\\2f45\\5645\\4e54\\2f62\\6172\\5f32\\3030\\0000\「やあ、冒険者の諸君。\f801\私はこの辺りの調査をしている調査兵だ。\f801\今は休憩中だがね」\f801\\f802\「いま、海藻のスープを作っているんだ。\f801\良かったら飲んでいくかい？」\f801\\ffff\</origin>
				<translate>\f812\衛兵\0000\\f81b\\565f\\4348\\4152\\5f31\\3037\\2f45\\5645\\4e54\\2f62\\6172\\5f32\\3030\\0000\「やあ、冒険者の諸君。\f801\私はこの辺りの調査をしている調査兵だ。\f801\今は休憩中だがね」\f801\\f802\「いま、海藻のスープを作っているんだ。\f801\良かったら飲んでいくかい？」\f801\\ffff\</translate>
			</id>
			<id id="252">
				<origin>樹海を探索していた君たちは、\f801\再び衛兵のいる場所を訪れる。\f801\\ffff\</origin>
				<translate>樹海を探索していた君たちは、\f801\再び衛兵のいる場所を訪れる。\f801\\ffff\</translate>
			</id>
			<id id="253">
				<origin>\f812\衛兵\0000\\f81b\\565f\\4348\\4152\\5f31\\3037\\2f45\\5645\\4e54\\2f62\\6172\\5f32\\3030\\0000\「やあ、冒険者の諸君。\f801\また私のスープをご所望かな？」\f801\\ffff\</origin>
				<translate>\f812\衛兵\0000\\f81b\\565f\\4348\\4152\\5f31\\3037\\2f45\\5645\\4e54\\2f62\\6172\\5f32\\3030\\0000\「やあ、冒険者の諸君。\f801\また私のスープをご所望かな？」\f801\\ffff\</translate>
			</id>
			<id id="254">
				<origin>\f804\\0500\どうしますか？\f804\\0000\\f801\飲んでいく\f801\立ち去る\f801\\ffff\</origin>
				<translate>\f804\\0500\どうしますか？\f804\\0000\\f801\飲んでいく\f801\立ち去る\f801\\ffff\</translate>
			</id>
			<id id="255"/>
			<id id="256">
				<origin>\f812\衛兵\0000\「もうじき完成するよ。\f801\さあ、カップをどうぞ」\f801\\ffff\</origin>
				<translate>\f812\衛兵\0000\「もうじき完成するよ。\f801\さあ、カップをどうぞ」\f801\\ffff\</translate>
			</id>
			<id id="257">
				<origin>出来上がった海藻のスープを口に運ぶ。\f801\海藻の風味と温かさは体の疲れを癒やし\f801\活力を与えてくれるようだ。\f801\\f802\君たちはここでしか味わえない\f801\料理に舌鼓を打ち、\f801\しばしの休息を楽しんだ。\f801\\ffff\</origin>
				<translate>出来上がった海藻のスープを口に運ぶ。\f801\海藻の風味と温かさは体の疲れを癒やし\f801\活力を与えてくれるようだ。\f801\\f802\君たちはここでしか味わえない\f801\料理に舌鼓を打ち、\f801\しばしの休息を楽しんだ。\f801\\ffff\</translate>
			</id>
			<id id="258">
				<origin>\f812\衛兵\0000\「よく食べたね、\f801\あっという間にスープ鍋がカラだ」\f801\\f802\「今日はもう食材は残ってないけど、\f801\また食べたくなったら来るといい。\f801\私はしばらくここにいるからね」\f801\\ffff\</origin>
				<translate>\f812\衛兵\0000\「よく食べたね、\f801\あっという間にスープ鍋がカラだ」\f801\\f802\「今日はもう食材は残ってないけど、\f801\また食べたくなったら来るといい。\f801\私はしばらくここにいるからね」\f801\\ffff\</translate>
			</id>
			<id id="259">
				<origin>君たちは衛兵に礼を述べ、\f801\樹海の探索に戻ることにする。\f801\\ffff\</origin>
				<translate>君たちは衛兵に礼を述べ、\f801\樹海の探索に戻ることにする。\f801\\ffff\</translate>
			</id>
			<id id="260"/>
			<id id="261"/>
			<id id="262"/>
			<id id="263"/>
			<id id="264"/>
			<id id="265"/>
			<id id="266"/>
			<id id="267"/>
			<id id="268"/>
			<id id="269"/>
			<id id="270">
				<origin>\f812\衛兵\0000\\f81b\\565f\\4348\\4152\\5f31\\3037\\2f45\\5645\\4e54\\2f62\\6172\\5f32\\3036\\0000\「まだお腹は減っていないのかい？\f801\もし食べたくなったらまた来るといい。\f801\私はしばらくここにいるからね」\f801\\ffff\</origin>
				<translate>\f812\衛兵\0000\\f81b\\565f\\4348\\4152\\5f31\\3037\\2f45\\5645\\4e54\\2f62\\6172\\5f32\\3036\\0000\「まだお腹は減っていないのかい？\f801\もし食べたくなったらまた来るといい。\f801\私はしばらくここにいるからね」\f801\\ffff\</translate>
			</id>
			<id id="271">
				<origin>君たちは衛兵に礼を述べ、\f801\樹海の探索に戻ることにする。\f801\\ffff\</origin>
				<translate>君たちは衛兵に礼を述べ、\f801\樹海の探索に戻ることにする。\f801\\ffff\</translate>
			</id>
			<id id="272"/>
			<id id="273"/>
			<id id="274"/>
			<id id="275"/>
			<id id="276"/>
			<id id="277"/>
			<id id="278"/>
			<id id="279"/>
			<id id="280">
				<origin>\f812\衛兵\0000\\f81b\\565f\\4348\\4152\\5f31\\3037\\2f45\\5645\\4e54\\2f62\\6172\\5f32\\3038\\0000\「だが残念だが、\f801\今日はもう食材がないんだ。\f801\また明日にでも来てくれ」\f801\\ffff\</origin>
				<translate>\f812\衛兵\0000\\f81b\\565f\\4348\\4152\\5f31\\3037\\2f45\\5645\\4e54\\2f62\\6172\\5f32\\3038\\0000\「だが残念だが、\f801\今日はもう食材がないんだ。\f801\また明日にでも来てくれ」\f801\\ffff\</translate>
			</id>
			<id id="281"/>
			<id id="282"/>
			<id id="283"/>
			<id id="284"/>
			<id id="285"/>
			<id id="286"/>
			<id id="287"/>
			<id id="288"/>
			<id id="289"/>
			<id id="290"/>
			<id id="291"/>
			<id id="292"/>
			<id id="293"/>
			<id id="294"/>
			<id id="295"/>
			<id id="296"/>
			<id id="297"/>
			<id id="298"/>
			<id id="299"/>
			<id id="300">
				<origin>君たちが樹海を探索していると、\f801\突きあたりの土手にポッカリと空いた\f801\穴を見つける。\f801\\f802\その穴に気づいたのは、\f801\穴の奥で金属が光を反射したからだ。\f801\\f802\穴をよく見ると、それはヤシガニの巣で\f801\大きなヤシガニが手前にいるのが見える。\f801\\f802\ヤシガニは光り物を巣に持ち帰り\f801\溜め込む習性がある。\f801\\f802\だがヤシガニのハサミの力は凄まじく、\f801\大きな個体の挟む力はライオンの噛む力に\f801\匹敵するという。\f801\\f802\これらを踏まえた上で、\f801\君たちは穴の奥を確認してもいい。\f801\\ffff\</origin>
				<translate>君たちが樹海を探索していると、\f801\突きあたりの土手にポッカリと空いた\f801\穴を見つける。\f801\\f802\その穴に気づいたのは、\f801\穴の奥で金属が光を反射したからだ。\f801\\f802\穴をよく見ると、それはヤシガニの巣で\f801\大きなヤシガニが手前にいるのが見える。\f801\\f802\ヤシガニは光り物を巣に持ち帰り\f801\溜め込む習性がある。\f801\\f802\だがヤシガニのハサミの力は凄まじく、\f801\大きな個体の挟む力はライオンの噛む力に\f801\匹敵するという。\f801\\f802\これらを踏まえた上で、\f801\君たちは穴の奥を確認してもいい。\f801\\ffff\</translate>
			</id>
			<id id="301"/>
			<id id="302"/>
			<id id="303">
				<origin>\f804\\0500\どうしますか？\f804\\0000\\f801\確認する\f801\立ち去る\f801\\ffff\</origin>
				<translate>\f804\\0500\どうしますか？\f804\\0000\\f801\確認する\f801\立ち去る\f801\\ffff\</translate>
			</id>
			<id id="304"/>
			<id id="305"/>
			<id id="306">
				<origin>君たちは危険を承知で、ヤシガニの巣穴を\f801\調べることにする。\f801\\f802\しかし挟まれればケガは間違いない。\f801\そこで、君たちは落ちていた棒を\f801\使うことにする。\f801\\f802\棒をハサミで挟ませ、ヤシガニの武器を封じ\f801\そして巣穴から引き出す。\f801\\f802\その間に、すかさず巣穴の奥で光るものを\f801\つかみ出すことに成功する！\f801\\f802\それはまだ使えそうな短剣だった！\f801\ヤシガニが溜め込むより、君たちのほうが\f801\有効に使えることは間違いない。\f801\\ffff\</origin>
				<translate>君たちは危険を承知で、ヤシガニの巣穴を\f801\調べることにする。\f801\\f802\しかし挟まれればケガは間違いない。\f801\そこで、君たちは落ちていた棒を\f801\使うことにする。\f801\\f802\棒をハサミで挟ませ、ヤシガニの武器を封じ\f801\そして巣穴から引き出す。\f801\\f802\その間に、すかさず巣穴の奥で光るものを\f801\つかみ出すことに成功する！\f801\\f802\それはまだ使えそうな短剣だった！\f801\ヤシガニが溜め込むより、君たちのほうが\f801\有効に使えることは間違いない。\f801\\ffff\</translate>
			</id>
			<id id="307">
				<origin>思わぬアイテムを得た君たちは\f801\その成果に満足し、\f801\樹海の探索に戻ることにする。\f801\\ffff\</origin>
				<translate>思わぬアイテムを得た君たちは\f801\その成果に満足し、\f801\樹海の探索に戻ることにする。\f801\\ffff\</translate>
			</id>
			<id id="308"/>
			<id id="309"/>
			<id id="310">
				<origin>ヤシガニの宝物\f801\\ffff\</origin>
				<translate>ヤシガニの宝物\f801\\ffff\</translate>
			</id>
			<id id="311">
				<origin>樹海を探索していた君たちは\f801\土手に空いたヤシガニの巣を見つけ\f801\その中からヤシガニの宝物である\f801\短剣を見つけ、手に入れた。\f801\\ffff\</origin>
				<translate>樹海を探索していた君たちは\f801\土手に空いたヤシガニの巣を見つけ\f801\その中からヤシガニの宝物である\f801\短剣を見つけ、手に入れた。\f801\\ffff\</translate>
			</id>
			<id id="312"/>
			<id id="313"/>
			<id id="314"/>
			<id id="315">
				<origin>今は樹海の探索のほうが大切である。\f801\そう判断した君たちは\f801\その場を立ち去ることにする。\f801\\ffff\</origin>
				<translate>今は樹海の探索のほうが大切である。\f801\そう判断した君たちは\f801\その場を立ち去ることにする。\f801\\ffff\</translate>
			</id>
			<id id="316"/>
			<id id="317"/>
			<id id="318"/>
			<id id="319"/>
			<id id="320"/>
			<id id="321"/>
			<id id="322"/>
			<id id="323"/>
			<id id="324"/>
			<id id="325"/>
			<id id="326"/>
			<id id="327"/>
			<id id="328"/>
			<id id="329"/>
			<id id="330"/>
			<id id="331"/>
			<id id="332"/>
			<id id="333"/>
			<id id="334"/>
			<id id="335"/>
			<id id="336"/>
			<id id="337"/>
			<id id="338"/>
			<id id="339"/>
			<id id="340"/>
			<id id="341"/>
			<id id="342"/>
			<id id="343"/>
			<id id="344"/>
			<id id="345"/>
			<id id="346"/>
			<id id="347"/>
			<id id="348"/>
			<id id="349"/>
			<id id="350">
				<origin>君たちが歩いてきた先には\f801\小さな水溜りがあるのがわかる。\f801\\f802\水は汚れているわけではないが、\f801\澄んでいるわけでもない。\f801\\f802\口に含み、飲むということが\f801\できないだろうというのは\f801\まず間違いない。\f801\\f802\君たちはここに水があることだけ\f801\メモして探索へ戻ることにする。\f801\\ffff\</origin>
				<translate>君たちが歩いてきた先には\f801\小さな水溜りがあるのがわかる。\f801\\f802\水は汚れているわけではないが、\f801\澄んでいるわけでもない。\f801\\f802\口に含み、飲むということが\f801\できないだろうというのは\f801\まず間違いない。\f801\\f802\君たちはここに水があることだけ\f801\メモして探索へ戻ることにする。\f801\\ffff\</translate>
			</id>
			<id id="351">
				<origin>君たちが歩いてきた先には\f801\小さな水溜りがあるのがわかる。\f801\\f802\そこで思い出すことがあったはずだ。\f801\君たちは依頼で海嶺ノ水林で採れる\f801\水を探している最中なのだ。\f801\\f802\君たちの目の前にあるそれは\f801\まさしく依頼で言われていたものに\f801\相違ない。\f801\\ffff\</origin>
				<translate>君たちが歩いてきた先には\f801\小さな水溜りがあるのがわかる。\f801\\f802\そこで思い出すことがあったはずだ。\f801\君たちは依頼で海嶺ノ水林で採れる\f801\水を探している最中なのだ。\f801\\f802\君たちの目の前にあるそれは\f801\まさしく依頼で言われていたものに\f801\相違ない。\f801\\ffff\</translate>
			</id>
			<id id="352">
				<origin>君たちは深層水かもしれない水を\f801\小瓶に入れて立ち上がる。\f801\\f802\これを持ち帰れば依頼は完了となる。\f801\後のことは依頼人本人が調べて\f801\答えを出すべきことだ。\f801\\f802\時間のある時に酒場へ行き、\f801\手に入れた水を納品したまえ。\f801\\ffff\</origin>
				<translate>君たちは深層水かもしれない水を\f801\小瓶に入れて立ち上がる。\f801\\f802\これを持ち帰れば依頼は完了となる。\f801\後のことは依頼人本人が調べて\f801\答えを出すべきことだ。\f801\\f802\時間のある時に酒場へ行き、\f801\手に入れた水を納品したまえ。\f801\\ffff\</translate>
			</id>
			<id id="353"/>
			<id id="354"/>
			<id id="355"/>
			<id id="356"/>
			<id id="357"/>
			<id id="358"/>
			<id id="359"/>
			<id id="360"/>
			<id id="361"/>
			<id id="362"/>
			<id id="363"/>
			<id id="364"/>
			<id id="365"/>
			<id id="366"/>
			<id id="367"/>
			<id id="368"/>
			<id id="369"/>
			<id id="370"/>
			<id id="371"/>
			<id id="372"/>
			<id id="373"/>
			<id id="374"/>
			<id id="375"/>
			<id id="376"/>
			<id id="377"/>
			<id id="378"/>
			<id id="379"/>
			<id id="380"/>
			<id id="381"/>
			<id id="382"/>
			<id id="383"/>
			<id id="384"/>
			<id id="385"/>
			<id id="386"/>
			<id id="387"/>
			<id id="388"/>
			<id id="389"/>
			<id id="390"/>
			<id id="391"/>
			<id id="392"/>
			<id id="393"/>
			<id id="394"/>
			<id id="395"/>
			<id id="396"/>
			<id id="397"/>
			<id id="398"/>
			<id id="399"/>
			<id id="400"/>
			<id id="401"/>
			<id id="402"/>
			<id id="403"/>
			<id id="404"/>
			<id id="405"/>
			<id id="406"/>
			<id id="407"/>
			<id id="408"/>
			<id id="409"/>
			<id id="410"/>
			<id id="411"/>
			<id id="412"/>
			<id id="413"/>
			<id id="414"/>
			<id id="415"/>
			<id id="416"/>
			<id id="417"/>
			<id id="418"/>
			<id id="419"/>
			<id id="420"/>
			<id id="421"/>
			<id id="422"/>
			<id id="423"/>
			<id id="424"/>
			<id id="425"/>
			<id id="426"/>
			<id id="427"/>
			<id id="428"/>
			<id id="429"/>
			<id id="430"/>
			<id id="431"/>
			<id id="432"/>
			<id id="433"/>
			<id id="434"/>
			<id id="435"/>
			<id id="436"/>
			<id id="437"/>
			<id id="438"/>
			<id id="439"/>
			<id id="440"/>
			<id id="441"/>
			<id id="442"/>
			<id id="443"/>
			<id id="444"/>
			<id id="445"/>
			<id id="446"/>
			<id id="447"/>
			<id id="448"/>
			<id id="449"/>
			<id id="450"/>
			<id id="451"/>
			<id id="452"/>
			<id id="453"/>
			<id id="454"/>
			<id id="455"/>
			<id id="456"/>
			<id id="457"/>
			<id id="458"/>
			<id id="459"/>
			<id id="460"/>
			<id id="461"/>
			<id id="462"/>
			<id id="463"/>
			<id id="464"/>
			<id id="465"/>
			<id id="466"/>
			<id id="467"/>
			<id id="468"/>
			<id id="469"/>
			<id id="470"/>
			<id id="471"/>
			<id id="472"/>
			<id id="473"/>
			<id id="474"/>
			<id id="475"/>
			<id id="476"/>
			<id id="477"/>
			<id id="478"/>
			<id id="479"/>
			<id id="480"/>
			<id id="481"/>
			<id id="482"/>
			<id id="483"/>
			<id id="484"/>
			<id id="485"/>
			<id id="486"/>
			<id id="487"/>
			<id id="488"/>
			<id id="489"/>
			<id id="490"/>
			<id id="491"/>
			<id id="492"/>
			<id id="493"/>
			<id id="494"/>
			<id id="495"/>
			<id id="496"/>
			<id id="497"/>
			<id id="498"/>
			<id id="499"/>
			<id id="500"/>
			<id id="501"/>
			<id id="502"/>
			<id id="503"/>
			<id id="504"/>
			<id id="505"/>
			<id id="506"/>
			<id id="507"/>
			<id id="508"/>
			<id id="509"/>
			<id id="510"/>
			<id id="511"/>
			<id id="512"/>
			<id id="513"/>
			<id id="514"/>
			<id id="515"/>
			<id id="516"/>
			<id id="517"/>
			<id id="518"/>
			<id id="519"/>
			<id id="520"/>
			<id id="521"/>
			<id id="522"/>
			<id id="523"/>
			<id id="524"/>
			<id id="525"/>
			<id id="526"/>
			<id id="527"/>
			<id id="528"/>
			<id id="529"/>
			<id id="530"/>
			<id id="531"/>
			<id id="532"/>
			<id id="533"/>
			<id id="534"/>
			<id id="535"/>
			<id id="536"/>
			<id id="537"/>
			<id id="538"/>
			<id id="539"/>
			<id id="540"/>
			<id id="541"/>
			<id id="542"/>
			<id id="543"/>
			<id id="544"/>
			<id id="545"/>
			<id id="546"/>
			<id id="547"/>
			<id id="548"/>
			<id id="549"/>
			<id id="550"/>
			<id id="551"/>
			<id id="552"/>
			<id id="553"/>
			<id id="554"/>
			<id id="555"/>
			<id id="556"/>
			<id id="557"/>
			<id id="558"/>
			<id id="559"/>
			<id id="560"/>
			<id id="561"/>
			<id id="562"/>
			<id id="563"/>
			<id id="564"/>
			<id id="565"/>
			<id id="566"/>
			<id id="567"/>
			<id id="568"/>
			<id id="569"/>
			<id id="570"/>
			<id id="571"/>
			<id id="572"/>
			<id id="573"/>
			<id id="574"/>
			<id id="575"/>
			<id id="576"/>
			<id id="577"/>
			<id id="578"/>
			<id id="579"/>
			<id id="580"/>
			<id id="581"/>
			<id id="582"/>
			<id id="583"/>
			<id id="584"/>
			<id id="585"/>
			<id id="586"/>
			<id id="587"/>
			<id id="588"/>
			<id id="589"/>
			<id id="590"/>
			<id id="591"/>
			<id id="592"/>
			<id id="593"/>
			<id id="594"/>
			<id id="595"/>
			<id id="596"/>
			<id id="597"/>
			<id id="598"/>
			<id id="599"/>
			<id id="600"/>
			<id id="601"/>
			<id id="602"/>
			<id id="603"/>
			<id id="604"/>
			<id id="605"/>
			<id id="606"/>
			<id id="607"/>
			<id id="608"/>
			<id id="609"/>
			<id id="610"/>
			<id id="611"/>
			<id id="612"/>
			<id id="613"/>
			<id id="614"/>
			<id id="615"/>
			<id id="616"/>
			<id id="617"/>
			<id id="618"/>
			<id id="619"/>
			<id id="620"/>
			<id id="621"/>
			<id id="622"/>
			<id id="623"/>
			<id id="624"/>
			<id id="625"/>
			<id id="626"/>
			<id id="627"/>
			<id id="628"/>
			<id id="629"/>
			<id id="630"/>
			<id id="631"/>
			<id id="632"/>
			<id id="633"/>
			<id id="634"/>
			<id id="635"/>
			<id id="636"/>
			<id id="637"/>
			<id id="638"/>
			<id id="639"/>
			<id id="640"/>
			<id id="641"/>
			<id id="642"/>
			<id id="643"/>
			<id id="644"/>
			<id id="645"/>
			<id id="646"/>
			<id id="647"/>
			<id id="648"/>
			<id id="649"/>
			<id id="650"/>
			<id id="651"/>
			<id id="652"/>
			<id id="653"/>
			<id id="654"/>
			<id id="655"/>
			<id id="656"/>
			<id id="657"/>
			<id id="658"/>
			<id id="659"/>
			<id id="660"/>
			<id id="661"/>
			<id id="662"/>
			<id id="663"/>
			<id id="664"/>
			<id id="665"/>
			<id id="666"/>
			<id id="667"/>
			<id id="668"/>
			<id id="669"/>
			<id id="670"/>
			<id id="671"/>
			<id id="672"/>
			<id id="673"/>
			<id id="674"/>
			<id id="675"/>
			<id id="676"/>
			<id id="677"/>
			<id id="678"/>
			<id id="679"/>
			<id id="680"/>
			<id id="681"/>
			<id id="682"/>
			<id id="683"/>
			<id id="684"/>
			<id id="685"/>
			<id id="686"/>
			<id id="687"/>
			<id id="688"/>
			<id id="689"/>
			<id id="690"/>
			<id id="691"/>
			<id id="692"/>
			<id id="693"/>
			<id id="694"/>
			<id id="695"/>
			<id id="696"/>
			<id id="697"/>
			<id id="698"/>
			<id id="699"/>
			<id id="700"/>
			<id id="701"/>
			<id id="702"/>
			<id id="703"/>
			<id id="704"/>
			<id id="705"/>
			<id id="706"/>
			<id id="707"/>
			<id id="708"/>
			<id id="709"/>
			<id id="710"/>
			<id id="711"/>
			<id id="712"/>
			<id id="713"/>
			<id id="714"/>
			<id id="715"/>
			<id id="716"/>
			<id id="717"/>
			<id id="718"/>
			<id id="719"/>
			<id id="720"/>
			<id id="721"/>
			<id id="722"/>
			<id id="723"/>
			<id id="724"/>
			<id id="725"/>
			<id id="726"/>
			<id id="727"/>
			<id id="728"/>
			<id id="729"/>
			<id id="730"/>
			<id id="731"/>
			<id id="732"/>
			<id id="733"/>
			<id id="734"/>
			<id id="735"/>
			<id id="736"/>
			<id id="737"/>
			<id id="738"/>
			<id id="739"/>
			<id id="740"/>
			<id id="741"/>
			<id id="742"/>
			<id id="743"/>
			<id id="744"/>
			<id id="745"/>
			<id id="746"/>
			<id id="747"/>
			<id id="748"/>
			<id id="749"/>
			<id id="750"/>
			<id id="751"/>
			<id id="752"/>
			<id id="753"/>
			<id id="754"/>
			<id id="755"/>
			<id id="756"/>
			<id id="757"/>
			<id id="758"/>
			<id id="759"/>
			<id id="760"/>
			<id id="761"/>
			<id id="762"/>
			<id id="763"/>
			<id id="764"/>
			<id id="765"/>
			<id id="766"/>
			<id id="767"/>
			<id id="768"/>
			<id id="769"/>
			<id id="770"/>
			<id id="771"/>
			<id id="772"/>
			<id id="773"/>
			<id id="774"/>
			<id id="775"/>
			<id id="776"/>
			<id id="777"/>
			<id id="778"/>
			<id id="779"/>
			<id id="780"/>
			<id id="781"/>
			<id id="782"/>
			<id id="783"/>
			<id id="784"/>
			<id id="785"/>
			<id id="786"/>
			<id id="787"/>
			<id id="788"/>
			<id id="789"/>
			<id id="790"/>
			<id id="791"/>
			<id id="792"/>
			<id id="793"/>
			<id id="794"/>
			<id id="795"/>
			<id id="796"/>
			<id id="797"/>
			<id id="798"/>
			<id id="799"/>
			<id id="800"/>
			<id id="801"/>
			<id id="802"/>
			<id id="803"/>
			<id id="804"/>
			<id id="805"/>
			<id id="806"/>
			<id id="807"/>
			<id id="808"/>
			<id id="809"/>
			<id id="810"/>
			<id id="811"/>
			<id id="812"/>
			<id id="813"/>
			<id id="814"/>
			<id id="815"/>
			<id id="816"/>
			<id id="817"/>
			<id id="818"/>
			<id id="819"/>
			<id id="820"/>
			<id id="821"/>
			<id id="822"/>
			<id id="823"/>
			<id id="824"/>
			<id id="825"/>
			<id id="826"/>
			<id id="827"/>
			<id id="828"/>
			<id id="829"/>
			<id id="830"/>
			<id id="831"/>
			<id id="832"/>
			<id id="833"/>
			<id id="834"/>
			<id id="835"/>
			<id id="836"/>
			<id id="837"/>
			<id id="838"/>
			<id id="839"/>
			<id id="840"/>
			<id id="841"/>
			<id id="842"/>
			<id id="843"/>
			<id id="844"/>
			<id id="845"/>
			<id id="846"/>
			<id id="847"/>
			<id id="848"/>
			<id id="849"/>
			<id id="850"/>
			<id id="851"/>
			<id id="852"/>
			<id id="853"/>
			<id id="854"/>
			<id id="855"/>
			<id id="856"/>
			<id id="857"/>
			<id id="858"/>
			<id id="859"/>
			<id id="860"/>
			<id id="861"/>
			<id id="862"/>
			<id id="863"/>
			<id id="864"/>
			<id id="865"/>
			<id id="866"/>
			<id id="867"/>
			<id id="868"/>
			<id id="869"/>
			<id id="870"/>
			<id id="871"/>
			<id id="872"/>
			<id id="873"/>
			<id id="874"/>
			<id id="875"/>
			<id id="876"/>
			<id id="877"/>
			<id id="878"/>
			<id id="879"/>
			<id id="880"/>
			<id id="881"/>
			<id id="882"/>
			<id id="883"/>
			<id id="884"/>
			<id id="885"/>
			<id id="886"/>
			<id id="887"/>
			<id id="888"/>
			<id id="889"/>
			<id id="890"/>
			<id id="891"/>
			<id id="892"/>
			<id id="893"/>
			<id id="894"/>
			<id id="895"/>
			<id id="896"/>
			<id id="897"/>
			<id id="898"/>
			<id id="899"/>
			<id id="900"/>
			<id id="901"/>
			<id id="902"/>
			<id id="903"/>
			<id id="904"/>
			<id id="905"/>
			<id id="906"/>
			<id id="907"/>
			<id id="908"/>
			<id id="909"/>
			<id id="910"/>
			<id id="911"/>
			<id id="912"/>
			<id id="913"/>
			<id id="914"/>
			<id id="915"/>
			<id id="916"/>
			<id id="917"/>
			<id id="918"/>
			<id id="919"/>
			<id id="920"/>
			<id id="921"/>
			<id id="922"/>
			<id id="923"/>
			<id id="924"/>
			<id id="925"/>
			<id id="926"/>
			<id id="927"/>
			<id id="928"/>
			<id id="929"/>
			<id id="930"/>
			<id id="931"/>
			<id id="932"/>
			<id id="933"/>
			<id id="934"/>
			<id id="935"/>
			<id id="936"/>
			<id id="937"/>
			<id id="938"/>
			<id id="939"/>
			<id id="940"/>
			<id id="941"/>
			<id id="942"/>
			<id id="943"/>
			<id id="944"/>
			<id id="945"/>
			<id id="946"/>
			<id id="947"/>
			<id id="948"/>
			<id id="949"/>
			<id id="950"/>
			<id id="951"/>
			<id id="952"/>
			<id id="953"/>
			<id id="954"/>
			<id id="955"/>
			<id id="956"/>
			<id id="957"/>
			<id id="958"/>
			<id id="959"/>
			<id id="960"/>
			<id id="961"/>
			<id id="962"/>
			<id id="963"/>
			<id id="964"/>
			<id id="965"/>
			<id id="966"/>
			<id id="967"/>
			<id id="968"/>
			<id id="969"/>
			<id id="970"/>
			<id id="971"/>
			<id id="972"/>
			<id id="973"/>
			<id id="974"/>
			<id id="975"/>
			<id id="976"/>
			<id id="977"/>
			<id id="978"/>
			<id id="979"/>
			<id id="980"/>
			<id id="981"/>
			<id id="982"/>
			<id id="983"/>
			<id id="984"/>
			<id id="985"/>
			<id id="986"/>
			<id id="987"/>
			<id id="988"/>
			<id id="989"/>
			<id id="990"/>
			<id id="991"/>
			<id id="992"/>
			<id id="993"/>
			<id id="994"/>
			<id id="995"/>
			<id id="996"/>
			<id id="997"/>
			<id id="998"/>
			<id id="999"/>
			<id id="1000"/>
			<id id="1001">
				<origin>ときどき立ち止まり、周囲を警戒しながら\f801\進む君たちはやがて扉を見つけて中に入る。\f801\\f802\そこは広間になっており、目の前に\f801\宝箱が一つあるのを発見する。\f801\\f802\水没しても大丈夫そうな頑丈なそれは\f801\資料の保管箱として相応しそうだ。\f801\\f802\中を開いて確認してみるといいだろう。\f801\\ffff\</origin>
				<translate>ときどき立ち止まり、周囲を警戒しながら\f801\進む君たちはやがて扉を見つけて中に入る。\f801\\f802\そこは広間になっており、目の前に\f801\宝箱が一つあるのを発見する。\f801\\f802\水没しても大丈夫そうな頑丈なそれは\f801\資料の保管箱として相応しそうだ。\f801\\f802\中を開いて確認してみるといいだろう。\f801\\ffff\</translate>
			</id>
			<id id="1002"/>
			<id id="1003"/>
			<id id="1004"/>
			<id id="1005"/>
			<id id="1006"/>
			<id id="1007"/>
			<id id="1008"/>
			<id id="1009"/>
			<id id="1010"/>
			<id id="1011"/>
			<id id="1012"/>
			<id id="1013"/>
			<id id="1014"/>
			<id id="1015"/>
			<id id="1016"/>
			<id id="1017"/>
			<id id="1018"/>
			<id id="1019"/>
			<id id="1020"/>
			<id id="1021"/>
			<id id="1022"/>
			<id id="1023"/>
			<id id="1024"/>
			<id id="1025"/>
			<id id="1026"/>
			<id id="1027"/>
			<id id="1028"/>
			<id id="1029"/>
			<id id="1030"/>
			<id id="1031"/>
			<id id="1032"/>
			<id id="1033"/>
			<id id="1034"/>
			<id id="1035"/>
			<id id="1036"/>
			<id id="1037"/>
			<id id="1038"/>
			<id id="1039"/>
			<id id="1040"/>
			<id id="1041"/>
			<id id="1042"/>
			<id id="1043"/>
			<id id="1044"/>
			<id id="1045"/>
			<id id="1046"/>
			<id id="1047"/>
			<id id="1048"/>
			<id id="1049"/>
			<id id="1050">
				<origin>そこには『\f804\\0500\レムリアの伝承\f804\\0000\』という\f801\タイトルの書物が入っていた。\f801\\f802\君たちは軽く目を通すことにする……。\f801\\ffff\</origin>
				<translate>そこには『\f804\\0500\レムリアの伝承\f804\\0000\』という\f801\タイトルの書物が入っていた。\f801\\f802\君たちは軽く目を通すことにする……。\f801\\ffff\</translate>
			</id>
			<id id="1051">
				<origin>古き時代、島にはレムリア文明があった。\f801\世界樹を中心に、世界で最も繁栄した\f801\都市だった、と古き伝承は記している。\f801\\f802\その島も今や周囲の海が常に荒れ、\f801\人がたどり着く事は不可能と思える場所だ。\f801\\f802\しかし、それでも命知らずの船乗りや\f801\難破した際に偶然に島に上陸できた者が\f801\数年に一度は現れる。\f801\\f802\そんな人間のある記録によると、島には\f801\人の手による古い遺跡があったという。\f801\\f802\またある証言ではジャングルの奥で\f801\人らしき影を見たというものもある。\f801\\f802\ただ、未だ誰もレムリアの秘宝\f801\\f804\\0500\国を永遠に繁栄させる秘宝\f804\\0000\は\f801\見つけることができていない。\f801\\f802\それが本当にあるかどうかはわからない。\f801\だが、レムリアの秘宝と呼ばれる何かが\f801\眠っていることだけは間違いないだろう。\f801\\ffff\</origin>
				<translate>古き時代、島にはレムリア文明があった。\f801\世界樹を中心に、世界で最も繁栄した\f801\都市だった、と古き伝承は記している。\f801\\f802\その島も今や周囲の海が常に荒れ、\f801\人がたどり着く事は不可能と思える場所だ。\f801\\f802\しかし、それでも命知らずの船乗りや\f801\難破した際に偶然に島に上陸できた者が\f801\数年に一度は現れる。\f801\\f802\そんな人間のある記録によると、島には\f801\人の手による古い遺跡があったという。\f801\\f802\またある証言ではジャングルの奥で\f801\人らしき影を見たというものもある。\f801\\f802\ただ、未だ誰もレムリアの秘宝\f801\\f804\\0500\国を永遠に繁栄させる秘宝\f804\\0000\は\f801\見つけることができていない。\f801\\f802\それが本当にあるかどうかはわからない。\f801\だが、レムリアの秘宝と呼ばれる何かが\f801\眠っていることだけは間違いないだろう。\f801\\ffff\</translate>
			</id>
			<id id="1052">
				<origin>資料はここで終わっている。どうやら\f801\研究者が書いたものらしい。\f801\\f802\君たちはこの書類をしまい込むと\f801\再び探索へと戻ることにする。\f801\\ffff\</origin>
				<translate>資料はここで終わっている。どうやら\f801\研究者が書いたものらしい。\f801\\f802\君たちはこの書類をしまい込むと\f801\再び探索へと戻ることにする。\f801\\ffff\</translate>
			</id>
		</body>
	</mbm>
