<?xml version="1.0" encoding="UTF-8"?>
	<mbm>
		<head>000000004d53473200000100</head>
		<size>98060000</size>
		<number>6d000000</number>
		<j>200000000000000000000000</j>
		<body>
			<id id="0"/>
			<id id="1">
				<origin>仔鹿の魔物を全て倒した君たちは\f801\新たな魔物の気配を察知し、警戒する！\f801\\f802\その魔物の姿は見えないが\f801\遠くからでも感じられる怒気は\f801\明らかに君たちを狙っている！\f801\\f802\君たちは地図を確認し、\f801\現れた魔物に挑んでもいいし\f801\安全にやり過ごしてもいい。\f801\\ffff\</origin>
				<translate>仔鹿の魔物を全て倒した君たちは\f801\新たな魔物の気配を察知し、警戒する！\f801\\f802\その魔物の姿は見えないが\f801\遠くからでも感じられる怒気は\f801\明らかに君たちを狙っている！\f801\\f802\君たちは地図を確認し、\f801\現れた魔物に挑んでもいいし\f801\安全にやり過ごしてもいい。\f801\\ffff\</translate>
			</id>
			<id id="2"/>
			<id id="3">
				<origin>仔鹿の魔物を全て倒した君たちは\f801\新たな魔物の気配を察知し、警戒する！\f801\\f802\その魔物の姿は見えないが\f801\遠くからでも感じられる怒気は\f801\明らかに君たちを狙っている！\f801\\f802\君たちは地図を確認し、\f801\現れた魔物に挑んでもいいし\f801\安全にやり過ごしてもいい。\f801\\ffff\</origin>
				<translate>仔鹿の魔物を全て倒した君たちは\f801\新たな魔物の気配を察知し、警戒する！\f801\\f802\その魔物の姿は見えないが\f801\遠くからでも感じられる怒気は\f801\明らかに君たちを狙っている！\f801\\f802\君たちは地図を確認し、\f801\現れた魔物に挑んでもいいし\f801\安全にやり過ごしてもいい。\f801\\ffff\</translate>
			</id>
			<id id="4"/>
			<id id="5"/>
			<id id="6"/>
			<id id="7"/>
			<id id="8"/>
			<id id="9"/>
			<id id="10"/>
			<id id="11"/>
			<id id="12"/>
			<id id="13"/>
			<id id="14"/>
			<id id="15"/>
			<id id="16"/>
			<id id="17"/>
			<id id="18"/>
			<id id="19"/>
			<id id="20"/>
			<id id="21"/>
			<id id="22"/>
			<id id="23"/>
			<id id="24"/>
			<id id="25"/>
			<id id="26"/>
			<id id="27"/>
			<id id="28"/>
			<id id="29"/>
			<id id="30"/>
			<id id="31"/>
			<id id="32"/>
			<id id="33"/>
			<id id="34"/>
			<id id="35"/>
			<id id="36"/>
			<id id="37"/>
			<id id="38"/>
			<id id="39"/>
			<id id="40"/>
			<id id="41"/>
			<id id="42"/>
			<id id="43"/>
			<id id="44"/>
			<id id="45"/>
			<id id="46"/>
			<id id="47"/>
			<id id="48"/>
			<id id="49"/>
			<id id="50">
				<origin>小さな果樹林の小道を進む君たちは\f801\前方に人影を確認する。\f801\どうも街から来た衛兵の一団のようだ。\f801\\ffff\</origin>
				<translate>小さな果樹林の小道を進む君たちは\f801\前方に人影を確認する。\f801\どうも街から来た衛兵の一団のようだ。\f801\\ffff\</translate>
			</id>
			<id id="51"/>
			<id id="52"/>
			<id id="53">
				<origin>\f859\\0700\\f81b\\565f\\4348\\4152\\5f31\\3037\\2f45\\5645\\4e54\\2f62\\6172\\5f32\\3030\\0000\「おや？ 君たちもこの迷宮に何か用が\f801\あるのかい？」\f801\\ffff\</origin>
				<translate>\f859\\0700\\f81b\\565f\\4348\\4152\\5f31\\3037\\2f45\\5645\\4e54\\2f62\\6172\\5f32\\3030\\0000\「おや？ 君たちもこの迷宮に何か用が\f801\あるのかい？」\f801\\ffff\</translate>
			</id>
			<id id="54"/>
			<id id="55"/>
			<id id="56">
				<origin>衛兵は鎧越しにも分かるほど\f801\明るい口調で君たちに話しかけてくる。\f801\\ffff\</origin>
				<translate>衛兵は鎧越しにも分かるほど\f801\明るい口調で君たちに話しかけてくる。\f801\\ffff\</translate>
			</id>
			<id id="57"/>
			<id id="58"/>
			<id id="59">
				<origin>\f859\\0700\「この迷宮、弱そうな仔鹿がうろついてる\f801\だけだから、簡単に仕事が終わりそうだ。\f801\さっさと片づけて、飲みに行くぞー！」\f801\\ffff\</origin>
				<translate>\f859\\0700\「この迷宮、弱そうな仔鹿がうろついてる\f801\だけだから、簡単に仕事が終わりそうだ。\f801\さっさと片づけて、飲みに行くぞー！」\f801\\ffff\</translate>
			</id>
			<id id="60"/>
			<id id="61"/>
			<id id="62">
				<origin>迷宮の中とは思えないほどに\f801\余裕を見せる衛兵は、口笛混じりで\f801\その場から歩き去って行く。\f801\\ffff\</origin>
				<translate>迷宮の中とは思えないほどに\f801\余裕を見せる衛兵は、口笛混じりで\f801\その場から歩き去って行く。\f801\\ffff\</translate>
			</id>
			<id id="63"/>
			<id id="64"/>
			<id id="65"/>
			<id id="66"/>
			<id id="67"/>
			<id id="68"/>
			<id id="69"/>
			<id id="70"/>
			<id id="71"/>
			<id id="72"/>
			<id id="73"/>
			<id id="74"/>
			<id id="75"/>
			<id id="76"/>
			<id id="77"/>
			<id id="78"/>
			<id id="79"/>
			<id id="80"/>
			<id id="81"/>
			<id id="82"/>
			<id id="83"/>
			<id id="84"/>
			<id id="85"/>
			<id id="86"/>
			<id id="87"/>
			<id id="88"/>
			<id id="89"/>
			<id id="90"/>
			<id id="91"/>
			<id id="92"/>
			<id id="93"/>
			<id id="94"/>
			<id id="95"/>
			<id id="96"/>
			<id id="97"/>
			<id id="98"/>
			<id id="99"/>
			<id id="100">
				<origin>通りを行く君たちは、その角に\f801\おびただしい血だまりを発見し\f801\思わず顔をしかめる。\f801\\ffff\</origin>
				<translate>通りを行く君たちは、その角に\f801\おびただしい血だまりを発見し\f801\思わず顔をしかめる。\f801\\ffff\</translate>
			</id>
			<id id="101"/>
			<id id="102"/>
			<id id="103">
				<origin>血だまりの中には、街の衛兵の\f801\見るも無残な亡骸が横たわっている！\f801\それも、一つや二つではない。\f801\\f802\彼らは逃げ回ったのだろう、\f801\その間隔はまばらで、誰もが恐怖に\f801\表情を歪ませている。\f801\\f802\衛兵たちの鎧には大きな蹄の様な形の\f801\穴が開いており、それが致命傷になった\f801\ことは疑いようがない。\f801\\ffff\</origin>
				<translate>血だまりの中には、街の衛兵の\f801\見るも無残な亡骸が横たわっている！\f801\それも、一つや二つではない。\f801\\f802\彼らは逃げ回ったのだろう、\f801\その間隔はまばらで、誰もが恐怖に\f801\表情を歪ませている。\f801\\f802\衛兵たちの鎧には大きな蹄の様な形の\f801\穴が開いており、それが致命傷になった\f801\ことは疑いようがない。\f801\\ffff\</translate>
			</id>
			<id id="104"/>
			<id id="105"/>
			<id id="106">
				<origin>この迷宮にはまだ恐ろしい魔物が\f801\潜んでいるのだろう…。\f801\油断することなく探索を続けたまえ。\f801\\ffff\</origin>
				<translate>この迷宮にはまだ恐ろしい魔物が\f801\潜んでいるのだろう…。\f801\油断することなく探索を続けたまえ。\f801\\ffff\</translate>
			</id>
			<id id="107"/>
			<id id="108"/>
			<id id="109">
				<origin>…君たちは衛兵たちに黙祷を捧げ、\f801\その場を離れることにする。\f801\\ffff\</origin>
				<translate>…君たちは衛兵たちに黙祷を捧げ、\f801\その場を離れることにする。\f801\\ffff\</translate>
			</id>
		</body>
	</mbm>
