<?xml version="1.0" encoding="UTF-8"?>
	<mbm>
		<head>000000004d53473200000100</head>
		<size>96350000</size>
		<number>ed030000</number>
		<j>200000000000000000000000</j>
		<body>
			<id id="0">
				<origin>君たちが樹海を探索していると、\f801\衛兵に声をかけられる。\f801\\ffff\</origin>
				<translate>君たちが樹海を探索していると、\f801\衛兵に声をかけられる。\f801\\ffff\</translate>
			</id>
			<id id="1">
				<origin>\f812\衛兵\0000\\f81b\\565f\\4348\\4152\\5f31\\3037\\2f45\\5645\\4e54\\2f62\\6172\\5f32\\3030\\0000\「私は樹海の調査兵だ。\f801\ここで\f804\\0500\伐採\f804\\0000\できるらしい\f804\\0500\湿った木材\f804\\0000\、\f801\\f804\\0500\柔らかい樹皮\f804\\0000\、\f804\\0500\椰子の幹\f804\\0000\を集めている」\f801\\f802\「もし、君たちが持っているのなら、\f801\私の手持ちのアイテムと\f801\交換してくれないだろうか？」\f801\\ffff\</origin>
				<translate>\f812\衛兵\0000\\f81b\\565f\\4348\\4152\\5f31\\3037\\2f45\\5645\\4e54\\2f62\\6172\\5f32\\3030\\0000\「私は樹海の調査兵だ。\f801\ここで\f804\\0500\伐採\f804\\0000\できるらしい\f804\\0500\湿った木材\f804\\0000\、\f801\\f804\\0500\柔らかい樹皮\f804\\0000\、\f804\\0500\椰子の幹\f804\\0000\を集めている」\f801\\f802\「もし、君たちが持っているのなら、\f801\私の手持ちのアイテムと\f801\交換してくれないだろうか？」\f801\\ffff\</translate>
			</id>
			<id id="2"/>
			<id id="3"/>
			<id id="4"/>
			<id id="5">
				<origin>君たちが樹海を探索していると、\f801\衛兵に声をかけられる。\f801\\ffff\</origin>
				<translate>君たちが樹海を探索していると、\f801\衛兵に声をかけられる。\f801\\ffff\</translate>
			</id>
			<id id="6">
				<origin>\f812\衛兵\0000\\f81b\\565f\\4348\\4152\\5f31\\3037\\2f45\\5645\\4e54\\2f62\\6172\\5f32\\3030\\0000\「やあ君たち、調子はどうかな？\f801\\f804\\0500\\f810\\0000\\f804\\0000\、\f804\\0500\\f810\\0100\\f804\\0000\、\f801\\f804\\0500\\f810\\0200\\f804\\0000\を持っているかい？」\f801\\ffff\</origin>
				<translate>\f812\衛兵\0000\\f81b\\565f\\4348\\4152\\5f31\\3037\\2f45\\5645\\4e54\\2f62\\6172\\5f32\\3030\\0000\「やあ君たち、調子はどうかな？\f801\\f804\\0500\\f810\\0000\\f804\\0000\、\f804\\0500\\f810\\0100\\f804\\0000\、\f801\\f804\\0500\\f810\\0200\\f804\\0000\を持っているかい？」\f801\\ffff\</translate>
			</id>
			<id id="7">
				<origin>\f812\衛兵\0000\\f81b\\565f\\4348\\4152\\5f31\\3037\\2f45\\5645\\4e54\\2f62\\6172\\5f32\\3030\\0000\「やあ君たち、調子はどうかな？\f801\\f804\\0500\\f810\\0000\\f804\\0000\、\f804\\0500\\f810\\0100\\f804\\0000\、\f801\を持っているかい？」\f801\\ffff\</origin>
				<translate>\f812\衛兵\0000\\f81b\\565f\\4348\\4152\\5f31\\3037\\2f45\\5645\\4e54\\2f62\\6172\\5f32\\3030\\0000\「やあ君たち、調子はどうかな？\f801\\f804\\0500\\f810\\0000\\f804\\0000\、\f804\\0500\\f810\\0100\\f804\\0000\、\f801\を持っているかい？」\f801\\ffff\</translate>
			</id>
			<id id="8">
				<origin>\f812\衛兵\0000\\f81b\\565f\\4348\\4152\\5f31\\3037\\2f45\\5645\\4e54\\2f62\\6172\\5f32\\3030\\0000\「やあ君たち、調子はどうかな？\f801\\f804\\0500\\f810\\0000\\f804\\0000\を持っているかい？」\f801\\ffff\</origin>
				<translate>\f812\衛兵\0000\\f81b\\565f\\4348\\4152\\5f31\\3037\\2f45\\5645\\4e54\\2f62\\6172\\5f32\\3030\\0000\「やあ君たち、調子はどうかな？\f801\\f804\\0500\\f810\\0000\\f804\\0000\を持っているかい？」\f801\\ffff\</translate>
			</id>
			<id id="9">
				<origin>\f812\衛兵\0000\「もし、君たちが持っているのなら、\f801\私の手持ちのアイテムと\f801\交換してくれないだろうか？」\f801\\ffff\</origin>
				<translate>\f812\衛兵\0000\「もし、君たちが持っているのなら、\f801\私の手持ちのアイテムと\f801\交換してくれないだろうか？」\f801\\ffff\</translate>
			</id>
			<id id="10">
				<origin>そう告げる衛兵のために、\f801\君たちはバックパックを確認する。\f801\\ffff\</origin>
				<translate>そう告げる衛兵のために、\f801\君たちはバックパックを確認する。\f801\\ffff\</translate>
			</id>
			<id id="11"/>
			<id id="12"/>
			<id id="13"/>
			<id id="14"/>
			<id id="15">
				<origin>\f804\\0500\どうしますか？\f804\\0000\\f801\\f810\\0000\ を渡す\f801\\f810\\0100\ を渡す\f801\\f810\\0200\ を渡す\f801\渡さない\f801\\ffff\</origin>
				<translate>\f804\\0500\どうしますか？\f804\\0000\\f801\\f810\\0000\ を渡す\f801\\f810\\0100\ を渡す\f801\\f810\\0200\ を渡す\f801\渡さない\f801\\ffff\</translate>
			</id>
			<id id="16">
				<origin>\f804\\0500\どうしますか？\f804\\0000\\f801\\f810\\0000\ を渡す\f801\\f810\\0100\ を渡す\f801\渡さない\f801\\ffff\</origin>
				<translate>\f804\\0500\どうしますか？\f804\\0000\\f801\\f810\\0000\ を渡す\f801\\f810\\0100\ を渡す\f801\渡さない\f801\\ffff\</translate>
			</id>
			<id id="17">
				<origin>\f804\\0500\どうしますか？\f804\\0000\\f801\\f810\\0000\ を渡す\f801\渡さない\f801\\ffff\</origin>
				<translate>\f804\\0500\どうしますか？\f804\\0000\\f801\\f810\\0000\ を渡す\f801\渡さない\f801\\ffff\</translate>
			</id>
			<id id="18">
				<origin>バックパックをあらためた君たちだが、\f801\衛兵が欲しているものは持っていない。\f801\\f802\君たちは今は力になれないことを\f801\衛兵に告げる。\f801\\ffff\</origin>
				<translate>バックパックをあらためた君たちだが、\f801\衛兵が欲しているものは持っていない。\f801\\f802\君たちは今は力になれないことを\f801\衛兵に告げる。\f801\\ffff\</translate>
			</id>
			<id id="19"/>
			<id id="20">
				<origin>\f812\衛兵\0000\\f81b\\565f\\4348\\4152\\5f31\\3037\\2f45\\5645\\4e54\\2f62\\6172\\5f32\\3036\\0000\「そうか…、残念だ。\f801\だがもし気が変わったら、\f801\ぜひ持ってきて欲しい」\f801\\ffff\</origin>
				<translate>\f812\衛兵\0000\\f81b\\565f\\4348\\4152\\5f31\\3037\\2f45\\5645\\4e54\\2f62\\6172\\5f32\\3036\\0000\「そうか…、残念だ。\f801\だがもし気が変わったら、\f801\ぜひ持ってきて欲しい」\f801\\ffff\</translate>
			</id>
			<id id="21">
				<origin>そう言って衛兵は自分の作業に\f801\戻っていった。\f801\君たちも探索に戻ることにする。\f801\\ffff\</origin>
				<translate>そう言って衛兵は自分の作業に\f801\戻っていった。\f801\君たちも探索に戻ることにする。\f801\\ffff\</translate>
			</id>
			<id id="22"/>
			<id id="23"/>
			<id id="24"/>
			<id id="25">
				<origin>君たちは\f804\\0500\\f810\\0000\\f804\\0000\を衛兵に手渡す。\f801\\ffff\</origin>
				<translate>君たちは\f804\\0500\\f810\\0000\\f804\\0000\を衛兵に手渡す。\f801\\ffff\</translate>
			</id>
			<id id="26"/>
			<id id="27"/>
			<id id="28"/>
			<id id="29"/>
			<id id="30"/>
			<id id="31"/>
			<id id="32"/>
			<id id="33"/>
			<id id="34"/>
			<id id="35">
				<origin>\f812\衛兵\0000\\f81b\\565f\\4348\\4152\\5f31\\3037\\2f45\\5645\\4e54\\2f62\\6172\\5f32\\3039\\0000\「おお、ありがとう！\f801\助かるよ！」\f801\\ffff\</origin>
				<translate>\f812\衛兵\0000\\f81b\\565f\\4348\\4152\\5f31\\3037\\2f45\\5645\\4e54\\2f62\\6172\\5f32\\3039\\0000\「おお、ありがとう！\f801\助かるよ！」\f801\\ffff\</translate>
			</id>
			<id id="36">
				<origin>\f812\衛兵\0000\\f81b\\565f\\4348\\4152\\5f31\\3037\\2f45\\5645\\4e54\\2f62\\6172\\5f32\\3039\\0000\「おお！\f801\これは貴重な素材じゃないか！\f801\ありがとう、助かるよ！」\f801\\ffff\</origin>
				<translate>\f812\衛兵\0000\\f81b\\565f\\4348\\4152\\5f31\\3037\\2f45\\5645\\4e54\\2f62\\6172\\5f32\\3039\\0000\「おお！\f801\これは貴重な素材じゃないか！\f801\ありがとう、助かるよ！」\f801\\ffff\</translate>
			</id>
			<id id="37"/>
			<id id="38"/>
			<id id="39"/>
			<id id="40">
				<origin>衛兵は礼を言うと\f801\バックパックから薬瓶を取り出し、\f801\君たちに差し出す。\f801\\f802\渡された薬瓶を受け取った君たちは\f801\バックパックへしまう。\f801\\ffff\</origin>
				<translate>衛兵は礼を言うと\f801\バックパックから薬瓶を取り出し、\f801\君たちに差し出す。\f801\\f802\渡された薬瓶を受け取った君たちは\f801\バックパックへしまう。\f801\\ffff\</translate>
			</id>
			<id id="41">
				<origin>そのついでに、まだ渡せるものがないかと\f801\君たちはバックパックを確認する。\f801\\ffff\</origin>
				<translate>そのついでに、まだ渡せるものがないかと\f801\君たちはバックパックを確認する。\f801\\ffff\</translate>
			</id>
			<id id="42">
				<origin>君たちは衛兵が望むものすべてを\f801\渡し終えた。\f801\衛兵は大いに満足したようだ。\f801\\ffff\</origin>
				<translate>君たちは衛兵が望むものすべてを\f801\渡し終えた。\f801\衛兵は大いに満足したようだ。\f801\\ffff\</translate>
			</id>
			<id id="43">
				<origin>\f812\衛兵\0000\「君たちのおかげで助かったよ。\f801\これも持っていってくれ！」\f801\\ffff\</origin>
				<translate>\f812\衛兵\0000\「君たちのおかげで助かったよ。\f801\これも持っていってくれ！」\f801\\ffff\</translate>
			</id>
			<id id="44">
				<origin>君たちがアイテムを受け取ると、\f801\衛兵は広げていた荷物をまとめ、\f801\ベースキャンプへ戻っていく。\f801\\f802\それを見送り、\f801\君たちも探索の続きに戻ることにする。\f801\\ffff\</origin>
				<translate>君たちがアイテムを受け取ると、\f801\衛兵は広げていた荷物をまとめ、\f801\ベースキャンプへ戻っていく。\f801\\f802\それを見送り、\f801\君たちも探索の続きに戻ることにする。\f801\\ffff\</translate>
			</id>
			<id id="45">
				<origin>調査の手伝い\f801\\ffff\</origin>
				<translate>調査の手伝い\f801\\ffff\</translate>
			</id>
			<id id="46">
				<origin>樹海を探索していた君たちは\f801\調査に来ていた衛兵に協力し、\f801\３種類のアイテムを提供した。\f801\\ffff\</origin>
				<translate>樹海を探索していた君たちは\f801\調査に来ていた衛兵に協力し、\f801\３種類のアイテムを提供した。\f801\\ffff\</translate>
			</id>
			<id id="47"/>
			<id id="48"/>
			<id id="49"/>
			<id id="50">
				<origin>樹海を探索する君たちは、\f801\目の前の木の根元に、\f801\緑色の丸いものが落ちているのを見つける。\f801\\f802\近づいてよく見てみると、\f801\それはココナッツという実だ。\f801\\f802\ココナッツは内部に豊潤な果汁を蓄えており\f801\穴を開ければ飲むことが出来る。\f801\\f802\君たちが望むなら、ココナッツの果汁を\f801\飲んでいってもいい。\f801\\ffff\</origin>
				<translate>樹海を探索する君たちは、\f801\目の前の木の根元に、\f801\緑色の丸いものが落ちているのを見つける。\f801\\f802\近づいてよく見てみると、\f801\それはココナッツという実だ。\f801\\f802\ココナッツは内部に豊潤な果汁を蓄えており\f801\穴を開ければ飲むことが出来る。\f801\\f802\君たちが望むなら、ココナッツの果汁を\f801\飲んでいってもいい。\f801\\ffff\</translate>
			</id>
			<id id="51">
				<origin>\f804\\0500\どうしますか？\f804\\0000\\f801\果汁を飲む\f801\探索に戻る\f801\\ffff\</origin>
				<translate>\f804\\0500\どうしますか？\f804\\0000\\f801\果汁を飲む\f801\探索に戻る\f801\\ffff\</translate>
			</id>
			<id id="52">
				<origin>君たちはココナッツの実に穴を開ける。\f801\そこに口をつけて傾けると、果汁が溢れ出し\f801\さっぱりとした味が口を満たしていく。\f801\\f802\味は濃くはないが、豊潤な果汁で\f801\君たちは喉を潤すことが出来た。\f801\\ffff\</origin>
				<translate>君たちはココナッツの実に穴を開ける。\f801\そこに口をつけて傾けると、果汁が溢れ出し\f801\さっぱりとした味が口を満たしていく。\f801\\f802\味は濃くはないが、豊潤な果汁で\f801\君たちは喉を潤すことが出来た。\f801\\ffff\</translate>
			</id>
			<id id="53">
				<origin>君たちは満足し、探索に戻ることにする。\f801\\ffff\</origin>
				<translate>君たちは満足し、探索に戻ることにする。\f801\\ffff\</translate>
			</id>
			<id id="54">
				<origin>いいや、今は喉も渇いていない。\f801\今はココナッツの恵みは必要ないと判断し\f801\君たちは探索に戻ることにする。\f801\\ffff\</origin>
				<translate>いいや、今は喉も渇いていない。\f801\今はココナッツの恵みは必要ないと判断し\f801\君たちは探索に戻ることにする。\f801\\ffff\</translate>
			</id>
			<id id="55">
				<origin>ココナッツウォーター\f801\\ffff\</origin>
				<translate>ココナッツウォーター\f801\\ffff\</translate>
			</id>
			<id id="56">
				<origin>樹海を探索していた君たちは\f801\ココナッツの実を見つけ、\f801\中の果汁を飲んで喉を潤した。\f801\\ffff\</origin>
				<translate>樹海を探索していた君たちは\f801\ココナッツの実を見つけ、\f801\中の果汁を飲んで喉を潤した。\f801\\ffff\</translate>
			</id>
			<id id="57"/>
			<id id="58"/>
			<id id="59"/>
			<id id="60"/>
			<id id="61"/>
			<id id="62"/>
			<id id="63"/>
			<id id="64"/>
			<id id="65"/>
			<id id="66"/>
			<id id="67"/>
			<id id="68"/>
			<id id="69"/>
			<id id="70"/>
			<id id="71"/>
			<id id="72"/>
			<id id="73"/>
			<id id="74"/>
			<id id="75"/>
			<id id="76"/>
			<id id="77"/>
			<id id="78"/>
			<id id="79"/>
			<id id="80"/>
			<id id="81"/>
			<id id="82"/>
			<id id="83"/>
			<id id="84"/>
			<id id="85"/>
			<id id="86"/>
			<id id="87"/>
			<id id="88"/>
			<id id="89"/>
			<id id="90"/>
			<id id="91"/>
			<id id="92"/>
			<id id="93"/>
			<id id="94"/>
			<id id="95"/>
			<id id="96"/>
			<id id="97"/>
			<id id="98"/>
			<id id="99"/>
			<id id="100">
				<origin>樹海を探索していた君たちは、\f801\突き当りに硬貨が散らばっているのを\f801\見つける。\f801\\f802\辺りに持ち主らしき人物はいないようだ。\f801\君たちはその硬貨を拾い集めてもいいし、\f801\そのままにして立ち去っても良い。\f801\\ffff\</origin>
				<translate>樹海を探索していた君たちは、\f801\突き当りに硬貨が散らばっているのを\f801\見つける。\f801\\f802\辺りに持ち主らしき人物はいないようだ。\f801\君たちはその硬貨を拾い集めてもいいし、\f801\そのままにして立ち去っても良い。\f801\\ffff\</translate>
			</id>
			<id id="101">
				<origin>\f804\\0500\どうしますか？\f804\\0000\\f801\硬貨を拾う\f801\この場から立ち去る\f801\\ffff\</origin>
				<translate>\f804\\0500\どうしますか？\f804\\0000\\f801\硬貨を拾う\f801\この場から立ち去る\f801\\ffff\</translate>
			</id>
			<id id="102">
				<origin>君たちは地面にしゃがみこんで、\f801\硬貨を拾い集める。\f801\\f802\思った以上の量の硬貨が散らばっており、\f801\君たちは拾い集めることに集中する。\f801\\f802\あらかた拾い集め、改めて見てみると\f801\なかなかの金額だ。\f801\\ffff\</origin>
				<translate>君たちは地面にしゃがみこんで、\f801\硬貨を拾い集める。\f801\\f802\思った以上の量の硬貨が散らばっており、\f801\君たちは拾い集めることに集中する。\f801\\f802\あらかた拾い集め、改めて見てみると\f801\なかなかの金額だ。\f801\\ffff\</translate>
			</id>
			<id id="103">
				<origin>思いがけない収入に君たちが喜んでいると、\f801\ふいに周囲が暗くなる。\f801\\ffff\</origin>
				<translate>思いがけない収入に君たちが喜んでいると、\f801\ふいに周囲が暗くなる。\f801\\ffff\</translate>
			</id>
			<id id="104">
				<origin>無理して硬貨を拾う必要もない。\f801\そう判断した君たちは\f801\この場から去ることにする。\f801\\ffff\</origin>
				<translate>無理して硬貨を拾う必要もない。\f801\そう判断した君たちは\f801\この場から去ることにする。\f801\\ffff\</translate>
			</id>
			<id id="105">
				<origin>次の瞬間、頭上から巨体が舞い降りた！\f801\\f802\大きなくちばしが特徴の魔物は、\f801\問答無用で君たちに襲いかかる！\f801\\ffff\</origin>
				<translate>次の瞬間、頭上から巨体が舞い降りた！\f801\\f802\大きなくちばしが特徴の魔物は、\f801\問答無用で君たちに襲いかかる！\f801\\ffff\</translate>
			</id>
			<id id="106"/>
			<id id="107"/>
			<id id="108"/>
			<id id="109"/>
			<id id="110">
				<origin>突然のことではあったが、\f801\君たちは襲い掛かってきた魔物を\f801\退けることに成功する。\f801\\f802\硬貨につられ、周りへの警戒を\f801\怠ったことへの代償だと、気を引き締め\f801\君たちは探索に戻ることにする。\f801\\ffff\</origin>
				<translate>突然のことではあったが、\f801\君たちは襲い掛かってきた魔物を\f801\退けることに成功する。\f801\\f802\硬貨につられ、周りへの警戒を\f801\怠ったことへの代償だと、気を引き締め\f801\君たちは探索に戻ることにする。\f801\\ffff\</translate>
			</id>
			<id id="111">
				<origin>硬貨と怪鳥\f801\\ffff\</origin>
				<translate>硬貨と怪鳥\f801\\ffff\</translate>
			</id>
			<id id="112">
				<origin>樹海を探索していた君たちは\f801\地面に散らばる硬貨を拾い、\f801\上空から襲い来る魔物と\f801\戦いになり、これを倒した。\f801\\ffff\</origin>
				<translate>樹海を探索していた君たちは\f801\地面に散らばる硬貨を拾い、\f801\上空から襲い来る魔物と\f801\戦いになり、これを倒した。\f801\\ffff\</translate>
			</id>
			<id id="113"/>
			<id id="114"/>
			<id id="115"/>
			<id id="116"/>
			<id id="117"/>
			<id id="118"/>
			<id id="119"/>
			<id id="120"/>
			<id id="121"/>
			<id id="122"/>
			<id id="123"/>
			<id id="124"/>
			<id id="125"/>
			<id id="126"/>
			<id id="127"/>
			<id id="128"/>
			<id id="129"/>
			<id id="130"/>
			<id id="131"/>
			<id id="132"/>
			<id id="133"/>
			<id id="134"/>
			<id id="135"/>
			<id id="136"/>
			<id id="137"/>
			<id id="138"/>
			<id id="139"/>
			<id id="140"/>
			<id id="141"/>
			<id id="142"/>
			<id id="143"/>
			<id id="144"/>
			<id id="145"/>
			<id id="146"/>
			<id id="147"/>
			<id id="148"/>
			<id id="149"/>
			<id id="150">
				<origin>樹海を探索する君たちは、行き止まりに\f801\野営の跡を見つける。\f801\\f802\大小の葉を幾重にも重ねて作ったテントや、\f801\焚き火の跡もある。\f801\しばらくここで休んでいけそうだ。\f801\\f802\君たちが望むなら、\f801\そこで休んでいくことも出来る。\f801\\ffff\</origin>
				<translate>樹海を探索する君たちは、行き止まりに\f801\野営の跡を見つける。\f801\\f802\大小の葉を幾重にも重ねて作ったテントや、\f801\焚き火の跡もある。\f801\しばらくここで休んでいけそうだ。\f801\\f802\君たちが望むなら、\f801\そこで休んでいくことも出来る。\f801\\ffff\</translate>
			</id>
			<id id="151">
				<origin>\f804\\0500\どうしますか？\f804\\0000\\f801\休んでいく\f801\休まず立ち去る\f801\\ffff\</origin>
				<translate>\f804\\0500\どうしますか？\f804\\0000\\f801\休んでいく\f801\休まず立ち去る\f801\\ffff\</translate>
			</id>
			<id id="152">
				<origin>せっかく使えるテントがあるのだ。\f801\君たちはテントに入り荷物を下ろす。\f801\\f802\葉で作ったテントは適度に風を通し、\f801\快適そのもので、ここが樹海であることを\f801\忘れさせてくれるようだ。\f801\\f802\焚き火の明かりも柔らかで、\f801\君たちを安らかな気持ちにさせる。\f801\\ffff\</origin>
				<translate>せっかく使えるテントがあるのだ。\f801\君たちはテントに入り荷物を下ろす。\f801\\f802\葉で作ったテントは適度に風を通し、\f801\快適そのもので、ここが樹海であることを\f801\忘れさせてくれるようだ。\f801\\f802\焚き火の明かりも柔らかで、\f801\君たちを安らかな気持ちにさせる。\f801\\ffff\</translate>
			</id>
			<id id="153">
				<origin>しばらくの後、君たちは肌寒さを感じ\f801\目を覚ます。\f801\\f802\気がつくと、風に飛ばされたのか、\f801\テントを作っていた葉は飛ばされて、\f801\支柱代わりの棒だけになっている。\f801\\f802\一度しか使えなかったが、\f801\一眠りしたことで君たちは\f801\気力、体力ともに万全な状態になった。\f801\\ffff\</origin>
				<translate>しばらくの後、君たちは肌寒さを感じ\f801\目を覚ます。\f801\\f802\気がつくと、風に飛ばされたのか、\f801\テントを作っていた葉は飛ばされて、\f801\支柱代わりの棒だけになっている。\f801\\f802\一度しか使えなかったが、\f801\一眠りしたことで君たちは\f801\気力、体力ともに万全な状態になった。\f801\\ffff\</translate>
			</id>
			<id id="154">
				<origin>君たちは荷物を身につけると、\f801\再び探索に戻ることにする。\f801\\ffff\</origin>
				<translate>君たちは荷物を身につけると、\f801\再び探索に戻ることにする。\f801\\ffff\</translate>
			</id>
			<id id="155">
				<origin>葉っぱのテント\f801\\ffff\</origin>
				<translate>葉っぱのテント\f801\\ffff\</translate>
			</id>
			<id id="156">
				<origin>樹海を探索していた君たちは\f801\野営の跡を見つけ、そこにあった\f801\葉で作られたテントで休むことで\f801\体力を回復させた。\f801\\ffff\</origin>
				<translate>樹海を探索していた君たちは\f801\野営の跡を見つけ、そこにあった\f801\葉で作られたテントで休むことで\f801\体力を回復させた。\f801\\ffff\</translate>
			</id>
			<id id="157">
				<origin>今は休む必要を感じなかった君たちは、\f801\その場を離れ、探索に戻ることにする。\f801\\ffff\</origin>
				<translate>今は休む必要を感じなかった君たちは、\f801\その場を離れ、探索に戻ることにする。\f801\\ffff\</translate>
			</id>
			<id id="158"/>
			<id id="159"/>
			<id id="160"/>
			<id id="161"/>
			<id id="162"/>
			<id id="163"/>
			<id id="164"/>
			<id id="165"/>
			<id id="166"/>
			<id id="167"/>
			<id id="168"/>
			<id id="169"/>
			<id id="170"/>
			<id id="171"/>
			<id id="172"/>
			<id id="173"/>
			<id id="174"/>
			<id id="175"/>
			<id id="176"/>
			<id id="177"/>
			<id id="178"/>
			<id id="179"/>
			<id id="180"/>
			<id id="181"/>
			<id id="182"/>
			<id id="183"/>
			<id id="184"/>
			<id id="185"/>
			<id id="186"/>
			<id id="187"/>
			<id id="188"/>
			<id id="189"/>
			<id id="190"/>
			<id id="191"/>
			<id id="192"/>
			<id id="193"/>
			<id id="194"/>
			<id id="195"/>
			<id id="196"/>
			<id id="197"/>
			<id id="198"/>
			<id id="199"/>
			<id id="200">
				<origin>樹海を探索し川沿いを進んできた君たちは、\f801\自然の水路のような地形を見つける。\f801\\f802\水面を見ると、落ち葉がまるで\f801\小舟のように揺れていた。\f801\\f802\近くには平たい葉をつけた植物が生えており、\f801\この葉を舟に見立てて、川の流れに\f801\うまく乗せてみるのも面白そうだ。\f801\\ffff\</origin>
				<translate>樹海を探索し川沿いを進んできた君たちは、\f801\自然の水路のような地形を見つける。\f801\\f802\水面を見ると、落ち葉がまるで\f801\小舟のように揺れていた。\f801\\f802\近くには平たい葉をつけた植物が生えており、\f801\この葉を舟に見立てて、川の流れに\f801\うまく乗せてみるのも面白そうだ。\f801\\ffff\</translate>
			</id>
			<id id="201">
				<origin>\f804\\0500\どうしますか？\f804\\0000\\f801\少しばかり遊んでいく\f801\探索に戻る\f801\\ffff\</origin>
				<translate>\f804\\0500\どうしますか？\f804\\0000\\f801\少しばかり遊んでいく\f801\探索に戻る\f801\\ffff\</translate>
			</id>
			<id id="202">
				<origin>君たちは近くの葉を手に取り、\f801\川の流れに乗せてみる。\f801\\f802\浮かべた葉はゆらゆらと揺れながら\f801\川を下っていく。\f801\だが少しすると流れに飲まれて沈んだ。\f801\\f802\せっかくなので、流れに飲まれない\f801\良い方法はないか、君たちは考える。\f801\\ffff\</origin>
				<translate>君たちは近くの葉を手に取り、\f801\川の流れに乗せてみる。\f801\\f802\浮かべた葉はゆらゆらと揺れながら\f801\川を下っていく。\f801\だが少しすると流れに飲まれて沈んだ。\f801\\f802\せっかくなので、流れに飲まれない\f801\良い方法はないか、君たちは考える。\f801\\ffff\</translate>
			</id>
			<id id="203">
				<origin>\f804\\0500\どうしますか？\f804\\0000\\f801\葉を折って、舟のようにする\f801\流れに負けない頑強な葉を探す\f801\遊びを切り上げ、探索に戻る\f801\\ffff\</origin>
				<translate>\f804\\0500\どうしますか？\f804\\0000\\f801\葉を折って、舟のようにする\f801\流れに負けない頑強な葉を探す\f801\遊びを切り上げ、探索に戻る\f801\\ffff\</translate>
			</id>
			<id id="204">
				<origin>そうだ、舟のようにすればいい。\f801\それは素晴らしいアイデアだった。\f801\\f802\君たちは葉を折り曲げ、\f801\舟の形に近づけようとする。\f801\\f802\しかし、その葉はかなりの弾力があり\f801\折り曲げてもすぐに元の形に戻ってしまう。\f801\このままでは舟にはできない。\f801\\f802\そのとき、ふと閃いた。\f801\\f802\葉に複数の切れ込みを入れ、\f801\互いに組み合わせてしまったら\f801\どうだろうか？\f801\\f802\それは画期的な案だった。\f801\君たちは早速その案を実践する。\f801\\f802\するとどうだろう！\f801\まるで本物の舟のように、\f801\きれいな流線形ができたではないか！\f801\\f802\君たちは狂喜し、\f801\さっそく川の流れに乗せてみる。\f801\\f802\すると葉の舟は急流に負けることなく\f801\流れていき、君たちの遊び心を乗せて\f801\はるか遠く、下流へと旅立っていった。\f801\\f802\その様子を見届けた君たちは\f801\大変な充実感を得た。\f801\\ffff\</origin>
				<translate>そうだ、舟のようにすればいい。\f801\それは素晴らしいアイデアだった。\f801\\f802\君たちは葉を折り曲げ、\f801\舟の形に近づけようとする。\f801\\f802\しかし、その葉はかなりの弾力があり\f801\折り曲げてもすぐに元の形に戻ってしまう。\f801\このままでは舟にはできない。\f801\\f802\そのとき、ふと閃いた。\f801\\f802\葉に複数の切れ込みを入れ、\f801\互いに組み合わせてしまったら\f801\どうだろうか？\f801\\f802\それは画期的な案だった。\f801\君たちは早速その案を実践する。\f801\\f802\するとどうだろう！\f801\まるで本物の舟のように、\f801\きれいな流線形ができたではないか！\f801\\f802\君たちは狂喜し、\f801\さっそく川の流れに乗せてみる。\f801\\f802\すると葉の舟は急流に負けることなく\f801\流れていき、君たちの遊び心を乗せて\f801\はるか遠く、下流へと旅立っていった。\f801\\f802\その様子を見届けた君たちは\f801\大変な充実感を得た。\f801\\ffff\</translate>
			</id>
			<id id="205">
				<origin>舟を編む\f801\\ffff\</origin>
				<translate>舟を編む\f801\\ffff\</translate>
			</id>
			<id id="206">
				<origin>樹海を探索していた君たちは\f801\弾力のある葉に切れ込みを入れ、\f801\舟を作って遊んだ。\f801\舟は上手に川を下っていった。\f801\\ffff\</origin>
				<translate>樹海を探索していた君たちは\f801\弾力のある葉に切れ込みを入れ、\f801\舟を作って遊んだ。\f801\舟は上手に川を下っていった。\f801\\ffff\</translate>
			</id>
			<id id="207">
				<origin>君たちは別の葉を求めて茂みを探す。\f801\しかしどれも似たものばかりで、\f801\同じ結果になるように思える。\f801\\f802\試しに何枚かの葉を流してみたが、\f801\やはり同じ運命をたどっていった。\f801\\f802\偶然に頼るようなことでは\f801\成功は得られないのだ。\f801\君たちは別の方法を考えることにする。\f801\\ffff\</origin>
				<translate>君たちは別の葉を求めて茂みを探す。\f801\しかしどれも似たものばかりで、\f801\同じ結果になるように思える。\f801\\f802\試しに何枚かの葉を流してみたが、\f801\やはり同じ運命をたどっていった。\f801\\f802\偶然に頼るようなことでは\f801\成功は得られないのだ。\f801\君たちは別の方法を考えることにする。\f801\\ffff\</translate>
			</id>
			<id id="208">
				<origin>これ以上遊ぶ必要はない、\f801\そう判断した君たちは\f801\探索に戻ることにする。\f801\\ffff\</origin>
				<translate>これ以上遊ぶ必要はない、\f801\そう判断した君たちは\f801\探索に戻ることにする。\f801\\ffff\</translate>
			</id>
			<id id="209">
				<origin>\f804\\0500\どうしますか？\f804\\0000\\f801\葉を折って、舟のようにする\f801\遊びを切り上げ、探索に戻る\f801\\ffff\</origin>
				<translate>\f804\\0500\どうしますか？\f804\\0000\\f801\葉を折って、舟のようにする\f801\遊びを切り上げ、探索に戻る\f801\\ffff\</translate>
			</id>
			<id id="210">
				<origin>樹海に遊びに来たわけではない。\f801\君たちはそう思い直し、\f801\探索に戻ることにする。\f801\\ffff\</origin>
				<translate>樹海に遊びに来たわけではない。\f801\君たちはそう思い直し、\f801\探索に戻ることにする。\f801\\ffff\</translate>
			</id>
			<id id="211"/>
			<id id="212"/>
			<id id="213"/>
			<id id="214"/>
			<id id="215"/>
			<id id="216"/>
			<id id="217"/>
			<id id="218"/>
			<id id="219"/>
			<id id="220"/>
			<id id="221"/>
			<id id="222"/>
			<id id="223"/>
			<id id="224"/>
			<id id="225"/>
			<id id="226"/>
			<id id="227"/>
			<id id="228"/>
			<id id="229"/>
			<id id="230"/>
			<id id="231"/>
			<id id="232"/>
			<id id="233"/>
			<id id="234"/>
			<id id="235"/>
			<id id="236"/>
			<id id="237"/>
			<id id="238"/>
			<id id="239"/>
			<id id="240"/>
			<id id="241"/>
			<id id="242"/>
			<id id="243"/>
			<id id="244"/>
			<id id="245"/>
			<id id="246"/>
			<id id="247"/>
			<id id="248"/>
			<id id="249"/>
			<id id="250">
				<origin>君たちが樹海の探索をしていると、\f801\しずしずと流れ落ちる滝を見つけた。\f801\\f802\だが陽の落ちた今は、その素晴らしさを\f801\完全に堪能することは出来ない。\f801\\f802\滝の素晴らしさを堪能したければ、\f801\陽の出ているうちに再度訪れるべきだ。\f801\\ffff\</origin>
				<translate>君たちが樹海の探索をしていると、\f801\しずしずと流れ落ちる滝を見つけた。\f801\\f802\だが陽の落ちた今は、その素晴らしさを\f801\完全に堪能することは出来ない。\f801\\f802\滝の素晴らしさを堪能したければ、\f801\陽の出ているうちに再度訪れるべきだ。\f801\\ffff\</translate>
			</id>
			<id id="251">
				<origin>君たちが樹海の探索をしていると、目の前の\f801\小さな滝に虹がかかっているのが見え、\f801\ふと足を止める。\f801\\f802\虹の発生には太陽の位置などの偶然が\f801\影響する。今を逃すと、もう虹を見ることは\f801\出来ないだろう。\f801\\f802\時間が許すのであれば、\f801\君たちは虹を眺めていってもいい。\f801\\ffff\</origin>
				<translate>君たちが樹海の探索をしていると、目の前の\f801\小さな滝に虹がかかっているのが見え、\f801\ふと足を止める。\f801\\f802\虹の発生には太陽の位置などの偶然が\f801\影響する。今を逃すと、もう虹を見ることは\f801\出来ないだろう。\f801\\f802\時間が許すのであれば、\f801\君たちは虹を眺めていってもいい。\f801\\ffff\</translate>
			</id>
			<id id="252">
				<origin>\f804\\0500\どうしますか？\f804\\0000\\f801\虹を眺めていく\f801\先を急ぐ\f801\\ffff\</origin>
				<translate>\f804\\0500\どうしますか？\f804\\0000\\f801\虹を眺めていく\f801\先を急ぐ\f801\\ffff\</translate>
			</id>
			<id id="253">
				<origin>君たちはその場に立ち止まり、\f801\しばし滝にかかる虹を眺める。\f801\\f802\空にかかる七色の橋を見ていると、\f801\気持ちが安らいでいくのを感じる。\f801\\ffff\</origin>
				<translate>君たちはその場に立ち止まり、\f801\しばし滝にかかる虹を眺める。\f801\\f802\空にかかる七色の橋を見ていると、\f801\気持ちが安らいでいくのを感じる。\f801\\ffff\</translate>
			</id>
			<id id="254">
				<origin>しばらくすると、\f801\太陽の位置が変わったせいか\f801\虹は消えていった。\f801\\f802\君たちは気持ちも新たに、\f801\探索に戻ることにする。\f801\\ffff\</origin>
				<translate>しばらくすると、\f801\太陽の位置が変わったせいか\f801\虹は消えていった。\f801\\f802\君たちは気持ちも新たに、\f801\探索に戻ることにする。\f801\\ffff\</translate>
			</id>
			<id id="255">
				<origin>癒やしの虹\f801\\ffff\</origin>
				<translate>癒やしの虹\f801\\ffff\</translate>
			</id>
			<id id="256">
				<origin>樹海を探索していた君たちは\f801\滝にかかる美しい虹を見て\f801\気持ちを安らかにすることが\f801\できた。\f801\\ffff\</origin>
				<translate>樹海を探索していた君たちは\f801\滝にかかる美しい虹を見て\f801\気持ちを安らかにすることが\f801\できた。\f801\\ffff\</translate>
			</id>
			<id id="257">
				<origin>今は虹を見るよりするべきことがある。\f801\君たちは先を急ぐために踵を返す。\f801\\f802\樹海の探索に戻る君たちの背後で\f801\七色の橋は君たちを見送るように\f801\静かに儚く消えていった。\f801\\ffff\</origin>
				<translate>今は虹を見るよりするべきことがある。\f801\君たちは先を急ぐために踵を返す。\f801\\f802\樹海の探索に戻る君たちの背後で\f801\七色の橋は君たちを見送るように\f801\静かに儚く消えていった。\f801\\ffff\</translate>
			</id>
			<id id="258"/>
			<id id="259"/>
			<id id="260"/>
			<id id="261"/>
			<id id="262"/>
			<id id="263"/>
			<id id="264"/>
			<id id="265"/>
			<id id="266"/>
			<id id="267"/>
			<id id="268"/>
			<id id="269"/>
			<id id="270"/>
			<id id="271"/>
			<id id="272"/>
			<id id="273"/>
			<id id="274"/>
			<id id="275"/>
			<id id="276"/>
			<id id="277"/>
			<id id="278"/>
			<id id="279"/>
			<id id="280"/>
			<id id="281"/>
			<id id="282"/>
			<id id="283"/>
			<id id="284"/>
			<id id="285"/>
			<id id="286"/>
			<id id="287"/>
			<id id="288"/>
			<id id="289"/>
			<id id="290"/>
			<id id="291"/>
			<id id="292"/>
			<id id="293"/>
			<id id="294"/>
			<id id="295"/>
			<id id="296"/>
			<id id="297"/>
			<id id="298"/>
			<id id="299"/>
			<id id="300">
				<origin>樹海探索にもややなれてきた君たちは\f801\迷宮の行き止まりと思える場所で\f801\地面に小さな足跡を見つけた。\f801\\f802\足跡は西の方へ点々と続いており\f801\その先の茂みから獣の鳴き声のような\f801\音が聞こえてくる…。\f801\\f802\その鳴き声が気になるのならば、\f801\辺りを調べてもいいし、\f801\危険を感じ、立ち去ってもいい。\f801\\ffff\</origin>
				<translate>樹海探索にもややなれてきた君たちは\f801\迷宮の行き止まりと思える場所で\f801\地面に小さな足跡を見つけた。\f801\\f802\足跡は西の方へ点々と続いており\f801\その先の茂みから獣の鳴き声のような\f801\音が聞こえてくる…。\f801\\f802\その鳴き声が気になるのならば、\f801\辺りを調べてもいいし、\f801\危険を感じ、立ち去ってもいい。\f801\\ffff\</translate>
			</id>
			<id id="301">
				<origin>君たちは、獣の鳴き声が聞こえてきた茂みに\f801\再び足を運ぶ。そこには、以前と同じく\f801\罠に掛かった獣がいた。\f801\\f802\そして哀れな獣が上げる\f801\苦悶に満ちた鳴き声に呼応するかのように\f801\周囲から仲間の声が響いてくる…。\f801\\f802\君たちはその声に応えるように\f801\獣を罠から助けてもいいし、\f801\無視して立ち去ってもいい。\f801\\ffff\</origin>
				<translate>君たちは、獣の鳴き声が聞こえてきた茂みに\f801\再び足を運ぶ。そこには、以前と同じく\f801\罠に掛かった獣がいた。\f801\\f802\そして哀れな獣が上げる\f801\苦悶に満ちた鳴き声に呼応するかのように\f801\周囲から仲間の声が響いてくる…。\f801\\f802\君たちはその声に応えるように\f801\獣を罠から助けてもいいし、\f801\無視して立ち去ってもいい。\f801\\ffff\</translate>
			</id>
			<id id="302"/>
			<id id="303"/>
			<id id="304"/>
			<id id="305">
				<origin>\f804\\0500\どうしますか？\f804\\0000\\f801\辺りを調べる\f801\ここから立ち去る\f801\\ffff\</origin>
				<translate>\f804\\0500\どうしますか？\f804\\0000\\f801\辺りを調べる\f801\ここから立ち去る\f801\\ffff\</translate>
			</id>
			<id id="306">
				<origin>茂みの中を慎重に調べる君たちは\f801\ハンギングスネアと呼ばれる罠に\f801\獣がかかっているのを発見する。\f801\\f802\そして哀れな獣が上げる\f801\苦悶に満ちた鳴き声に呼応するかのように\f801\周囲から仲間の声が響いてくる…。\f801\\f802\君たちはその声に応えるように\f801\獣を罠から助けてもいいし、\f801\無視して立ち去ってもいい。\f801\\ffff\</origin>
				<translate>茂みの中を慎重に調べる君たちは\f801\ハンギングスネアと呼ばれる罠に\f801\獣がかかっているのを発見する。\f801\\f802\そして哀れな獣が上げる\f801\苦悶に満ちた鳴き声に呼応するかのように\f801\周囲から仲間の声が響いてくる…。\f801\\f802\君たちはその声に応えるように\f801\獣を罠から助けてもいいし、\f801\無視して立ち去ってもいい。\f801\\ffff\</translate>
			</id>
			<id id="307">
				<origin>\f804\\0500\どうしますか？\f804\\0000\\f801\獣を罠から助ける\f801\無視して立ち去る\f801\\ffff\</origin>
				<translate>\f804\\0500\どうしますか？\f804\\0000\\f801\獣を罠から助ける\f801\無視して立ち去る\f801\\ffff\</translate>
			</id>
			<id id="308">
				<origin>君たちが縄をナイフで切って\f801\罠を外してやると、\f801\獣は身軽そうに地面に降り立った。\f801\\f802\よく見ると獣はまだ子供で、\f801\自由になるとすぐにその親らしき\f801\獣が駆け寄ってきた。\f801\\f802\さぁ、ここで君たちの運を試すときがきた！\f801\\f802\運がない場合、君たちは獣の逆恨みをうけて\f801\攻撃されることになるだろう！\f801\\ffff\</origin>
				<translate>君たちが縄をナイフで切って\f801\罠を外してやると、\f801\獣は身軽そうに地面に降り立った。\f801\\f802\よく見ると獣はまだ子供で、\f801\自由になるとすぐにその親らしき\f801\獣が駆け寄ってきた。\f801\\f802\さぁ、ここで君たちの運を試すときがきた！\f801\\f802\運がない場合、君たちは獣の逆恨みをうけて\f801\攻撃されることになるだろう！\f801\\ffff\</translate>
			</id>
			<id id="309">
				<origin>獣たちはしばらく君たちを\f801\警戒するように眺めていたが…\f801\次第にゆっくり後ずさりを始める。\f801\\f802\どうやら君たちが手助けを\f801\してくれたと理解したようだ。\f801\\f802\子供を守るようにして立ち去る\f801\獣たちを尻目に、君たちもまた\f801\迷宮探索へと戻ることにする。\f801\\ffff\</origin>
				<translate>獣たちはしばらく君たちを\f801\警戒するように眺めていたが…\f801\次第にゆっくり後ずさりを始める。\f801\\f802\どうやら君たちが手助けを\f801\してくれたと理解したようだ。\f801\\f802\子供を守るようにして立ち去る\f801\獣たちを尻目に、君たちもまた\f801\迷宮探索へと戻ることにする。\f801\\ffff\</translate>
			</id>
			<id id="310">
				<origin>罠に掛かった獣\f801\\ffff\</origin>
				<translate>罠に掛かった獣\f801\\ffff\</translate>
			</id>
			<id id="311">
				<origin>罠に掛かった獣を見つけた君たちが\f801\獣を解放すると親らしき獣が現れ、\f801\張り詰めた空気となるが、獣たちは\f801\その場を離れていった。\f801\\ffff\</origin>
				<translate>罠に掛かった獣を見つけた君たちが\f801\獣を解放すると親らしき獣が現れ、\f801\張り詰めた空気となるが、獣たちは\f801\その場を離れていった。\f801\\ffff\</translate>
			</id>
			<id id="312">
				<origin>獣たちはこちらを睨み、唸り声を\f801\上げ始める。…どうやら君たちは\f801\敵として認識されてしまった！\f801\\f802\残念ながら君たちの善意は\f801\通用しなかったようだ。\f801\襲い来る獣と戦うことになる！\f801\\ffff\</origin>
				<translate>獣たちはこちらを睨み、唸り声を\f801\上げ始める。…どうやら君たちは\f801\敵として認識されてしまった！\f801\\f802\残念ながら君たちの善意は\f801\通用しなかったようだ。\f801\襲い来る獣と戦うことになる！\f801\\ffff\</translate>
			</id>
			<id id="313">
				<origin>恐らくハンターがしかけた\f801\罠なのだろう。君たちは手を触れずに\f801\その場から去ることにする。\f801\\ffff\</origin>
				<translate>恐らくハンターがしかけた\f801\罠なのだろう。君たちは手を触れずに\f801\その場から去ることにする。\f801\\ffff\</translate>
			</id>
			<id id="314">
				<origin>君たちは危険を感じ、辺りを\f801\あまり調べず立ち去ることにする。\f801\\ffff\</origin>
				<translate>君たちは危険を感じ、辺りを\f801\あまり調べず立ち去ることにする。\f801\\ffff\</translate>
			</id>
			<id id="315"/>
			<id id="316"/>
			<id id="317"/>
			<id id="318"/>
			<id id="319"/>
			<id id="320"/>
			<id id="321"/>
			<id id="322"/>
			<id id="323"/>
			<id id="324"/>
			<id id="325"/>
			<id id="326"/>
			<id id="327"/>
			<id id="328"/>
			<id id="329"/>
			<id id="330">
				<origin>襲い掛かってきた獣を撃退した君たちは、\f801\一息ついて武器を収める。\f801\\f802\相手は樹海の魔物だ、こういうこともあると\f801\君たちは樹海に戻ることにする。\f801\\ffff\</origin>
				<translate>襲い掛かってきた獣を撃退した君たちは、\f801\一息ついて武器を収める。\f801\\f802\相手は樹海の魔物だ、こういうこともあると\f801\君たちは樹海に戻ることにする。\f801\\ffff\</translate>
			</id>
			<id id="331"/>
			<id id="332"/>
			<id id="333"/>
			<id id="334"/>
			<id id="335">
				<origin>罠に掛かった獣\f801\\ffff\</origin>
				<translate>罠に掛かった獣\f801\\ffff\</translate>
			</id>
			<id id="336">
				<origin>罠に掛かった獣を見つけた君たちが\f801\獣を解放すると親らしき獣が現れ、\f801\張り詰めた空気となった末に、\f801\不幸にも戦闘となってしまう。\f801\\ffff\</origin>
				<translate>罠に掛かった獣を見つけた君たちが\f801\獣を解放すると親らしき獣が現れ、\f801\張り詰めた空気となった末に、\f801\不幸にも戦闘となってしまう。\f801\\ffff\</translate>
			</id>
			<id id="337"/>
			<id id="338"/>
			<id id="339"/>
			<id id="340"/>
			<id id="341"/>
			<id id="342"/>
			<id id="343"/>
			<id id="344"/>
			<id id="345"/>
			<id id="346"/>
			<id id="347"/>
			<id id="348"/>
			<id id="349"/>
			<id id="350">
				<origin>色彩豊かな樹海の探索を進める君たちは\f801\広場の中央に岩で造られたごく小さな池を\f801\見つける。\f801\\f802\どうやらそれは先人の冒険者が作った\f801\水飲み場のようで、岩の隙間から伸びた\f801\木製の管から綺麗な水が流れている。\f801\\f802\君たちはそこに溜まった水を\f801\飲んでみてもいい。\f801\\ffff\</origin>
				<translate>色彩豊かな樹海の探索を進める君たちは\f801\広場の中央に岩で造られたごく小さな池を\f801\見つける。\f801\\f802\どうやらそれは先人の冒険者が作った\f801\水飲み場のようで、岩の隙間から伸びた\f801\木製の管から綺麗な水が流れている。\f801\\f802\君たちはそこに溜まった水を\f801\飲んでみてもいい。\f801\\ffff\</translate>
			</id>
			<id id="351">
				<origin>色彩豊かな樹海を進む君たちは、\f801\以前にも利用した水飲み場の前に立つ。\f801\\f802\望むのであれば、そこに溜まった\f801\水を再び飲んでもいい。\f801\\ffff\</origin>
				<translate>色彩豊かな樹海を進む君たちは、\f801\以前にも利用した水飲み場の前に立つ。\f801\\f802\望むのであれば、そこに溜まった\f801\水を再び飲んでもいい。\f801\\ffff\</translate>
			</id>
			<id id="352">
				<origin>色彩豊かな樹海を進む君たちは、\f801\以前にも利用した水飲み場の前に立つ。\f801\\f802\そこを覗いてみるが、まだ充分な水がない。\f801\しかし、明日以降に訪れれば\f801\何も問題はないだろう。\f801\\f802\君たちは、この場所を覚えておくことにして\f801\樹海の探索を再開する。\f801\\ffff\</origin>
				<translate>色彩豊かな樹海を進む君たちは、\f801\以前にも利用した水飲み場の前に立つ。\f801\\f802\そこを覗いてみるが、まだ充分な水がない。\f801\しかし、明日以降に訪れれば\f801\何も問題はないだろう。\f801\\f802\君たちは、この場所を覚えておくことにして\f801\樹海の探索を再開する。\f801\\ffff\</translate>
			</id>
			<id id="353">
				<origin>\f804\\0500\どうしますか？\f804\\0000\\f801\飲む\f801\飲まない\f801\\ffff\</origin>
				<translate>\f804\\0500\どうしますか？\f804\\0000\\f801\飲む\f801\飲まない\f801\\ffff\</translate>
			</id>
			<id id="354">
				<origin>水飲み場から水を掬い、流し込むと\f801\渇いた喉を口当たりの柔らかな水が\f801\通り抜けていく。\f801\\ffff\</origin>
				<translate>水飲み場から水を掬い、流し込むと\f801\渇いた喉を口当たりの柔らかな水が\f801\通り抜けていく。\f801\\ffff\</translate>
			</id>
			<id id="355">
				<origin>君たちが喉を潤し終えると、\f801\その水はほとんどなくなってしまった。\f801\\f802\しかし、水はとめどなく流れ込んでおり、\f801\明日以降に再度訪れれば\f801\何も問題はないだろう。\f801\\f802\君たちは、この場所を覚えておくことにして\f801\活気を取り戻した身体で探索を再開する。\f801\\ffff\</origin>
				<translate>君たちが喉を潤し終えると、\f801\その水はほとんどなくなってしまった。\f801\\f802\しかし、水はとめどなく流れ込んでおり、\f801\明日以降に再度訪れれば\f801\何も問題はないだろう。\f801\\f802\君たちは、この場所を覚えておくことにして\f801\活気を取り戻した身体で探索を再開する。\f801\\ffff\</translate>
			</id>
			<id id="356">
				<origin>一見、安全のように見えるが\f801\思わぬところに危険が潜んでいる\f801\可能性も捨てきれない。\f801\\f802\君たちは水に手を伸ばすことなく、\f801\樹海の探索へと戻ることにする。\f801\\ffff\</origin>
				<translate>一見、安全のように見えるが\f801\思わぬところに危険が潜んでいる\f801\可能性も捨てきれない。\f801\\f802\君たちは水に手を伸ばすことなく、\f801\樹海の探索へと戻ることにする。\f801\\ffff\</translate>
			</id>
			<id id="357">
				<origin>今は必要ないと判断した君たちは\f801\樹海の探索へと戻ることにする。\f801\\ffff\</origin>
				<translate>今は必要ないと判断した君たちは\f801\樹海の探索へと戻ることにする。\f801\\ffff\</translate>
			</id>
			<id id="358">
				<origin>喉を潤した君たちは、活気を\f801\取り戻した身体で探索を再開する。\f801\\ffff\</origin>
				<translate>喉を潤した君たちは、活気を\f801\取り戻した身体で探索を再開する。\f801\\ffff\</translate>
			</id>
			<id id="359"/>
			<id id="360"/>
			<id id="361"/>
			<id id="362"/>
			<id id="363"/>
			<id id="364"/>
			<id id="365"/>
			<id id="366"/>
			<id id="367"/>
			<id id="368"/>
			<id id="369"/>
			<id id="370"/>
			<id id="371"/>
			<id id="372"/>
			<id id="373"/>
			<id id="374"/>
			<id id="375"/>
			<id id="376"/>
			<id id="377"/>
			<id id="378"/>
			<id id="379"/>
			<id id="380"/>
			<id id="381"/>
			<id id="382"/>
			<id id="383"/>
			<id id="384"/>
			<id id="385"/>
			<id id="386"/>
			<id id="387"/>
			<id id="388"/>
			<id id="389"/>
			<id id="390"/>
			<id id="391"/>
			<id id="392"/>
			<id id="393"/>
			<id id="394"/>
			<id id="395"/>
			<id id="396"/>
			<id id="397"/>
			<id id="398"/>
			<id id="399"/>
			<id id="400"/>
			<id id="401"/>
			<id id="402"/>
			<id id="403"/>
			<id id="404"/>
			<id id="405"/>
			<id id="406"/>
			<id id="407"/>
			<id id="408"/>
			<id id="409"/>
			<id id="410"/>
			<id id="411"/>
			<id id="412"/>
			<id id="413"/>
			<id id="414"/>
			<id id="415"/>
			<id id="416"/>
			<id id="417"/>
			<id id="418"/>
			<id id="419"/>
			<id id="420"/>
			<id id="421"/>
			<id id="422"/>
			<id id="423"/>
			<id id="424"/>
			<id id="425"/>
			<id id="426"/>
			<id id="427"/>
			<id id="428"/>
			<id id="429"/>
			<id id="430"/>
			<id id="431"/>
			<id id="432"/>
			<id id="433"/>
			<id id="434"/>
			<id id="435"/>
			<id id="436"/>
			<id id="437"/>
			<id id="438"/>
			<id id="439"/>
			<id id="440"/>
			<id id="441"/>
			<id id="442"/>
			<id id="443"/>
			<id id="444"/>
			<id id="445"/>
			<id id="446"/>
			<id id="447"/>
			<id id="448"/>
			<id id="449"/>
			<id id="450"/>
			<id id="451"/>
			<id id="452"/>
			<id id="453"/>
			<id id="454"/>
			<id id="455"/>
			<id id="456"/>
			<id id="457"/>
			<id id="458"/>
			<id id="459"/>
			<id id="460"/>
			<id id="461"/>
			<id id="462"/>
			<id id="463"/>
			<id id="464"/>
			<id id="465"/>
			<id id="466"/>
			<id id="467"/>
			<id id="468"/>
			<id id="469"/>
			<id id="470"/>
			<id id="471"/>
			<id id="472"/>
			<id id="473"/>
			<id id="474"/>
			<id id="475"/>
			<id id="476"/>
			<id id="477"/>
			<id id="478"/>
			<id id="479"/>
			<id id="480"/>
			<id id="481"/>
			<id id="482"/>
			<id id="483"/>
			<id id="484"/>
			<id id="485"/>
			<id id="486"/>
			<id id="487"/>
			<id id="488"/>
			<id id="489"/>
			<id id="490"/>
			<id id="491"/>
			<id id="492"/>
			<id id="493"/>
			<id id="494"/>
			<id id="495"/>
			<id id="496"/>
			<id id="497"/>
			<id id="498"/>
			<id id="499"/>
			<id id="500"/>
			<id id="501"/>
			<id id="502"/>
			<id id="503"/>
			<id id="504"/>
			<id id="505"/>
			<id id="506"/>
			<id id="507"/>
			<id id="508"/>
			<id id="509"/>
			<id id="510"/>
			<id id="511"/>
			<id id="512"/>
			<id id="513"/>
			<id id="514"/>
			<id id="515"/>
			<id id="516"/>
			<id id="517"/>
			<id id="518"/>
			<id id="519"/>
			<id id="520"/>
			<id id="521"/>
			<id id="522"/>
			<id id="523"/>
			<id id="524"/>
			<id id="525"/>
			<id id="526"/>
			<id id="527"/>
			<id id="528"/>
			<id id="529"/>
			<id id="530"/>
			<id id="531"/>
			<id id="532"/>
			<id id="533"/>
			<id id="534"/>
			<id id="535"/>
			<id id="536"/>
			<id id="537"/>
			<id id="538"/>
			<id id="539"/>
			<id id="540"/>
			<id id="541"/>
			<id id="542"/>
			<id id="543"/>
			<id id="544"/>
			<id id="545"/>
			<id id="546"/>
			<id id="547"/>
			<id id="548"/>
			<id id="549"/>
			<id id="550"/>
			<id id="551"/>
			<id id="552"/>
			<id id="553"/>
			<id id="554"/>
			<id id="555"/>
			<id id="556"/>
			<id id="557"/>
			<id id="558"/>
			<id id="559"/>
			<id id="560"/>
			<id id="561"/>
			<id id="562"/>
			<id id="563"/>
			<id id="564"/>
			<id id="565"/>
			<id id="566"/>
			<id id="567"/>
			<id id="568"/>
			<id id="569"/>
			<id id="570"/>
			<id id="571"/>
			<id id="572"/>
			<id id="573"/>
			<id id="574"/>
			<id id="575"/>
			<id id="576"/>
			<id id="577"/>
			<id id="578"/>
			<id id="579"/>
			<id id="580"/>
			<id id="581"/>
			<id id="582"/>
			<id id="583"/>
			<id id="584"/>
			<id id="585"/>
			<id id="586"/>
			<id id="587"/>
			<id id="588"/>
			<id id="589"/>
			<id id="590"/>
			<id id="591"/>
			<id id="592"/>
			<id id="593"/>
			<id id="594"/>
			<id id="595"/>
			<id id="596"/>
			<id id="597"/>
			<id id="598"/>
			<id id="599"/>
			<id id="600"/>
			<id id="601"/>
			<id id="602"/>
			<id id="603"/>
			<id id="604"/>
			<id id="605"/>
			<id id="606"/>
			<id id="607"/>
			<id id="608"/>
			<id id="609"/>
			<id id="610"/>
			<id id="611"/>
			<id id="612"/>
			<id id="613"/>
			<id id="614"/>
			<id id="615"/>
			<id id="616"/>
			<id id="617"/>
			<id id="618"/>
			<id id="619"/>
			<id id="620"/>
			<id id="621"/>
			<id id="622"/>
			<id id="623"/>
			<id id="624"/>
			<id id="625"/>
			<id id="626"/>
			<id id="627"/>
			<id id="628"/>
			<id id="629"/>
			<id id="630"/>
			<id id="631"/>
			<id id="632"/>
			<id id="633"/>
			<id id="634"/>
			<id id="635"/>
			<id id="636"/>
			<id id="637"/>
			<id id="638"/>
			<id id="639"/>
			<id id="640"/>
			<id id="641"/>
			<id id="642"/>
			<id id="643"/>
			<id id="644"/>
			<id id="645"/>
			<id id="646"/>
			<id id="647"/>
			<id id="648"/>
			<id id="649"/>
			<id id="650"/>
			<id id="651"/>
			<id id="652"/>
			<id id="653"/>
			<id id="654"/>
			<id id="655"/>
			<id id="656"/>
			<id id="657"/>
			<id id="658"/>
			<id id="659"/>
			<id id="660"/>
			<id id="661"/>
			<id id="662"/>
			<id id="663"/>
			<id id="664"/>
			<id id="665"/>
			<id id="666"/>
			<id id="667"/>
			<id id="668"/>
			<id id="669"/>
			<id id="670"/>
			<id id="671"/>
			<id id="672"/>
			<id id="673"/>
			<id id="674"/>
			<id id="675"/>
			<id id="676"/>
			<id id="677"/>
			<id id="678"/>
			<id id="679"/>
			<id id="680"/>
			<id id="681"/>
			<id id="682"/>
			<id id="683"/>
			<id id="684"/>
			<id id="685"/>
			<id id="686"/>
			<id id="687"/>
			<id id="688"/>
			<id id="689"/>
			<id id="690"/>
			<id id="691"/>
			<id id="692"/>
			<id id="693"/>
			<id id="694"/>
			<id id="695"/>
			<id id="696"/>
			<id id="697"/>
			<id id="698"/>
			<id id="699"/>
			<id id="700"/>
			<id id="701"/>
			<id id="702"/>
			<id id="703"/>
			<id id="704"/>
			<id id="705"/>
			<id id="706"/>
			<id id="707"/>
			<id id="708"/>
			<id id="709"/>
			<id id="710"/>
			<id id="711"/>
			<id id="712"/>
			<id id="713"/>
			<id id="714"/>
			<id id="715"/>
			<id id="716"/>
			<id id="717"/>
			<id id="718"/>
			<id id="719"/>
			<id id="720"/>
			<id id="721"/>
			<id id="722"/>
			<id id="723"/>
			<id id="724"/>
			<id id="725"/>
			<id id="726"/>
			<id id="727"/>
			<id id="728"/>
			<id id="729"/>
			<id id="730"/>
			<id id="731"/>
			<id id="732"/>
			<id id="733"/>
			<id id="734"/>
			<id id="735"/>
			<id id="736"/>
			<id id="737"/>
			<id id="738"/>
			<id id="739"/>
			<id id="740"/>
			<id id="741"/>
			<id id="742"/>
			<id id="743"/>
			<id id="744"/>
			<id id="745"/>
			<id id="746"/>
			<id id="747"/>
			<id id="748"/>
			<id id="749"/>
			<id id="750"/>
			<id id="751"/>
			<id id="752"/>
			<id id="753"/>
			<id id="754"/>
			<id id="755"/>
			<id id="756"/>
			<id id="757"/>
			<id id="758"/>
			<id id="759"/>
			<id id="760"/>
			<id id="761"/>
			<id id="762"/>
			<id id="763"/>
			<id id="764"/>
			<id id="765"/>
			<id id="766"/>
			<id id="767"/>
			<id id="768"/>
			<id id="769"/>
			<id id="770"/>
			<id id="771"/>
			<id id="772"/>
			<id id="773"/>
			<id id="774"/>
			<id id="775"/>
			<id id="776"/>
			<id id="777"/>
			<id id="778"/>
			<id id="779"/>
			<id id="780"/>
			<id id="781"/>
			<id id="782"/>
			<id id="783"/>
			<id id="784"/>
			<id id="785"/>
			<id id="786"/>
			<id id="787"/>
			<id id="788"/>
			<id id="789"/>
			<id id="790"/>
			<id id="791"/>
			<id id="792"/>
			<id id="793"/>
			<id id="794"/>
			<id id="795"/>
			<id id="796"/>
			<id id="797"/>
			<id id="798"/>
			<id id="799"/>
			<id id="800"/>
			<id id="801"/>
			<id id="802"/>
			<id id="803"/>
			<id id="804"/>
			<id id="805"/>
			<id id="806"/>
			<id id="807"/>
			<id id="808"/>
			<id id="809"/>
			<id id="810"/>
			<id id="811"/>
			<id id="812"/>
			<id id="813"/>
			<id id="814"/>
			<id id="815"/>
			<id id="816"/>
			<id id="817"/>
			<id id="818"/>
			<id id="819"/>
			<id id="820"/>
			<id id="821"/>
			<id id="822"/>
			<id id="823"/>
			<id id="824"/>
			<id id="825"/>
			<id id="826"/>
			<id id="827"/>
			<id id="828"/>
			<id id="829"/>
			<id id="830"/>
			<id id="831"/>
			<id id="832"/>
			<id id="833"/>
			<id id="834"/>
			<id id="835"/>
			<id id="836"/>
			<id id="837"/>
			<id id="838"/>
			<id id="839"/>
			<id id="840"/>
			<id id="841"/>
			<id id="842"/>
			<id id="843"/>
			<id id="844"/>
			<id id="845"/>
			<id id="846"/>
			<id id="847"/>
			<id id="848"/>
			<id id="849"/>
			<id id="850"/>
			<id id="851"/>
			<id id="852"/>
			<id id="853"/>
			<id id="854"/>
			<id id="855"/>
			<id id="856"/>
			<id id="857"/>
			<id id="858"/>
			<id id="859"/>
			<id id="860"/>
			<id id="861"/>
			<id id="862"/>
			<id id="863"/>
			<id id="864"/>
			<id id="865"/>
			<id id="866"/>
			<id id="867"/>
			<id id="868"/>
			<id id="869"/>
			<id id="870"/>
			<id id="871"/>
			<id id="872"/>
			<id id="873"/>
			<id id="874"/>
			<id id="875"/>
			<id id="876"/>
			<id id="877"/>
			<id id="878"/>
			<id id="879"/>
			<id id="880"/>
			<id id="881"/>
			<id id="882"/>
			<id id="883"/>
			<id id="884"/>
			<id id="885"/>
			<id id="886"/>
			<id id="887"/>
			<id id="888"/>
			<id id="889"/>
			<id id="890"/>
			<id id="891"/>
			<id id="892"/>
			<id id="893"/>
			<id id="894"/>
			<id id="895"/>
			<id id="896"/>
			<id id="897"/>
			<id id="898"/>
			<id id="899"/>
			<id id="900"/>
			<id id="901"/>
			<id id="902"/>
			<id id="903"/>
			<id id="904"/>
			<id id="905"/>
			<id id="906"/>
			<id id="907"/>
			<id id="908"/>
			<id id="909"/>
			<id id="910"/>
			<id id="911"/>
			<id id="912"/>
			<id id="913"/>
			<id id="914"/>
			<id id="915"/>
			<id id="916"/>
			<id id="917"/>
			<id id="918"/>
			<id id="919"/>
			<id id="920"/>
			<id id="921"/>
			<id id="922"/>
			<id id="923"/>
			<id id="924"/>
			<id id="925"/>
			<id id="926"/>
			<id id="927"/>
			<id id="928"/>
			<id id="929"/>
			<id id="930"/>
			<id id="931"/>
			<id id="932"/>
			<id id="933"/>
			<id id="934"/>
			<id id="935"/>
			<id id="936"/>
			<id id="937"/>
			<id id="938"/>
			<id id="939"/>
			<id id="940"/>
			<id id="941"/>
			<id id="942"/>
			<id id="943"/>
			<id id="944"/>
			<id id="945"/>
			<id id="946"/>
			<id id="947"/>
			<id id="948"/>
			<id id="949"/>
			<id id="950"/>
			<id id="951"/>
			<id id="952"/>
			<id id="953"/>
			<id id="954"/>
			<id id="955"/>
			<id id="956"/>
			<id id="957"/>
			<id id="958"/>
			<id id="959"/>
			<id id="960"/>
			<id id="961"/>
			<id id="962"/>
			<id id="963"/>
			<id id="964"/>
			<id id="965"/>
			<id id="966"/>
			<id id="967"/>
			<id id="968"/>
			<id id="969"/>
			<id id="970"/>
			<id id="971"/>
			<id id="972"/>
			<id id="973"/>
			<id id="974"/>
			<id id="975"/>
			<id id="976"/>
			<id id="977"/>
			<id id="978"/>
			<id id="979"/>
			<id id="980"/>
			<id id="981"/>
			<id id="982"/>
			<id id="983"/>
			<id id="984"/>
			<id id="985"/>
			<id id="986"/>
			<id id="987"/>
			<id id="988"/>
			<id id="989"/>
			<id id="990"/>
			<id id="991"/>
			<id id="992"/>
			<id id="993"/>
			<id id="994"/>
			<id id="995"/>
			<id id="996"/>
			<id id="997"/>
			<id id="998"/>
			<id id="999"/>
			<id id="1000"/>
			<id id="1001">
				<origin>危険な魔物たちが徘徊する泥濘地帯を\f801\抜けた先で君たちは扉を見つける。\f801\\f802\その扉の前には、一人の衛兵が\f801\行く手を阻むかのように立ち塞がっている。\f801\\ffff\</origin>
				<translate>危険な魔物たちが徘徊する泥濘地帯を\f801\抜けた先で君たちは扉を見つける。\f801\\f802\その扉の前には、一人の衛兵が\f801\行く手を阻むかのように立ち塞がっている。\f801\\ffff\</translate>
			</id>
			<id id="1002">
				<origin>\f859\\0700\\f81b\\565f\\4348\\4152\\5f31\\3037\\2f45\\5645\\4e54\\2f62\\6172\\5f32\\3030\\0000\「これは冒険者の皆さん。お疲れ様です」\f801\\ffff\</origin>
				<translate>\f859\\0700\\f81b\\565f\\4348\\4152\\5f31\\3037\\2f45\\5645\\4e54\\2f62\\6172\\5f32\\3030\\0000\「これは冒険者の皆さん。お疲れ様です」\f801\\ffff\</translate>
			</id>
			<id id="1003">
				<origin>にこやかにそう笑いかける衛兵は\f801\つい先ほど発令された、司令部からの指示で\f801\ここを封鎖しているという。\f801\\ffff\</origin>
				<translate>にこやかにそう笑いかける衛兵は\f801\つい先ほど発令された、司令部からの指示で\f801\ここを封鎖しているという。\f801\\ffff\</translate>
			</id>
			<id id="1004">
				<origin>\f859\\0700\「お手数ですが、一度街に帰って\f801\司令部で話を聞いて来て下さい」\f801\\ffff\</origin>
				<translate>\f859\\0700\「お手数ですが、一度街に帰って\f801\司令部で話を聞いて来て下さい」\f801\\ffff\</translate>
			</id>
			<id id="1005">
				<origin>恭しくそう告げる衛兵の言葉に\f801\従うしか無いだろう。\f801\\f802\探索が一区切りついているのであれば、\f801\司令部へ足を運ぶといい。\f801\\ffff\</origin>
				<translate>恭しくそう告げる衛兵の言葉に\f801\従うしか無いだろう。\f801\\f802\探索が一区切りついているのであれば、\f801\司令部へ足を運ぶといい。\f801\\ffff\</translate>
			</id>
		</body>
	</mbm>
