<?xml version="1.0" encoding="UTF-8"?>
	<mbm>
		<head>000000004d53473200000100</head>
		<size>0c120000</size>
		<number>a5000000</number>
		<j>200000000000000000000000</j>
		<body>
			<id id="0">
				<origin>樹海を探索する君たちは、四方が開けた\f801\場所に出る。\f801\\f802\ここは周囲が見渡せるため、魔物の襲撃を\f801\事前に察知しやすい。\f801\\f802\君たちはここで休むことができる。\f801\\ffff\</origin>
				<translate>樹海を探索する君たちは、四方が開けた\f801\場所に出る。\f801\\f802\ここは周囲が見渡せるため、魔物の襲撃を\f801\事前に察知しやすい。\f801\\f802\君たちはここで休むことができる。\f801\\ffff\</translate>
			</id>
			<id id="1"/>
			<id id="2"/>
			<id id="3">
				<origin>\f804\\0500\どうしますか？\f804\\0000\\f801\休む\f801\立ち去る\f801\\ffff\</origin>
				<translate>\f804\\0500\どうしますか？\f804\\0000\\f801\休む\f801\立ち去る\f801\\ffff\</translate>
			</id>
			<id id="4"/>
			<id id="5"/>
			<id id="6">
				<origin>君たちは荷物の整理を兼ねて、\f801\少し休むことにする。\f801\\f802\身につけていた装備と、荷物を下ろして\f801\身体を自由にする。\f801\これだけでかなりの解放感だ。\f801\\f802\腰を下ろそうとした君たちは、ふとその場に\f801\陶器の壺のようなものがあることに気づく。\f801\\f802\口が塞がれたその陶器は、細いスリット以外\f801\開いている場所がない。\f801\持ち上げるとサイズの割にズシリと重い。\f801\\f802\スリットから覗くと中には硬貨がぎっしりと\f801\詰まっているのが見えた。\f801\いわゆる貯金箱というものだ。\f801\\f802\誰がここに置き忘れたのかは知らないが\f801\このままでは別の誰かに奪われるだろう。\f801\君たちはその前に中身を頂くことにする。\f801\\f802\その陶器の貯金箱を割ってみると、\f801\中身は全て１エン硬貨だった！\f801\\ffff\</origin>
				<translate>君たちは荷物の整理を兼ねて、\f801\少し休むことにする。\f801\\f802\身につけていた装備と、荷物を下ろして\f801\身体を自由にする。\f801\これだけでかなりの解放感だ。\f801\\f802\腰を下ろそうとした君たちは、ふとその場に\f801\陶器の壺のようなものがあることに気づく。\f801\\f802\口が塞がれたその陶器は、細いスリット以外\f801\開いている場所がない。\f801\持ち上げるとサイズの割にズシリと重い。\f801\\f802\スリットから覗くと中には硬貨がぎっしりと\f801\詰まっているのが見えた。\f801\いわゆる貯金箱というものだ。\f801\\f802\誰がここに置き忘れたのかは知らないが\f801\このままでは別の誰かに奪われるだろう。\f801\君たちはその前に中身を頂くことにする。\f801\\f802\その陶器の貯金箱を割ってみると、\f801\中身は全て１エン硬貨だった！\f801\\ffff\</translate>
			</id>
			<id id="7"/>
			<id id="8"/>
			<id id="9">
				<origin>お金には違いないが、これはこれで荷物だ。\f801\誰も手を付けず放置していたのは\f801\こういう理由だったようだ。\f801\\f802\だがこれも一応、冒険の報酬だ。\f801\君たちはそれを荷物に入れてから\f801\探索に戻ることにする。\f801\\ffff\</origin>
				<translate>お金には違いないが、これはこれで荷物だ。\f801\誰も手を付けず放置していたのは\f801\こういう理由だったようだ。\f801\\f802\だがこれも一応、冒険の報酬だ。\f801\君たちはそれを荷物に入れてから\f801\探索に戻ることにする。\f801\\ffff\</translate>
			</id>
			<id id="10"/>
			<id id="11"/>
			<id id="12">
				<origin>陶器の貯金箱\f801\\ffff\</origin>
				<translate>陶器の貯金箱\f801\\ffff\</translate>
			</id>
			<id id="13"/>
			<id id="14"/>
			<id id="15">
				<origin>樹海を探索していた君たちは\f801\陶器で出来た貯金箱を見つけ\f801\ぎっしり詰まった中身を\f801\得ることができた。\f801\\ffff\</origin>
				<translate>樹海を探索していた君たちは\f801\陶器で出来た貯金箱を見つけ\f801\ぎっしり詰まった中身を\f801\得ることができた。\f801\\ffff\</translate>
			</id>
			<id id="16"/>
			<id id="17"/>
			<id id="18">
				<origin>今は探索を急ぐべきだ。\f801\君たちはこの場を立ち去ることにする。\f801\\ffff\</origin>
				<translate>今は探索を急ぐべきだ。\f801\君たちはこの場を立ち去ることにする。\f801\\ffff\</translate>
			</id>
			<id id="19"/>
			<id id="20"/>
			<id id="21"/>
			<id id="22"/>
			<id id="23"/>
			<id id="24"/>
			<id id="25"/>
			<id id="26"/>
			<id id="27"/>
			<id id="28"/>
			<id id="29"/>
			<id id="30"/>
			<id id="31"/>
			<id id="32"/>
			<id id="33"/>
			<id id="34"/>
			<id id="35"/>
			<id id="36"/>
			<id id="37"/>
			<id id="38"/>
			<id id="39"/>
			<id id="40"/>
			<id id="41"/>
			<id id="42"/>
			<id id="43"/>
			<id id="44"/>
			<id id="45"/>
			<id id="46"/>
			<id id="47"/>
			<id id="48"/>
			<id id="49"/>
			<id id="50">
				<origin>樹海を探索する君たちは通路の行き止まりに\f801\突き当たる。\f801\これ以上進むことは出来ないようだ。\f801\\f802\引き返そうとした時、\f843\\0000\は\f801\足の下の感触が、通常の地面と違うと\f801\感じ取る。\f801\\f802\君たちは足元を掘ってみることができる。\f801\\ffff\</origin>
				<translate>樹海を探索する君たちは通路の行き止まりに\f801\突き当たる。\f801\これ以上進むことは出来ないようだ。\f801\\f802\引き返そうとした時、\f843\\0000\は\f801\足の下の感触が、通常の地面と違うと\f801\感じ取る。\f801\\f802\君たちは足元を掘ってみることができる。\f801\\ffff\</translate>
			</id>
			<id id="51"/>
			<id id="52"/>
			<id id="53">
				<origin>\f804\\0500\どうしますか？\f804\\0000\\f801\掘ってみる\f801\立ち去る\f801\\ffff\</origin>
				<translate>\f804\\0500\どうしますか？\f804\\0000\\f801\掘ってみる\f801\立ち去る\f801\\ffff\</translate>
			</id>
			<id id="54"/>
			<id id="55"/>
			<id id="56">
				<origin>いったい\f843\\0000\は\f801\何を感じたのだろうか？\f801\君たちは足元を掘ることにする。\f801\\f802\まずはもう一度踏みしめて、\f801\どこに違和感があるのかを確かめる。\f801\\f802\すると結構な範囲が他とは違うようだ。\f801\地面に埋まっているものは、\f801\板のようなものらしい。\f801\\f802\君たちは近くに落ちていた枯れ枝を使い\f801\埋蔵物を傷つけないように、上に積もった\f801\土を取り除いていく。\f801\\f802\やがて姿を現したのは一枚の盾だった！\f801\\ffff\</origin>
				<translate>いったい\f843\\0000\は\f801\何を感じたのだろうか？\f801\君たちは足元を掘ることにする。\f801\\f802\まずはもう一度踏みしめて、\f801\どこに違和感があるのかを確かめる。\f801\\f802\すると結構な範囲が他とは違うようだ。\f801\地面に埋まっているものは、\f801\板のようなものらしい。\f801\\f802\君たちは近くに落ちていた枯れ枝を使い\f801\埋蔵物を傷つけないように、上に積もった\f801\土を取り除いていく。\f801\\f802\やがて姿を現したのは一枚の盾だった！\f801\\ffff\</translate>
			</id>
			<id id="57"/>
			<id id="58"/>
			<id id="59">
				<origin>\f843\\0000\が感じた\f801\足の下の違和感のお陰で、\f801\君たちは立派な盾を手に入れた。\f801\\f802\これに気分を良くし、\f801\君たちは樹海の探索に戻ることにする。\f801\\ffff\</origin>
				<translate>\f843\\0000\が感じた\f801\足の下の違和感のお陰で、\f801\君たちは立派な盾を手に入れた。\f801\\f802\これに気分を良くし、\f801\君たちは樹海の探索に戻ることにする。\f801\\ffff\</translate>
			</id>
			<id id="60"/>
			<id id="61"/>
			<id id="62">
				<origin>床板だと思ったら\f801\\ffff\</origin>
				<translate>床板だと思ったら\f801\\ffff\</translate>
			</id>
			<id id="63"/>
			<id id="64"/>
			<id id="65">
				<origin>樹海を探索していた君たちは\f801\地面に違和感を感じて、その場を\f801\掘り、地中に埋まった立派な盾を\f801\手に入れることができた。\f801\\ffff\</origin>
				<translate>樹海を探索していた君たちは\f801\地面に違和感を感じて、その場を\f801\掘り、地中に埋まった立派な盾を\f801\手に入れることができた。\f801\\ffff\</translate>
			</id>
			<id id="66"/>
			<id id="67"/>
			<id id="68">
				<origin>今は探索を急ぐべきだ。\f801\君たちはこの場を立ち去ることにする。\f801\\ffff\</origin>
				<translate>今は探索を急ぐべきだ。\f801\君たちはこの場を立ち去ることにする。\f801\\ffff\</translate>
			</id>
			<id id="69"/>
			<id id="70"/>
			<id id="71"/>
			<id id="72"/>
			<id id="73"/>
			<id id="74"/>
			<id id="75"/>
			<id id="76"/>
			<id id="77"/>
			<id id="78"/>
			<id id="79"/>
			<id id="80"/>
			<id id="81"/>
			<id id="82"/>
			<id id="83"/>
			<id id="84"/>
			<id id="85"/>
			<id id="86"/>
			<id id="87"/>
			<id id="88"/>
			<id id="89"/>
			<id id="90"/>
			<id id="91"/>
			<id id="92"/>
			<id id="93"/>
			<id id="94"/>
			<id id="95"/>
			<id id="96"/>
			<id id="97"/>
			<id id="98"/>
			<id id="99"/>
			<id id="100">
				<origin>樹海を探索する君たちは開けた場所に出る。\f801\そこは周囲が見渡せ、危機が迫れば\f801\すぐに察知できる安全性の高い場所だ。\f801\\f802\君たちはそこに透き通った湧き水が、\f801\小さなくぼみに溜まっているのを見つける。\f801\\f802\君たちはその水を飲むことができる。\f801\\ffff\</origin>
				<translate>樹海を探索する君たちは開けた場所に出る。\f801\そこは周囲が見渡せ、危機が迫れば\f801\すぐに察知できる安全性の高い場所だ。\f801\\f802\君たちはそこに透き通った湧き水が、\f801\小さなくぼみに溜まっているのを見つける。\f801\\f802\君たちはその水を飲むことができる。\f801\\ffff\</translate>
			</id>
			<id id="101"/>
			<id id="102"/>
			<id id="103">
				<origin>君たちは透き通った湧き水の溜まる場所を\f801\再び訪れた。\f801\\f802\前回訪れたときと同じく、\f801\透き通った湧き水が小さなくぼみに\f801\溜まっているのを見つける。\f801\\f802\君たちはその水を飲むことができる。\f801\\ffff\</origin>
				<translate>君たちは透き通った湧き水の溜まる場所を\f801\再び訪れた。\f801\\f802\前回訪れたときと同じく、\f801\透き通った湧き水が小さなくぼみに\f801\溜まっているのを見つける。\f801\\f802\君たちはその水を飲むことができる。\f801\\ffff\</translate>
			</id>
			<id id="104"/>
			<id id="105"/>
			<id id="106">
				<origin>君たちは透き通った湧き水の溜まる場所に\f801\再び訪れた。\f801\\f802\しかし、くぼみを見ても湧き水はまだ\f801\溜まっていない。\f801\\f802\ここを利用するには\f801\日を改める必要がありそうだ。\f801\\ffff\</origin>
				<translate>君たちは透き通った湧き水の溜まる場所に\f801\再び訪れた。\f801\\f802\しかし、くぼみを見ても湧き水はまだ\f801\溜まっていない。\f801\\f802\ここを利用するには\f801\日を改める必要がありそうだ。\f801\\ffff\</translate>
			</id>
			<id id="107"/>
			<id id="108"/>
			<id id="109">
				<origin>\f804\\0500\どうしますか？\f804\\0000\\f801\飲む\f801\立ち去る\f801\\ffff\</origin>
				<translate>\f804\\0500\どうしますか？\f804\\0000\\f801\飲む\f801\立ち去る\f801\\ffff\</translate>
			</id>
			<id id="110"/>
			<id id="111"/>
			<id id="112">
				<origin>君たちはくぼみに溜まった湧き水を\f801\両手ですくい喉の奥へと流し込む。\f801\\f802\ほどよく冷えた透き通る水は\f801\君たちの喉を潤していく。\f801\同時に疲れも癒やしてくれるようだ。\f801\\ffff\</origin>
				<translate>君たちはくぼみに溜まった湧き水を\f801\両手ですくい喉の奥へと流し込む。\f801\\f802\ほどよく冷えた透き通る水は\f801\君たちの喉を潤していく。\f801\同時に疲れも癒やしてくれるようだ。\f801\\ffff\</translate>
			</id>
			<id id="113"/>
			<id id="114"/>
			<id id="115">
				<origin>湧き水の溜まる速度は遅いが、\f801\明日になればまた適量が\f801\溜まっていることだろう。\f801\\f802\君たちはこの場所の有用性を記憶し、\f801\樹海の探索に戻ることにする。\f801\\ffff\</origin>
				<translate>湧き水の溜まる速度は遅いが、\f801\明日になればまた適量が\f801\溜まっていることだろう。\f801\\f802\君たちはこの場所の有用性を記憶し、\f801\樹海の探索に戻ることにする。\f801\\ffff\</translate>
			</id>
			<id id="116"/>
			<id id="117"/>
			<id id="118">
				<origin>今は飲む必要はない。\f801\君たちはその場を立ち去ることにする。\f801\\ffff\</origin>
				<translate>今は飲む必要はない。\f801\君たちはその場を立ち去ることにする。\f801\\ffff\</translate>
			</id>
			<id id="119"/>
			<id id="120"/>
			<id id="121"/>
			<id id="122"/>
			<id id="123"/>
			<id id="124"/>
			<id id="125"/>
			<id id="126"/>
			<id id="127"/>
			<id id="128"/>
			<id id="129"/>
			<id id="130"/>
			<id id="131"/>
			<id id="132"/>
			<id id="133"/>
			<id id="134"/>
			<id id="135"/>
			<id id="136"/>
			<id id="137"/>
			<id id="138"/>
			<id id="139"/>
			<id id="140"/>
			<id id="141"/>
			<id id="142"/>
			<id id="143"/>
			<id id="144"/>
			<id id="145"/>
			<id id="146"/>
			<id id="147"/>
			<id id="148"/>
			<id id="149"/>
			<id id="150">
				<origin>樹海を探索する君たちは、\f801\この場所に何者かの気配を感じ足を止める。\f801\\f802\茂みの中に気配を感じるが、\f801\敵意がある気配ではない。\f801\\f802\君たちはこの場所を覚えておき、\f801\今は探索に戻ることにする。\f801\\ffff\</origin>
				<translate>樹海を探索する君たちは、\f801\この場所に何者かの気配を感じ足を止める。\f801\\f802\茂みの中に気配を感じるが、\f801\敵意がある気配ではない。\f801\\f802\君たちはこの場所を覚えておき、\f801\今は探索に戻ることにする。\f801\\ffff\</translate>
			</id>
			<id id="151"/>
			<id id="152"/>
			<id id="153">
				<origin>樹海を探索する君たちは、\f801\この場所に何者かの気配を感じ足を止める。\f801\\f802\周囲を探すと、一人の冒険者が、\f801\茂みの中で身を潜めているのが見える。\f801\あれが依頼の先輩冒険者だろうか？\f801\\f802\君たちが声をかけると、その冒険者は\f801\君たちのもとにやってくる。\f801\\ffff\</origin>
				<translate>樹海を探索する君たちは、\f801\この場所に何者かの気配を感じ足を止める。\f801\\f802\周囲を探すと、一人の冒険者が、\f801\茂みの中で身を潜めているのが見える。\f801\あれが依頼の先輩冒険者だろうか？\f801\\f802\君たちが声をかけると、その冒険者は\f801\君たちのもとにやってくる。\f801\\ffff\</translate>
			</id>
			<id id="154"/>
			<id id="155"/>
			<id id="156">
				<origin>\f812\先輩冒険者\0000\「なんだ、君たちは？\f801\オレは遅れている仲間を待っているんだ」\f801\\ffff\</origin>
				<translate>\f812\先輩冒険者\0000\「なんだ、君たちは？\f801\オレは遅れている仲間を待っているんだ」\f801\\ffff\</translate>
			</id>
			<id id="157"/>
			<id id="158"/>
			<id id="159">
				<origin>君たちは、依頼人に渡された手紙を\f801\その冒険者に渡す。\f801\\ffff\</origin>
				<translate>君たちは、依頼人に渡された手紙を\f801\その冒険者に渡す。\f801\\ffff\</translate>
			</id>
			<id id="160"/>
			<id id="161"/>
			<id id="162">
				<origin>\f812\先輩冒険者\0000\「これは……。\f801\なるほど、彼女は先に戻ったのか」\f801\\f802\「わざわざ届けてくれてありがとう。\f801\オレも彼女が追ってくるのか来ないのか、\f801\わからずにここで待っていたんだ」\f801\\f802\「来ないとわかれば、安心して戻れる。\f801\手紙をありがとう」\f801\\ffff\</origin>
				<translate>\f812\先輩冒険者\0000\「これは……。\f801\なるほど、彼女は先に戻ったのか」\f801\\f802\「わざわざ届けてくれてありがとう。\f801\オレも彼女が追ってくるのか来ないのか、\f801\わからずにここで待っていたんだ」\f801\\f802\「来ないとわかれば、安心して戻れる。\f801\手紙をありがとう」\f801\\ffff\</translate>
			</id>
			<id id="163"/>
			<id id="164"/>
			<id id="165">
				<origin>その冒険者は君たちに礼を言うと、\f801\懐から取り出したアリアドネの糸で\f801\帰っていった。\f801\\f802\彼が依頼人のもとに帰ったか\f801\ちゃんと確認するべきだろう。\f801\戻ったら、依頼人と話したほうがいい。\f801\\ffff\</origin>
				<translate>その冒険者は君たちに礼を言うと、\f801\懐から取り出したアリアドネの糸で\f801\帰っていった。\f801\\f802\彼が依頼人のもとに帰ったか\f801\ちゃんと確認するべきだろう。\f801\戻ったら、依頼人と話したほうがいい。\f801\\ffff\</translate>
			</id>
		</body>
	</mbm>
