<?xml version="1.0" encoding="UTF-8"?>
	<mbm>
		<head>000000004d53473200000100</head>
		<size>0a340000</size>
		<number>d2070000</number>
		<j>200000000000000000000000</j>
		<body>
			<id id="0">
				<origin>君たちは迷宮の行き止まりで一つの\f801\木箱を発見して立ち止まる。\f801\\f802\木箱の上面にはかすれた文字で\f801\こう書かれている。\f801\\f802\『持つ者は冒険に役立つ品を\f801\入れるべし。持たざる者は\f801\感謝してそれを持ち帰るべし』\f801\\ffff\</origin>
				<translate>君たちは迷宮の行き止まりで一つの\f801\木箱を発見して立ち止まる。\f801\\f802\木箱の上面にはかすれた文字で\f801\こう書かれている。\f801\\f802\『持つ者は冒険に役立つ品を\f801\入れるべし。持たざる者は\f801\感謝してそれを持ち帰るべし』\f801\\ffff\</translate>
			</id>
			<id id="1">
				<origin>\f859\\0a00\\f81b\\565f\\4348\\4152\\5f31\\3931\\2f42\\4154\\544c\\452f\\4c56\\5f55\\502f\\6f6c\\695f\\3137\\3200\\0000\「これは冒険者助け合い箱だな！\f801\困ったときはお互い様、\f801\それを体現した箱だ！」\f801\\ffff\</origin>
				<translate>\f859\\0a00\\f81b\\565f\\4348\\4152\\5f31\\3931\\2f42\\4154\\544c\\452f\\4c56\\5f55\\502f\\6f6c\\695f\\3137\\3200\\0000\「これは冒険者助け合い箱だな！\f801\困ったときはお互い様、\f801\それを体現した箱だ！」\f801\\ffff\</translate>
			</id>
			<id id="2">
				<origin>\f859\\0b00\\f81b\\565f\\4348\\4152\\5f31\\3839\\2f45\\5645\\4e54\\2f6d\\6172\\5f32\\3130\\0000\「荷物に限りがあるからね。\f801\捨てるより、誰かの役に立たせたほうが\f801\良いってことさ」\f801\\ffff\</origin>
				<translate>\f859\\0b00\\f81b\\565f\\4348\\4152\\5f31\\3839\\2f45\\5645\\4e54\\2f6d\\6172\\5f32\\3130\\0000\「荷物に限りがあるからね。\f801\捨てるより、誰かの役に立たせたほうが\f801\良いってことさ」\f801\\ffff\</translate>
			</id>
			<id id="3">
				<origin>…見たところ箱には何も入っていない。\f801\君たちはアイテムを入れてもいいし、\f801\放っておいてもいい。\f801\\ffff\</origin>
				<translate>…見たところ箱には何も入っていない。\f801\君たちはアイテムを入れてもいいし、\f801\放っておいてもいい。\f801\\ffff\</translate>
			</id>
			<id id="4"/>
			<id id="5">
				<origin>\f804\\0500\何か入れますか？\f804\\0000\\f801\\f841\\3705\\f801\\f841\\4b05\\f801\近くの落ち葉\f801\何も入れない\f801\\ffff\</origin>
				<translate>\f804\\0500\何か入れますか？\f804\\0000\\f801\\f841\\3705\\f801\\f841\\4b05\\f801\近くの落ち葉\f801\何も入れない\f801\\ffff\</translate>
			</id>
			<id id="6"/>
			<id id="7"/>
			<id id="8"/>
			<id id="9"/>
			<id id="10">
				<origin>君たちは冒険の必需品である\f801\\f804\\0500\\f810\\0000\\f804\\0000\を背嚢から取り出し\f801\木箱に入れる。\f801\\ffff\</origin>
				<translate>君たちは冒険の必需品である\f801\\f804\\0500\\f810\\0000\\f804\\0000\を背嚢から取り出し\f801\木箱に入れる。\f801\\ffff\</translate>
			</id>
			<id id="11">
				<origin>\f804\\0600\\f810\\0000\\f804\\0000\を手放した\f801\\ffff\</origin>
				<translate>\f804\\0600\\f810\\0000\\f804\\0000\を手放した\f801\\ffff\</translate>
			</id>
			<id id="12"/>
			<id id="13">
				<origin>君たちは背嚢を調べてみたが\f801\\f804\\0500\\f810\\0000\\f804\\0000\は持ち合わせていない\f801\ことに気づいた。\f801\\f802\別のアイテムを箱に入れてみたければ\f801\改めて箱を調べたまえ。\f801\\ffff\</origin>
				<translate>君たちは背嚢を調べてみたが\f801\\f804\\0500\\f810\\0000\\f804\\0000\は持ち合わせていない\f801\ことに気づいた。\f801\\f802\別のアイテムを箱に入れてみたければ\f801\改めて箱を調べたまえ。\f801\\ffff\</translate>
			</id>
			<id id="14"/>
			<id id="15"/>
			<id id="16">
				<origin>君たちは周囲の落ち葉を手分けして\f801\かき集め、木箱の中に押し込んでいく。\f801\\f802\やがて木箱が落ち葉で一杯に\f801\なったことを確認すると\f801\君たちは探索に戻ることにする。\f801\\ffff\</origin>
				<translate>君たちは周囲の落ち葉を手分けして\f801\かき集め、木箱の中に押し込んでいく。\f801\\f802\やがて木箱が落ち葉で一杯に\f801\なったことを確認すると\f801\君たちは探索に戻ることにする。\f801\\ffff\</translate>
			</id>
			<id id="17"/>
			<id id="18">
				<origin>君たちは木箱には何も入れないことにして\f801\探索へと戻っていく。\f801\\ffff\</origin>
				<translate>君たちは木箱には何も入れないことにして\f801\探索へと戻っていく。\f801\\ffff\</translate>
			</id>
			<id id="19"/>
			<id id="20">
				<origin>君たちは見覚えのある木箱の\f801\中身を確認する。\f801\\f802\…想像通り、木箱は君たちが入れた\f801\\f804\\0500\\f810\\0000\\f804\\0000\が入っている。\f801\\ffff\</origin>
				<translate>君たちは見覚えのある木箱の\f801\中身を確認する。\f801\\f802\…想像通り、木箱は君たちが入れた\f801\\f804\\0500\\f810\\0000\\f804\\0000\が入っている。\f801\\ffff\</translate>
			</id>
			<id id="21"/>
			<id id="22">
				<origin>君たちは見覚えのある木箱の\f801\中身を確認する。\f801\\f802\…想像通り、木箱は君たちが入れた\f801\落ち葉で一杯だ。\f801\\ffff\</origin>
				<translate>君たちは見覚えのある木箱の\f801\中身を確認する。\f801\\f802\…想像通り、木箱は君たちが入れた\f801\落ち葉で一杯だ。\f801\\ffff\</translate>
			</id>
			<id id="23"/>
			<id id="24"/>
			<id id="25">
				<origin>\f804\\0500\中身を取り出しますか？\f804\\0000\\f801\取り出す\f801\そのままにしておく\f801\\ffff\</origin>
				<translate>\f804\\0500\中身を取り出しますか？\f804\\0000\\f801\取り出す\f801\そのままにしておく\f801\\ffff\</translate>
			</id>
			<id id="26"/>
			<id id="27"/>
			<id id="28"/>
			<id id="29"/>
			<id id="30">
				<origin>君たちは\f804\\0500\\f810\\0000\\f804\\0000\を木箱から\f801\取り出し、背嚢に戻す。\f801\\ffff\</origin>
				<translate>君たちは\f804\\0500\\f810\\0000\\f804\\0000\を木箱から\f801\取り出し、背嚢に戻す。\f801\\ffff\</translate>
			</id>
			<id id="31"/>
			<id id="32">
				<origin>期待を込めてこの箱を開けた冒険者が\f801\この大量の落ち葉を見た時のことを\f801\君たちは想像する…。\f801\\f802\…それは気持ちのいいことではなさそうだ。\f801\反省しながら、君たちは\f801\落ち葉を取り除くことにする。\f801\\ffff\</origin>
				<translate>期待を込めてこの箱を開けた冒険者が\f801\この大量の落ち葉を見た時のことを\f801\君たちは想像する…。\f801\\f802\…それは気持ちのいいことではなさそうだ。\f801\反省しながら、君たちは\f801\落ち葉を取り除くことにする。\f801\\ffff\</translate>
			</id>
			<id id="33"/>
			<id id="34"/>
			<id id="35">
				<origin>君たちは木箱の中身はそのままにして\f801\探索へ戻ることにする。\f801\\ffff\</origin>
				<translate>君たちは木箱の中身はそのままにして\f801\探索へ戻ることにする。\f801\\ffff\</translate>
			</id>
			<id id="36"/>
			<id id="37"/>
			<id id="38"/>
			<id id="39"/>
			<id id="40">
				<origin>君たちの目の前に、見覚えのある\f801\木箱が置かれており、中には一枚の\f801\羊皮紙と何か小物が入っている…。\f801\\f802\羊皮紙にはこう書かれている…。\f801\\f802\『ここで\f804\\0500\\f810\\0000\\f804\\0000\とはありがたい！\f801\礼にこの品を入れておく。\f801\どうか持って行ってくれ！』\f801\\ffff\</origin>
				<translate>君たちの目の前に、見覚えのある\f801\木箱が置かれており、中には一枚の\f801\羊皮紙と何か小物が入っている…。\f801\\f802\羊皮紙にはこう書かれている…。\f801\\f802\『ここで\f804\\0500\\f810\\0000\\f804\\0000\とはありがたい！\f801\礼にこの品を入れておく。\f801\どうか持って行ってくれ！』\f801\\ffff\</translate>
			</id>
			<id id="41"/>
			<id id="42">
				<origin>君たちの目の前に、見覚えのある\f801\木箱が置かれており、中には一枚の\f801\羊皮紙が入っている…。\f801\\f802\羊皮紙にはこう書かれている…。\f801\\f802\『名も知らぬ冒険者へ\f801\あなたが置いていってくれた\f801\\f804\\0500\\f810\\0000\\f804\\0000\のおかげで助かりました』\f801\\f802\『あなたの優しさに感謝を\f801\旅の成功をお祈りいたします』\f801\\ffff\</origin>
				<translate>君たちの目の前に、見覚えのある\f801\木箱が置かれており、中には一枚の\f801\羊皮紙が入っている…。\f801\\f802\羊皮紙にはこう書かれている…。\f801\\f802\『名も知らぬ冒険者へ\f801\あなたが置いていってくれた\f801\\f804\\0500\\f810\\0000\\f804\\0000\のおかげで助かりました』\f801\\f802\『あなたの優しさに感謝を\f801\旅の成功をお祈りいたします』\f801\\ffff\</translate>
			</id>
			<id id="43"/>
			<id id="44"/>
			<id id="45">
				<origin>君たちの目の前に見覚えのある木箱が\f801\置かれている。箱の側面には強い筆跡で\f801\こう書き加えられていた。\f801\\f802\『イタズラ厳禁！』\f801\\ffff\</origin>
				<translate>君たちの目の前に見覚えのある木箱が\f801\置かれている。箱の側面には強い筆跡で\f801\こう書き加えられていた。\f801\\f802\『イタズラ厳禁！』\f801\\ffff\</translate>
			</id>
			<id id="46"/>
			<id id="47"/>
			<id id="48"/>
			<id id="49"/>
			<id id="50">
				<origin>樹海の探索を行っていると、\f801\少し違和感のある場所に行き当たり、\f801\君たちは足を止める。\f801\\f802\そこには、ここまでに至る道にはなかった\f801\背の高い草が生い茂っていたのだ。\f801\\f802\ただの草であることに変わりないが、\f801\君たちはその草が気になるのなら\f801\調べてみても構わない。\f801\\ffff\</origin>
				<translate>樹海の探索を行っていると、\f801\少し違和感のある場所に行き当たり、\f801\君たちは足を止める。\f801\\f802\そこには、ここまでに至る道にはなかった\f801\背の高い草が生い茂っていたのだ。\f801\\f802\ただの草であることに変わりないが、\f801\君たちはその草が気になるのなら\f801\調べてみても構わない。\f801\\ffff\</translate>
			</id>
			<id id="51">
				<origin>\f804\\0500\どうしますか？\f804\\0000\\f801\草を調べてみる\f801\その場を離れる\f801\\ffff\</origin>
				<translate>\f804\\0500\どうしますか？\f804\\0000\\f801\草を調べてみる\f801\その場を離れる\f801\\ffff\</translate>
			</id>
			<id id="52">
				<origin>君たちはその草のことが気になったため\f801\少しばかり調査を行うことにした。\f801\\ffff\</origin>
				<translate>君たちはその草のことが気になったため\f801\少しばかり調査を行うことにした。\f801\\ffff\</translate>
			</id>
			<id id="53">
				<origin>\f859\\0b00\「へぇ、そういう物に興味を示すのか。\f801\新人さんの行動は面白いね」\f801\\ffff\</origin>
				<translate>\f859\\0b00\「へぇ、そういう物に興味を示すのか。\f801\新人さんの行動は面白いね」\f801\\ffff\</translate>
			</id>
			<id id="54">
				<origin>君たちが草に近寄り屈んでみると、\f801\その裏側に何かがあることに気づく。\f801\\f802\草に手をかけてめくってみると、\f801\その裏側には\f804\\0500\細長い卵\f804\\0000\のようなものが\f801\貼りついていることがわかる。\f801\\ffff\</origin>
				<translate>君たちが草に近寄り屈んでみると、\f801\その裏側に何かがあることに気づく。\f801\\f802\草に手をかけてめくってみると、\f801\その裏側には\f804\\0500\細長い卵\f804\\0000\のようなものが\f801\貼りついていることがわかる。\f801\\ffff\</translate>
			</id>
			<id id="55">
				<origin>だが、今の君たちにとってその情報以上の\f801\意味はない。そのことを覚えておくに留めて\f801\探索へと戻ることにする。\f801\\ffff\</origin>
				<translate>だが、今の君たちにとってその情報以上の\f801\意味はない。そのことを覚えておくに留めて\f801\探索へと戻ることにする。\f801\\ffff\</translate>
			</id>
			<id id="56">
				<origin>そしてそんな折、頭上から何かが現れ、\f801\君たちが身構えるより先に\f801\襲いかかってきた！\f801\\ffff\</origin>
				<translate>そしてそんな折、頭上から何かが現れ、\f801\君たちが身構えるより先に\f801\襲いかかってきた！\f801\\ffff\</translate>
			</id>
			<id id="57">
				<origin>その草に興味を引かれなかった君たちは\f801\踵を返し、探索へと戻ることにする。\f801\\ffff\</origin>
				<translate>その草に興味を引かれなかった君たちは\f801\踵を返し、探索へと戻ることにする。\f801\\ffff\</translate>
			</id>
			<id id="58"/>
			<id id="59"/>
			<id id="60">
				<origin>不意を突かれはしたが、君たちは\f801\シンリンチョウの群れを撃退することに\f801\成功する。\f801\\f802\どうやら草の裏にあったのは\f801\\f804\\0500\シンリンチョウの卵\f804\\0000\だったようだ。\f801\\f802\そのシンリンチョウの卵という存在に\f801\君たちは思い出すことがあった。\f801\\f802\そう、痛み止めの塗り薬を作る材料になる\f801\薬草を探すという依頼のことだ。\f801\\f802\君たちの目の前にある草が塗り薬の\f801\材料となる薬草なのは間違いない。\f801\\f802\君たちは卵のついていない草をいくらか\f801\刈り取り、荷物に加えることにする。\f801\\ffff\</origin>
				<translate>不意を突かれはしたが、君たちは\f801\シンリンチョウの群れを撃退することに\f801\成功する。\f801\\f802\どうやら草の裏にあったのは\f801\\f804\\0500\シンリンチョウの卵\f804\\0000\だったようだ。\f801\\f802\そのシンリンチョウの卵という存在に\f801\君たちは思い出すことがあった。\f801\\f802\そう、痛み止めの塗り薬を作る材料になる\f801\薬草を探すという依頼のことだ。\f801\\f802\君たちの目の前にある草が塗り薬の\f801\材料となる薬草なのは間違いない。\f801\\f802\君たちは卵のついていない草をいくらか\f801\刈り取り、荷物に加えることにする。\f801\\ffff\</translate>
			</id>
			<id id="61">
				<origin>これで依頼は達成だ。\f801\あとは時間を見つけて手に入れた薬草を\f801\酒場に納品すればいいだろう。\f801\\ffff\</origin>
				<translate>これで依頼は達成だ。\f801\あとは時間を見つけて手に入れた薬草を\f801\酒場に納品すればいいだろう。\f801\\ffff\</translate>
			</id>
			<id id="62"/>
			<id id="63"/>
			<id id="64"/>
			<id id="65"/>
			<id id="66"/>
			<id id="67"/>
			<id id="68"/>
			<id id="69"/>
			<id id="70"/>
			<id id="71"/>
			<id id="72"/>
			<id id="73"/>
			<id id="74"/>
			<id id="75"/>
			<id id="76"/>
			<id id="77"/>
			<id id="78"/>
			<id id="79"/>
			<id id="80"/>
			<id id="81"/>
			<id id="82"/>
			<id id="83"/>
			<id id="84"/>
			<id id="85"/>
			<id id="86"/>
			<id id="87"/>
			<id id="88"/>
			<id id="89"/>
			<id id="90"/>
			<id id="91"/>
			<id id="92"/>
			<id id="93"/>
			<id id="94"/>
			<id id="95"/>
			<id id="96"/>
			<id id="97"/>
			<id id="98"/>
			<id id="99"/>
			<id id="100"/>
			<id id="101"/>
			<id id="102"/>
			<id id="103"/>
			<id id="104"/>
			<id id="105"/>
			<id id="106"/>
			<id id="107"/>
			<id id="108"/>
			<id id="109"/>
			<id id="110"/>
			<id id="111"/>
			<id id="112"/>
			<id id="113"/>
			<id id="114"/>
			<id id="115"/>
			<id id="116"/>
			<id id="117"/>
			<id id="118"/>
			<id id="119"/>
			<id id="120"/>
			<id id="121"/>
			<id id="122"/>
			<id id="123"/>
			<id id="124"/>
			<id id="125"/>
			<id id="126"/>
			<id id="127"/>
			<id id="128"/>
			<id id="129"/>
			<id id="130"/>
			<id id="131"/>
			<id id="132"/>
			<id id="133"/>
			<id id="134"/>
			<id id="135"/>
			<id id="136"/>
			<id id="137"/>
			<id id="138"/>
			<id id="139"/>
			<id id="140"/>
			<id id="141"/>
			<id id="142"/>
			<id id="143"/>
			<id id="144"/>
			<id id="145"/>
			<id id="146"/>
			<id id="147"/>
			<id id="148"/>
			<id id="149"/>
			<id id="150"/>
			<id id="151"/>
			<id id="152"/>
			<id id="153"/>
			<id id="154"/>
			<id id="155"/>
			<id id="156"/>
			<id id="157"/>
			<id id="158"/>
			<id id="159"/>
			<id id="160"/>
			<id id="161"/>
			<id id="162"/>
			<id id="163"/>
			<id id="164"/>
			<id id="165"/>
			<id id="166"/>
			<id id="167"/>
			<id id="168"/>
			<id id="169"/>
			<id id="170"/>
			<id id="171"/>
			<id id="172"/>
			<id id="173"/>
			<id id="174"/>
			<id id="175"/>
			<id id="176"/>
			<id id="177"/>
			<id id="178"/>
			<id id="179"/>
			<id id="180"/>
			<id id="181"/>
			<id id="182"/>
			<id id="183"/>
			<id id="184"/>
			<id id="185"/>
			<id id="186"/>
			<id id="187"/>
			<id id="188"/>
			<id id="189"/>
			<id id="190"/>
			<id id="191"/>
			<id id="192"/>
			<id id="193"/>
			<id id="194"/>
			<id id="195"/>
			<id id="196"/>
			<id id="197"/>
			<id id="198"/>
			<id id="199"/>
			<id id="200"/>
			<id id="201"/>
			<id id="202"/>
			<id id="203"/>
			<id id="204"/>
			<id id="205"/>
			<id id="206"/>
			<id id="207"/>
			<id id="208"/>
			<id id="209"/>
			<id id="210"/>
			<id id="211"/>
			<id id="212"/>
			<id id="213"/>
			<id id="214"/>
			<id id="215"/>
			<id id="216"/>
			<id id="217"/>
			<id id="218"/>
			<id id="219"/>
			<id id="220"/>
			<id id="221"/>
			<id id="222"/>
			<id id="223"/>
			<id id="224"/>
			<id id="225"/>
			<id id="226"/>
			<id id="227"/>
			<id id="228"/>
			<id id="229"/>
			<id id="230"/>
			<id id="231"/>
			<id id="232"/>
			<id id="233"/>
			<id id="234"/>
			<id id="235"/>
			<id id="236"/>
			<id id="237"/>
			<id id="238"/>
			<id id="239"/>
			<id id="240"/>
			<id id="241"/>
			<id id="242"/>
			<id id="243"/>
			<id id="244"/>
			<id id="245"/>
			<id id="246"/>
			<id id="247"/>
			<id id="248"/>
			<id id="249"/>
			<id id="250"/>
			<id id="251"/>
			<id id="252"/>
			<id id="253"/>
			<id id="254"/>
			<id id="255"/>
			<id id="256"/>
			<id id="257"/>
			<id id="258"/>
			<id id="259"/>
			<id id="260"/>
			<id id="261"/>
			<id id="262"/>
			<id id="263"/>
			<id id="264"/>
			<id id="265"/>
			<id id="266"/>
			<id id="267"/>
			<id id="268"/>
			<id id="269"/>
			<id id="270"/>
			<id id="271"/>
			<id id="272"/>
			<id id="273"/>
			<id id="274"/>
			<id id="275"/>
			<id id="276"/>
			<id id="277"/>
			<id id="278"/>
			<id id="279"/>
			<id id="280"/>
			<id id="281"/>
			<id id="282"/>
			<id id="283"/>
			<id id="284"/>
			<id id="285"/>
			<id id="286"/>
			<id id="287"/>
			<id id="288"/>
			<id id="289"/>
			<id id="290"/>
			<id id="291"/>
			<id id="292"/>
			<id id="293"/>
			<id id="294"/>
			<id id="295"/>
			<id id="296"/>
			<id id="297"/>
			<id id="298"/>
			<id id="299"/>
			<id id="300"/>
			<id id="301"/>
			<id id="302"/>
			<id id="303"/>
			<id id="304"/>
			<id id="305"/>
			<id id="306"/>
			<id id="307"/>
			<id id="308"/>
			<id id="309"/>
			<id id="310"/>
			<id id="311"/>
			<id id="312"/>
			<id id="313"/>
			<id id="314"/>
			<id id="315"/>
			<id id="316"/>
			<id id="317"/>
			<id id="318"/>
			<id id="319"/>
			<id id="320"/>
			<id id="321"/>
			<id id="322"/>
			<id id="323"/>
			<id id="324"/>
			<id id="325"/>
			<id id="326"/>
			<id id="327"/>
			<id id="328"/>
			<id id="329"/>
			<id id="330"/>
			<id id="331"/>
			<id id="332"/>
			<id id="333"/>
			<id id="334"/>
			<id id="335"/>
			<id id="336"/>
			<id id="337"/>
			<id id="338"/>
			<id id="339"/>
			<id id="340"/>
			<id id="341"/>
			<id id="342"/>
			<id id="343"/>
			<id id="344"/>
			<id id="345"/>
			<id id="346"/>
			<id id="347"/>
			<id id="348"/>
			<id id="349"/>
			<id id="350"/>
			<id id="351"/>
			<id id="352"/>
			<id id="353"/>
			<id id="354"/>
			<id id="355"/>
			<id id="356"/>
			<id id="357"/>
			<id id="358"/>
			<id id="359"/>
			<id id="360"/>
			<id id="361"/>
			<id id="362"/>
			<id id="363"/>
			<id id="364"/>
			<id id="365"/>
			<id id="366"/>
			<id id="367"/>
			<id id="368"/>
			<id id="369"/>
			<id id="370"/>
			<id id="371"/>
			<id id="372"/>
			<id id="373"/>
			<id id="374"/>
			<id id="375"/>
			<id id="376"/>
			<id id="377"/>
			<id id="378"/>
			<id id="379"/>
			<id id="380"/>
			<id id="381"/>
			<id id="382"/>
			<id id="383"/>
			<id id="384"/>
			<id id="385"/>
			<id id="386"/>
			<id id="387"/>
			<id id="388"/>
			<id id="389"/>
			<id id="390"/>
			<id id="391"/>
			<id id="392"/>
			<id id="393"/>
			<id id="394"/>
			<id id="395"/>
			<id id="396"/>
			<id id="397"/>
			<id id="398"/>
			<id id="399"/>
			<id id="400"/>
			<id id="401"/>
			<id id="402"/>
			<id id="403"/>
			<id id="404"/>
			<id id="405"/>
			<id id="406"/>
			<id id="407"/>
			<id id="408"/>
			<id id="409"/>
			<id id="410"/>
			<id id="411"/>
			<id id="412"/>
			<id id="413"/>
			<id id="414"/>
			<id id="415"/>
			<id id="416"/>
			<id id="417"/>
			<id id="418"/>
			<id id="419"/>
			<id id="420"/>
			<id id="421"/>
			<id id="422"/>
			<id id="423"/>
			<id id="424"/>
			<id id="425"/>
			<id id="426"/>
			<id id="427"/>
			<id id="428"/>
			<id id="429"/>
			<id id="430"/>
			<id id="431"/>
			<id id="432"/>
			<id id="433"/>
			<id id="434"/>
			<id id="435"/>
			<id id="436"/>
			<id id="437"/>
			<id id="438"/>
			<id id="439"/>
			<id id="440"/>
			<id id="441"/>
			<id id="442"/>
			<id id="443"/>
			<id id="444"/>
			<id id="445"/>
			<id id="446"/>
			<id id="447"/>
			<id id="448"/>
			<id id="449"/>
			<id id="450"/>
			<id id="451"/>
			<id id="452"/>
			<id id="453"/>
			<id id="454"/>
			<id id="455"/>
			<id id="456"/>
			<id id="457"/>
			<id id="458"/>
			<id id="459"/>
			<id id="460"/>
			<id id="461"/>
			<id id="462"/>
			<id id="463"/>
			<id id="464"/>
			<id id="465"/>
			<id id="466"/>
			<id id="467"/>
			<id id="468"/>
			<id id="469"/>
			<id id="470"/>
			<id id="471"/>
			<id id="472"/>
			<id id="473"/>
			<id id="474"/>
			<id id="475"/>
			<id id="476"/>
			<id id="477"/>
			<id id="478"/>
			<id id="479"/>
			<id id="480"/>
			<id id="481"/>
			<id id="482"/>
			<id id="483"/>
			<id id="484"/>
			<id id="485"/>
			<id id="486"/>
			<id id="487"/>
			<id id="488"/>
			<id id="489"/>
			<id id="490"/>
			<id id="491"/>
			<id id="492"/>
			<id id="493"/>
			<id id="494"/>
			<id id="495"/>
			<id id="496"/>
			<id id="497"/>
			<id id="498"/>
			<id id="499"/>
			<id id="500"/>
			<id id="501"/>
			<id id="502"/>
			<id id="503"/>
			<id id="504"/>
			<id id="505"/>
			<id id="506"/>
			<id id="507"/>
			<id id="508"/>
			<id id="509"/>
			<id id="510"/>
			<id id="511"/>
			<id id="512"/>
			<id id="513"/>
			<id id="514"/>
			<id id="515"/>
			<id id="516"/>
			<id id="517"/>
			<id id="518"/>
			<id id="519"/>
			<id id="520"/>
			<id id="521"/>
			<id id="522"/>
			<id id="523"/>
			<id id="524"/>
			<id id="525"/>
			<id id="526"/>
			<id id="527"/>
			<id id="528"/>
			<id id="529"/>
			<id id="530"/>
			<id id="531"/>
			<id id="532"/>
			<id id="533"/>
			<id id="534"/>
			<id id="535"/>
			<id id="536"/>
			<id id="537"/>
			<id id="538"/>
			<id id="539"/>
			<id id="540"/>
			<id id="541"/>
			<id id="542"/>
			<id id="543"/>
			<id id="544"/>
			<id id="545"/>
			<id id="546"/>
			<id id="547"/>
			<id id="548"/>
			<id id="549"/>
			<id id="550"/>
			<id id="551"/>
			<id id="552"/>
			<id id="553"/>
			<id id="554"/>
			<id id="555"/>
			<id id="556"/>
			<id id="557"/>
			<id id="558"/>
			<id id="559"/>
			<id id="560"/>
			<id id="561"/>
			<id id="562"/>
			<id id="563"/>
			<id id="564"/>
			<id id="565"/>
			<id id="566"/>
			<id id="567"/>
			<id id="568"/>
			<id id="569"/>
			<id id="570"/>
			<id id="571"/>
			<id id="572"/>
			<id id="573"/>
			<id id="574"/>
			<id id="575"/>
			<id id="576"/>
			<id id="577"/>
			<id id="578"/>
			<id id="579"/>
			<id id="580"/>
			<id id="581"/>
			<id id="582"/>
			<id id="583"/>
			<id id="584"/>
			<id id="585"/>
			<id id="586"/>
			<id id="587"/>
			<id id="588"/>
			<id id="589"/>
			<id id="590"/>
			<id id="591"/>
			<id id="592"/>
			<id id="593"/>
			<id id="594"/>
			<id id="595"/>
			<id id="596"/>
			<id id="597"/>
			<id id="598"/>
			<id id="599"/>
			<id id="600"/>
			<id id="601"/>
			<id id="602"/>
			<id id="603"/>
			<id id="604"/>
			<id id="605"/>
			<id id="606"/>
			<id id="607"/>
			<id id="608"/>
			<id id="609"/>
			<id id="610"/>
			<id id="611"/>
			<id id="612"/>
			<id id="613"/>
			<id id="614"/>
			<id id="615"/>
			<id id="616"/>
			<id id="617"/>
			<id id="618"/>
			<id id="619"/>
			<id id="620"/>
			<id id="621"/>
			<id id="622"/>
			<id id="623"/>
			<id id="624"/>
			<id id="625"/>
			<id id="626"/>
			<id id="627"/>
			<id id="628"/>
			<id id="629"/>
			<id id="630"/>
			<id id="631"/>
			<id id="632"/>
			<id id="633"/>
			<id id="634"/>
			<id id="635"/>
			<id id="636"/>
			<id id="637"/>
			<id id="638"/>
			<id id="639"/>
			<id id="640"/>
			<id id="641"/>
			<id id="642"/>
			<id id="643"/>
			<id id="644"/>
			<id id="645"/>
			<id id="646"/>
			<id id="647"/>
			<id id="648"/>
			<id id="649"/>
			<id id="650"/>
			<id id="651"/>
			<id id="652"/>
			<id id="653"/>
			<id id="654"/>
			<id id="655"/>
			<id id="656"/>
			<id id="657"/>
			<id id="658"/>
			<id id="659"/>
			<id id="660"/>
			<id id="661"/>
			<id id="662"/>
			<id id="663"/>
			<id id="664"/>
			<id id="665"/>
			<id id="666"/>
			<id id="667"/>
			<id id="668"/>
			<id id="669"/>
			<id id="670"/>
			<id id="671"/>
			<id id="672"/>
			<id id="673"/>
			<id id="674"/>
			<id id="675"/>
			<id id="676"/>
			<id id="677"/>
			<id id="678"/>
			<id id="679"/>
			<id id="680"/>
			<id id="681"/>
			<id id="682"/>
			<id id="683"/>
			<id id="684"/>
			<id id="685"/>
			<id id="686"/>
			<id id="687"/>
			<id id="688"/>
			<id id="689"/>
			<id id="690"/>
			<id id="691"/>
			<id id="692"/>
			<id id="693"/>
			<id id="694"/>
			<id id="695"/>
			<id id="696"/>
			<id id="697"/>
			<id id="698"/>
			<id id="699"/>
			<id id="700"/>
			<id id="701"/>
			<id id="702"/>
			<id id="703"/>
			<id id="704"/>
			<id id="705"/>
			<id id="706"/>
			<id id="707"/>
			<id id="708"/>
			<id id="709"/>
			<id id="710"/>
			<id id="711"/>
			<id id="712"/>
			<id id="713"/>
			<id id="714"/>
			<id id="715"/>
			<id id="716"/>
			<id id="717"/>
			<id id="718"/>
			<id id="719"/>
			<id id="720"/>
			<id id="721"/>
			<id id="722"/>
			<id id="723"/>
			<id id="724"/>
			<id id="725"/>
			<id id="726"/>
			<id id="727"/>
			<id id="728"/>
			<id id="729"/>
			<id id="730"/>
			<id id="731"/>
			<id id="732"/>
			<id id="733"/>
			<id id="734"/>
			<id id="735"/>
			<id id="736"/>
			<id id="737"/>
			<id id="738"/>
			<id id="739"/>
			<id id="740"/>
			<id id="741"/>
			<id id="742"/>
			<id id="743"/>
			<id id="744"/>
			<id id="745"/>
			<id id="746"/>
			<id id="747"/>
			<id id="748"/>
			<id id="749"/>
			<id id="750"/>
			<id id="751"/>
			<id id="752"/>
			<id id="753"/>
			<id id="754"/>
			<id id="755"/>
			<id id="756"/>
			<id id="757"/>
			<id id="758"/>
			<id id="759"/>
			<id id="760"/>
			<id id="761"/>
			<id id="762"/>
			<id id="763"/>
			<id id="764"/>
			<id id="765"/>
			<id id="766"/>
			<id id="767"/>
			<id id="768"/>
			<id id="769"/>
			<id id="770"/>
			<id id="771"/>
			<id id="772"/>
			<id id="773"/>
			<id id="774"/>
			<id id="775"/>
			<id id="776"/>
			<id id="777"/>
			<id id="778"/>
			<id id="779"/>
			<id id="780"/>
			<id id="781"/>
			<id id="782"/>
			<id id="783"/>
			<id id="784"/>
			<id id="785"/>
			<id id="786"/>
			<id id="787"/>
			<id id="788"/>
			<id id="789"/>
			<id id="790"/>
			<id id="791"/>
			<id id="792"/>
			<id id="793"/>
			<id id="794"/>
			<id id="795"/>
			<id id="796"/>
			<id id="797"/>
			<id id="798"/>
			<id id="799"/>
			<id id="800"/>
			<id id="801"/>
			<id id="802"/>
			<id id="803"/>
			<id id="804"/>
			<id id="805"/>
			<id id="806"/>
			<id id="807"/>
			<id id="808"/>
			<id id="809"/>
			<id id="810"/>
			<id id="811"/>
			<id id="812"/>
			<id id="813"/>
			<id id="814"/>
			<id id="815"/>
			<id id="816"/>
			<id id="817"/>
			<id id="818"/>
			<id id="819"/>
			<id id="820"/>
			<id id="821"/>
			<id id="822"/>
			<id id="823"/>
			<id id="824"/>
			<id id="825"/>
			<id id="826"/>
			<id id="827"/>
			<id id="828"/>
			<id id="829"/>
			<id id="830"/>
			<id id="831"/>
			<id id="832"/>
			<id id="833"/>
			<id id="834"/>
			<id id="835"/>
			<id id="836"/>
			<id id="837"/>
			<id id="838"/>
			<id id="839"/>
			<id id="840"/>
			<id id="841"/>
			<id id="842"/>
			<id id="843"/>
			<id id="844"/>
			<id id="845"/>
			<id id="846"/>
			<id id="847"/>
			<id id="848"/>
			<id id="849"/>
			<id id="850"/>
			<id id="851"/>
			<id id="852"/>
			<id id="853"/>
			<id id="854"/>
			<id id="855"/>
			<id id="856"/>
			<id id="857"/>
			<id id="858"/>
			<id id="859"/>
			<id id="860"/>
			<id id="861"/>
			<id id="862"/>
			<id id="863"/>
			<id id="864"/>
			<id id="865"/>
			<id id="866"/>
			<id id="867"/>
			<id id="868"/>
			<id id="869"/>
			<id id="870"/>
			<id id="871"/>
			<id id="872"/>
			<id id="873"/>
			<id id="874"/>
			<id id="875"/>
			<id id="876"/>
			<id id="877"/>
			<id id="878"/>
			<id id="879"/>
			<id id="880"/>
			<id id="881"/>
			<id id="882"/>
			<id id="883"/>
			<id id="884"/>
			<id id="885"/>
			<id id="886"/>
			<id id="887"/>
			<id id="888"/>
			<id id="889"/>
			<id id="890"/>
			<id id="891"/>
			<id id="892"/>
			<id id="893"/>
			<id id="894"/>
			<id id="895"/>
			<id id="896"/>
			<id id="897"/>
			<id id="898"/>
			<id id="899"/>
			<id id="900"/>
			<id id="901"/>
			<id id="902"/>
			<id id="903"/>
			<id id="904"/>
			<id id="905"/>
			<id id="906"/>
			<id id="907"/>
			<id id="908"/>
			<id id="909"/>
			<id id="910"/>
			<id id="911"/>
			<id id="912"/>
			<id id="913"/>
			<id id="914"/>
			<id id="915"/>
			<id id="916"/>
			<id id="917"/>
			<id id="918"/>
			<id id="919"/>
			<id id="920"/>
			<id id="921"/>
			<id id="922"/>
			<id id="923"/>
			<id id="924"/>
			<id id="925"/>
			<id id="926"/>
			<id id="927"/>
			<id id="928"/>
			<id id="929"/>
			<id id="930"/>
			<id id="931"/>
			<id id="932"/>
			<id id="933"/>
			<id id="934"/>
			<id id="935"/>
			<id id="936"/>
			<id id="937"/>
			<id id="938"/>
			<id id="939"/>
			<id id="940"/>
			<id id="941"/>
			<id id="942"/>
			<id id="943"/>
			<id id="944"/>
			<id id="945"/>
			<id id="946"/>
			<id id="947"/>
			<id id="948"/>
			<id id="949"/>
			<id id="950"/>
			<id id="951"/>
			<id id="952"/>
			<id id="953"/>
			<id id="954"/>
			<id id="955"/>
			<id id="956"/>
			<id id="957"/>
			<id id="958"/>
			<id id="959"/>
			<id id="960"/>
			<id id="961"/>
			<id id="962"/>
			<id id="963"/>
			<id id="964"/>
			<id id="965"/>
			<id id="966"/>
			<id id="967"/>
			<id id="968"/>
			<id id="969"/>
			<id id="970"/>
			<id id="971"/>
			<id id="972"/>
			<id id="973"/>
			<id id="974"/>
			<id id="975"/>
			<id id="976"/>
			<id id="977"/>
			<id id="978"/>
			<id id="979"/>
			<id id="980"/>
			<id id="981"/>
			<id id="982"/>
			<id id="983"/>
			<id id="984"/>
			<id id="985"/>
			<id id="986"/>
			<id id="987"/>
			<id id="988"/>
			<id id="989"/>
			<id id="990"/>
			<id id="991"/>
			<id id="992"/>
			<id id="993"/>
			<id id="994"/>
			<id id="995"/>
			<id id="996"/>
			<id id="997"/>
			<id id="998"/>
			<id id="999"/>
			<id id="1000"/>
			<id id="1001">
				<origin>ベースキャンプから北へと歩いた君たちは\f801\碧照ノ樹海と呼ばれる緑深い迷宮に立つ。\f801\\f802\時折、草木を鳴らしながら吹く風は\f801\肌に心地よく、この美しい迷宮には\f801\どこか穏やかな雰囲気すら漂う。\f801\\f802\だが、ここが魔物や罠を擁し、数多の命を\f801\呑み込んできた場所であることを、\f801\君たちは忘れてはならない。\f801\\f802\冒険者としての心構えを胸に秘め\f801\謎の樹海の探索を始めたまえ！\f801\\ffff\</origin>
				<translate>ベースキャンプから北へと歩いた君たちは\f801\碧照ノ樹海と呼ばれる緑深い迷宮に立つ。\f801\\f802\時折、草木を鳴らしながら吹く風は\f801\肌に心地よく、この美しい迷宮には\f801\どこか穏やかな雰囲気すら漂う。\f801\\f802\だが、ここが魔物や罠を擁し、数多の命を\f801\呑み込んできた場所であることを、\f801\君たちは忘れてはならない。\f801\\f802\冒険者としての心構えを胸に秘め\f801\謎の樹海の探索を始めたまえ！\f801\\ffff\</translate>
			</id>
			<id id="1002"/>
			<id id="1003"/>
			<id id="1004"/>
			<id id="1005"/>
			<id id="1006"/>
			<id id="1007"/>
			<id id="1008"/>
			<id id="1009"/>
			<id id="1010"/>
			<id id="1011"/>
			<id id="1012"/>
			<id id="1013"/>
			<id id="1014"/>
			<id id="1015"/>
			<id id="1016"/>
			<id id="1017"/>
			<id id="1018"/>
			<id id="1019"/>
			<id id="1020"/>
			<id id="1021"/>
			<id id="1022"/>
			<id id="1023"/>
			<id id="1024"/>
			<id id="1025"/>
			<id id="1026"/>
			<id id="1027"/>
			<id id="1028"/>
			<id id="1029"/>
			<id id="1030"/>
			<id id="1031"/>
			<id id="1032"/>
			<id id="1033"/>
			<id id="1034"/>
			<id id="1035"/>
			<id id="1036"/>
			<id id="1037"/>
			<id id="1038"/>
			<id id="1039"/>
			<id id="1040"/>
			<id id="1041"/>
			<id id="1042"/>
			<id id="1043"/>
			<id id="1044"/>
			<id id="1045"/>
			<id id="1046"/>
			<id id="1047"/>
			<id id="1048"/>
			<id id="1049"/>
			<id id="1050">
				<origin>樹海に足を踏み入れてすぐ、\f801\君たちは後ろから迫る何かを感じて\f801\足を止める。\f801\\f802\すると後ろから来た冒険者の一人が、\f801\君たちを避けきれずに接触する！\f801\\ffff\</origin>
				<translate>樹海に足を踏み入れてすぐ、\f801\君たちは後ろから迫る何かを感じて\f801\足を止める。\f801\\f802\すると後ろから来た冒険者の一人が、\f801\君たちを避けきれずに接触する！\f801\\ffff\</translate>
			</id>
			<id id="1051">
				<origin>\f812\大男\0000\\f81b\\565f\\4348\\4152\\5f31\\3838\\2f45\\5645\\4e54\\2f6f\\6c69\\5f32\\3032\\0000\「おっと！\f801\またぶつかっちまった」\f801\\ffff\</origin>
				<translate>\f812\大男\0000\\f81b\\565f\\4348\\4152\\5f31\\3838\\2f45\\5645\\4e54\\2f6f\\6c69\\5f32\\3032\\0000\「おっと！\f801\またぶつかっちまった」\f801\\ffff\</translate>
			</id>
			<id id="1052">
				<origin>\f812\青年\0000\\f81b\\565f\\4348\\4152\\5f31\\3839\\2f45\\5645\\4e54\\2f6d\\6172\\5f32\\3032\\0000\「……ヤレヤレ。\f801\うちの連れはこの通り、デカくてね、\f801\本当にすまないね、君たち」\f801\\f802\\f81b\\565f\\4348\\4152\\5f31\\3839\\2f45\\5645\\4e54\\2f6d\\6172\\5f32\\3033\\0000\「見慣れない顔だけど、\f801\ここは初めてかい？」\f801\\f802\\f81b\\565f\\4348\\4152\\5f31\\3839\\2f45\\5645\\4e54\\2f6d\\6172\\5f32\\3034\\0000\「おっと！\f801\その前に自分から名乗らないとね。\f801\ボクはマルコ。それから……」\f801\\ffff\</origin>
				<translate>\f812\青年\0000\\f81b\\565f\\4348\\4152\\5f31\\3839\\2f45\\5645\\4e54\\2f6d\\6172\\5f32\\3032\\0000\「……ヤレヤレ。\f801\うちの連れはこの通り、デカくてね、\f801\本当にすまないね、君たち」\f801\\f802\\f81b\\565f\\4348\\4152\\5f31\\3839\\2f45\\5645\\4e54\\2f6d\\6172\\5f32\\3033\\0000\「見慣れない顔だけど、\f801\ここは初めてかい？」\f801\\f802\\f81b\\565f\\4348\\4152\\5f31\\3839\\2f45\\5645\\4e54\\2f6d\\6172\\5f32\\3034\\0000\「おっと！\f801\その前に自分から名乗らないとね。\f801\ボクはマルコ。それから……」\f801\\ffff\</translate>
			</id>
			<id id="1053">
				<origin>\f812\大男\0000\\f81b\\565f\\4348\\4152\\5f31\\3838\\2f45\\5645\\4e54\\2f6f\\6c69\\5f32\\3033\\0000\「オレはオリバーだ」\f801\\f802\\f859\\0a00\\f81b\\565f\\4348\\4152\\5f31\\3838\\2f45\\5645\\4e54\\2f6f\\6c69\\5f32\\3034\\0000\「強靭さと力が武器のオレと…」\f801\\ffff\</origin>
				<translate>\f812\大男\0000\\f81b\\565f\\4348\\4152\\5f31\\3838\\2f45\\5645\\4e54\\2f6f\\6c69\\5f32\\3033\\0000\「オレはオリバーだ」\f801\\f802\\f859\\0a00\\f81b\\565f\\4348\\4152\\5f31\\3838\\2f45\\5645\\4e54\\2f6f\\6c69\\5f32\\3034\\0000\「強靭さと力が武器のオレと…」\f801\\ffff\</translate>
			</id>
			<id id="1054">
				<origin>\f859\\0b00\\f81b\\565f\\4348\\4152\\5f31\\3839\\2f45\\5645\\4e54\\2f6d\\6172\\5f32\\3035\\0000\「知識と分析が武器のボク。\f801\得意分野の違う二人が組むことで\f801\バランスの良いパーティとなってるんだ」\f801\\ffff\</origin>
				<translate>\f859\\0b00\\f81b\\565f\\4348\\4152\\5f31\\3839\\2f45\\5645\\4e54\\2f6d\\6172\\5f32\\3035\\0000\「知識と分析が武器のボク。\f801\得意分野の違う二人が組むことで\f801\バランスの良いパーティとなってるんだ」\f801\\ffff\</translate>
			</id>
			<id id="1055">
				<origin>\f859\\0a00\\f81b\\565f\\4348\\4152\\5f31\\3838\\2f45\\5645\\4e54\\2f6f\\6c69\\5f32\\3035\\0000\「ああ、普通なら１足す１で２だが…\f801\オレたちコンビの力はその倍はある。\f801\普通のパーティより強力だと覚えておけ！」\f801\\ffff\</origin>
				<translate>\f859\\0a00\\f81b\\565f\\4348\\4152\\5f31\\3838\\2f45\\5645\\4e54\\2f6f\\6c69\\5f32\\3035\\0000\「ああ、普通なら１足す１で２だが…\f801\オレたちコンビの力はその倍はある。\f801\普通のパーティより強力だと覚えておけ！」\f801\\ffff\</translate>
			</id>
			<id id="1056">
				<origin>\f859\\0b00\\f81b\\565f\\4348\\4152\\5f31\\3839\\2f45\\5645\\4e54\\2f6d\\6172\\5f32\\3036\\0000\「……倍だと五人パーティより弱いけどね」\f801\\ffff\</origin>
				<translate>\f859\\0b00\\f81b\\565f\\4348\\4152\\5f31\\3839\\2f45\\5645\\4e54\\2f6d\\6172\\5f32\\3036\\0000\「……倍だと五人パーティより弱いけどね」\f801\\ffff\</translate>
			</id>
			<id id="1057">
				<origin>呆れたように呟くマルコの声を聞いて\f801\オリバーはわざとらしく咳をした後\f801\話をかえるように君たちの名前を聞く。\f801\\f802\君たちは\f840\と名乗る。\f801\\ffff\</origin>
				<translate>呆れたように呟くマルコの声を聞いて\f801\オリバーはわざとらしく咳をした後\f801\話をかえるように君たちの名前を聞く。\f801\\f802\君たちは\f840\と名乗る。\f801\\ffff\</translate>
			</id>
			<id id="1058">
				<origin>\f859\\0a00\\f81b\\565f\\4348\\4152\\5f31\\3838\\2f45\\5645\\4e54\\2f6f\\6c69\\5f32\\3038\\0000\「よろしくな、\f840\！\f801\ところで、お前たちの目的は何だ？」\f801\\ffff\</origin>
				<translate>\f859\\0a00\\f81b\\565f\\4348\\4152\\5f31\\3838\\2f45\\5645\\4e54\\2f6f\\6c69\\5f32\\3038\\0000\「よろしくな、\f840\！\f801\ところで、お前たちの目的は何だ？」\f801\\ffff\</translate>
			</id>
			<id id="1059">
				<origin>\f859\\0b00\\f81b\\565f\\4348\\4152\\5f31\\3931\\2f42\\4154\\544c\\452f\\4e50\\435f\\5649\\435f\\4841\\5244\\2f6d\\6172\\5f31\\3638\\0000\「……ヤレヤレ、またかい。\f801\オリバーはね、駆け出しの冒険者には\f801\必ずこれを聞いているんだ」\f801\\f802\「冒険心を満たすため、名声を得るため、\f801\金を得るため……。\f801\君たちはどれかな？」\f801\\ffff\</origin>
				<translate>\f859\\0b00\\f81b\\565f\\4348\\4152\\5f31\\3931\\2f42\\4154\\544c\\452f\\4e50\\435f\\5649\\435f\\4841\\5244\\2f6d\\6172\\5f31\\3638\\0000\「……ヤレヤレ、またかい。\f801\オリバーはね、駆け出しの冒険者には\f801\必ずこれを聞いているんだ」\f801\\f802\「冒険心を満たすため、名声を得るため、\f801\金を得るため……。\f801\君たちはどれかな？」\f801\\ffff\</translate>
			</id>
			<id id="1060">
				<origin>\f804\\0500\何と答えますか？\f804\\0000\\f801\冒険心を満たすため、と答える\f801\名声を得るため、と答える\f801\金を得るため、と答える\f801\言いたくない、と答える\f801\\ffff\</origin>
				<translate>\f804\\0500\何と答えますか？\f804\\0000\\f801\冒険心を満たすため、と答える\f801\名声を得るため、と答える\f801\金を得るため、と答える\f801\言いたくない、と答える\f801\\ffff\</translate>
			</id>
			<id id="1061">
				<origin>君たちは冒険心を満たすためだと答える。\f801\それを聞いてオリバーは頷く。\f801\\ffff\</origin>
				<translate>君たちは冒険心を満たすためだと答える。\f801\それを聞いてオリバーは頷く。\f801\\ffff\</translate>
			</id>
			<id id="1062">
				<origin>\f859\\0a00\\f81b\\565f\\4348\\4152\\5f31\\3838\\2f45\\5645\\4e54\\2f6f\\6c69\\5f32\\3131\\0000\「うむ、期待に満ちた目をしてるわけだ。\f801\だから未知の樹海に来れて嬉しいのか」\f801\\ffff\</origin>
				<translate>\f859\\0a00\\f81b\\565f\\4348\\4152\\5f31\\3838\\2f45\\5645\\4e54\\2f6f\\6c69\\5f32\\3131\\0000\「うむ、期待に満ちた目をしてるわけだ。\f801\だから未知の樹海に来れて嬉しいのか」\f801\\ffff\</translate>
			</id>
			<id id="1063">
				<origin>君たちは名声を得るためだと答える。\f801\それを聞いてオリバーは頷く。\f801\\ffff\</origin>
				<translate>君たちは名声を得るためだと答える。\f801\それを聞いてオリバーは頷く。\f801\\ffff\</translate>
			</id>
			<id id="1064">
				<origin>\f859\\0a00\\f81b\\565f\\4348\\4152\\5f31\\3838\\2f45\\5645\\4e54\\2f6f\\6c69\\5f32\\3130\\0000\「うむ、野心的な目をしてるわけだ。\f801\レムリアの秘宝を見つけることができれば\f801\その名は歴史に刻まれるからな！」\f801\\ffff\</origin>
				<translate>\f859\\0a00\\f81b\\565f\\4348\\4152\\5f31\\3838\\2f45\\5645\\4e54\\2f6f\\6c69\\5f32\\3130\\0000\「うむ、野心的な目をしてるわけだ。\f801\レムリアの秘宝を見つけることができれば\f801\その名は歴史に刻まれるからな！」\f801\\ffff\</translate>
			</id>
			<id id="1065">
				<origin>君たちは金を得るためだと答える。\f801\それを聞いてオリバーは頷く。\f801\\ffff\</origin>
				<translate>君たちは金を得るためだと答える。\f801\それを聞いてオリバーは頷く。\f801\\ffff\</translate>
			</id>
			<id id="1066">
				<origin>\f859\\0a00\\f81b\\565f\\4348\\4152\\5f31\\3838\\2f45\\5645\\4e54\\2f6f\\6c69\\5f32\\3130\\0000\「うむ、一攫千金狙いというわけか。\f801\この島に隠されているレムリアの秘宝には\f801\莫大な富もあると言われているからな」\f801\\ffff\</origin>
				<translate>\f859\\0a00\\f81b\\565f\\4348\\4152\\5f31\\3838\\2f45\\5645\\4e54\\2f6f\\6c69\\5f32\\3130\\0000\「うむ、一攫千金狙いというわけか。\f801\この島に隠されているレムリアの秘宝には\f801\莫大な富もあると言われているからな」\f801\\ffff\</translate>
			</id>
			<id id="1067">
				<origin>君たちは言いたくないと答える。\f801\それを聞いてオリバーは頷く。\f801\\ffff\</origin>
				<translate>君たちは言いたくないと答える。\f801\それを聞いてオリバーは頷く。\f801\\ffff\</translate>
			</id>
			<id id="1068">
				<origin>\f859\\0a00\\f81b\\565f\\4348\\4152\\5f31\\3838\\2f45\\5645\\4e54\\2f6f\\6c69\\5f32\\3131\\0000\「なるほど、軽々しく言えないか。\f801\まぁ、無理に言う必要はない」\f801\\ffff\</origin>
				<translate>\f859\\0a00\\f81b\\565f\\4348\\4152\\5f31\\3838\\2f45\\5645\\4e54\\2f6f\\6c69\\5f32\\3131\\0000\「なるほど、軽々しく言えないか。\f801\まぁ、無理に言う必要はない」\f801\\ffff\</translate>
			</id>
			<id id="1069">
				<origin>君たちはオリバーこそ何の目的が\f801\あるのか、と返す。\f801\\ffff\</origin>
				<translate>君たちはオリバーこそ何の目的が\f801\あるのか、と返す。\f801\\ffff\</translate>
			</id>
			<id id="1070">
				<origin>\f859\\0a00\\f81b\\565f\\4348\\4152\\5f31\\3838\\2f45\\5645\\4e54\\2f6f\\6c69\\5f32\\3130\\0000\「オレは、ずばり金だ！」\f801\\ffff\</origin>
				<translate>\f859\\0a00\\f81b\\565f\\4348\\4152\\5f31\\3838\\2f45\\5645\\4e54\\2f6f\\6c69\\5f32\\3130\\0000\「オレは、ずばり金だ！」\f801\\ffff\</translate>
			</id>
			<id id="1071">
				<origin>ガハハと豪快に笑うオリバーを見て\f801\マルコが何か言いたげな表情をするが\f801\そのまま押し黙って君たちを見る。\f801\\ffff\</origin>
				<translate>ガハハと豪快に笑うオリバーを見て\f801\マルコが何か言いたげな表情をするが\f801\そのまま押し黙って君たちを見る。\f801\\ffff\</translate>
			</id>
			<id id="1072">
				<origin>\f859\\0b00\\f81b\\565f\\4348\\4152\\5f31\\3839\\2f45\\5645\\4e54\\2f6d\\6172\\5f32\\3131\\0000\「シンプルだが、間違ってはない。\f801\ボクらはお金を得るため冒険に来た。\f801\いち早く樹海に挑んだのもそのためだ」\f801\\ffff\</origin>
				<translate>\f859\\0b00\\f81b\\565f\\4348\\4152\\5f31\\3839\\2f45\\5645\\4e54\\2f6d\\6172\\5f32\\3131\\0000\「シンプルだが、間違ってはない。\f801\ボクらはお金を得るため冒険に来た。\f801\いち早く樹海に挑んだのもそのためだ」\f801\\ffff\</translate>
			</id>
			<id id="1073">
				<origin>\f859\\0a00\\f81b\\565f\\4348\\4152\\5f31\\3838\\2f45\\5645\\4e54\\2f6f\\6c69\\5f32\\3039\\0000\「だが、新しく来たルーキーに\f801\助言をするくらいの時間はあるぜ」\f801\\ffff\</origin>
				<translate>\f859\\0a00\\f81b\\565f\\4348\\4152\\5f31\\3838\\2f45\\5645\\4e54\\2f6f\\6c69\\5f32\\3039\\0000\「だが、新しく来たルーキーに\f801\助言をするくらいの時間はあるぜ」\f801\\ffff\</translate>
			</id>
			<id id="1074">
				<origin>\f859\\0b00\\f81b\\565f\\4348\\4152\\5f31\\3839\\2f45\\5645\\4e54\\2f6d\\6172\\5f32\\3038\\0000\「ああ、ボクたちはすでに何度かこの樹海を\f801\探索している。もしよければ君たちに同行し\f801\アドバイスをしてもいいが…どうかな？」\f801\\ffff\</origin>
				<translate>\f859\\0b00\\f81b\\565f\\4348\\4152\\5f31\\3839\\2f45\\5645\\4e54\\2f6d\\6172\\5f32\\3038\\0000\「ああ、ボクたちはすでに何度かこの樹海を\f801\探索している。もしよければ君たちに同行し\f801\アドバイスをしてもいいが…どうかな？」\f801\\ffff\</translate>
			</id>
			<id id="1075">
				<origin>穏やかな表情でそう告げる二人組は\f801\どうやら君たちを心配しているようだ。\f801\\ffff\</origin>
				<translate>穏やかな表情でそう告げる二人組は\f801\どうやら君たちを心配しているようだ。\f801\\ffff\</translate>
			</id>
			<id id="1076">
				<origin>\f859\\0a00\\f81b\\565f\\4348\\4152\\5f31\\3838\\2f45\\5645\\4e54\\2f6f\\6c69\\5f32\\3039\\0000\「…\f843\\0000\を見てるとな\f801\どうも放っておけない気がしてな」\f801\\ffff\</origin>
				<translate>\f859\\0a00\\f81b\\565f\\4348\\4152\\5f31\\3838\\2f45\\5645\\4e54\\2f6f\\6c69\\5f32\\3039\\0000\「…\f843\\0000\を見てるとな\f801\どうも放っておけない気がしてな」\f801\\ffff\</translate>
			</id>
			<id id="1077">
				<origin>そう呟くオリバーと、隣で人の良い笑顔を\f801\浮かべているマルコに向かい、君たちは\f801\頷いて同行をお願いしたいと答える。\f801\\f802\二人は頷くと、君たちパーティに\f801\同行することになる。\f801\\ffff\</origin>
				<translate>そう呟くオリバーと、隣で人の良い笑顔を\f801\浮かべているマルコに向かい、君たちは\f801\頷いて同行をお願いしたいと答える。\f801\\f802\二人は頷くと、君たちパーティに\f801\同行することになる。\f801\\ffff\</translate>
			</id>
			<id id="1078"/>
			<id id="1079"/>
			<id id="1080"/>
			<id id="1081"/>
			<id id="1082"/>
			<id id="1083"/>
			<id id="1084"/>
			<id id="1085"/>
			<id id="1086"/>
			<id id="1087"/>
			<id id="1088"/>
			<id id="1089"/>
			<id id="1090"/>
			<id id="1091"/>
			<id id="1092"/>
			<id id="1093"/>
			<id id="1094"/>
			<id id="1095"/>
			<id id="1096"/>
			<id id="1097"/>
			<id id="1098"/>
			<id id="1099"/>
			<id id="1100">
				<origin>\f859\\0b00\\f81b\\565f\\4348\\4152\\5f31\\3839\\2f45\\5645\\4e54\\2f6d\\6172\\5f32\\3038\\0000\「\f840\、あれが見えるかい？\f801\光っているのが採集ポイントという物だ」\f801\\ffff\</origin>
				<translate>\f859\\0b00\\f81b\\565f\\4348\\4152\\5f31\\3839\\2f45\\5645\\4e54\\2f6d\\6172\\5f32\\3038\\0000\「\f840\、あれが見えるかい？\f801\光っているのが採集ポイントという物だ」\f801\\ffff\</translate>
			</id>
			<id id="1101">
				<origin>\f859\\0b00\「採集ポイントは採取、採掘、伐採の\f801\３種類が存在し、それぞれ入手できる\f801\アイテムが違うんだよ」\f801\\ffff\</origin>
				<translate>\f859\\0b00\「採集ポイントは採取、採掘、伐採の\f801\３種類が存在し、それぞれ入手できる\f801\アイテムが違うんだよ」\f801\\ffff\</translate>
			</id>
			<id id="1102">
				<origin>\f859\\0a00\\f81b\\565f\\4348\\4152\\5f31\\3838\\2f45\\5645\\4e54\\2f6f\\6c69\\5f32\\3130\\0000\「ま、複雑に考える必要はないぞ。\f801\見つけりゃ拾えばいいだけだ」\f801\\f802\「採集系のスキルを持ってりゃ\f801\よりレアなモンも見つかるしな」\f801\\ffff\</origin>
				<translate>\f859\\0a00\\f81b\\565f\\4348\\4152\\5f31\\3838\\2f45\\5645\\4e54\\2f6f\\6c69\\5f32\\3130\\0000\「ま、複雑に考える必要はないぞ。\f801\見つけりゃ拾えばいいだけだ」\f801\\f802\「採集系のスキルを持ってりゃ\f801\よりレアなモンも見つかるしな」\f801\\ffff\</translate>
			</id>
			<id id="1103">
				<origin>そういって二人は採集ポイントを\f801\指差す。君たちはその言葉通り\f801\採集を行ってみてもいいだろう。\f801\\ffff\</origin>
				<translate>そういって二人は採集ポイントを\f801\指差す。君たちはその言葉通り\f801\採集を行ってみてもいいだろう。\f801\\ffff\</translate>
			</id>
			<id id="1104">
				<origin>\f804\\0500\採取ポイント\f804\\0300\では、植物系の素材を\f801\入手することが出来ます。\f801\\f802\\f804\\0300\他、木材類が集められる\f804\\0500\伐採ポイント\f804\\0300\、\f801\鉱物類を集められる\f804\\0500\採掘ポイント\f804\\0300\などが\f801\樹海には存在します。\f801\\f802\\f804\\0300\ただし、採集が出来るのは各場所で\f801\\f804\\0500\１日に１回\f804\\0300\だけとなります。\f801\色々な素材を集めてみましょう。\f801\\ffff\</origin>
				<translate>\f804\\0500\採取ポイント\f804\\0300\では、植物系の素材を\f801\入手することが出来ます。\f801\\f802\\f804\\0300\他、木材類が集められる\f804\\0500\伐採ポイント\f804\\0300\、\f801\鉱物類を集められる\f804\\0500\採掘ポイント\f804\\0300\などが\f801\樹海には存在します。\f801\\f802\\f804\\0300\ただし、採集が出来るのは各場所で\f801\\f804\\0500\１日に１回\f804\\0300\だけとなります。\f801\色々な素材を集めてみましょう。\f801\\ffff\</translate>
			</id>
			<id id="1105">
				<origin>\f804\\0300\また採集アイコンを設置すれば、そこが\f801\\f804\\0500\採集できる状態かどうか判別できます\f804\\0300\ので\f801\設置しておくことをお勧めします。\f801\\ffff\</origin>
				<translate>\f804\\0300\また採集アイコンを設置すれば、そこが\f801\\f804\\0500\採集できる状態かどうか判別できます\f804\\0300\ので\f801\設置しておくことをお勧めします。\f801\\ffff\</translate>
			</id>
			<id id="1106">
				<origin>\f804\\0300\効率よく採集を行いたい、\f801\貴重な素材を入手したいという場合には\f801\\f804\\0500\採集系スキルを習得する必要があります。\f801\\ffff\</origin>
				<translate>\f804\\0300\効率よく採集を行いたい、\f801\貴重な素材を入手したいという場合には\f801\\f804\\0500\採集系スキルを習得する必要があります。\f801\\ffff\</translate>
			</id>
			<id id="1107">
				<origin>樹海を探索する君たちは\f801\目の前に役立ちそうな植物が\f801\生えているのを発見する。\f801\\ffff\</origin>
				<translate>樹海を探索する君たちは\f801\目の前に役立ちそうな植物が\f801\生えているのを発見する。\f801\\ffff\</translate>
			</id>
			<id id="1108"/>
			<id id="1109"/>
			<id id="1110"/>
			<id id="1111"/>
			<id id="1112"/>
			<id id="1113"/>
			<id id="1114"/>
			<id id="1115"/>
			<id id="1116"/>
			<id id="1117"/>
			<id id="1118"/>
			<id id="1119"/>
			<id id="1120"/>
			<id id="1121"/>
			<id id="1122"/>
			<id id="1123"/>
			<id id="1124"/>
			<id id="1125"/>
			<id id="1126"/>
			<id id="1127"/>
			<id id="1128"/>
			<id id="1129"/>
			<id id="1130"/>
			<id id="1131"/>
			<id id="1132"/>
			<id id="1133"/>
			<id id="1134"/>
			<id id="1135"/>
			<id id="1136"/>
			<id id="1137"/>
			<id id="1138"/>
			<id id="1139"/>
			<id id="1140"/>
			<id id="1141"/>
			<id id="1142"/>
			<id id="1143"/>
			<id id="1144"/>
			<id id="1145"/>
			<id id="1146"/>
			<id id="1147"/>
			<id id="1148"/>
			<id id="1149"/>
			<id id="1150">
				<origin>君たちは前方の様子が\f801\不自然なことに気づき、足を止める。\f801\\ffff\</origin>
				<translate>君たちは前方の様子が\f801\不自然なことに気づき、足を止める。\f801\\ffff\</translate>
			</id>
			<id id="1151">
				<origin>小さな木片が散らばっている。\f801\かなりの量だ。元々壁だったところに\f801\無理やり、道を作ったように見える。\f801\\f802\マルコがその木片を拾い上げると\f801\胸やけするほどの甘い香りが\f801\君たちの下まで漂ってくる。\f801\\ffff\</origin>
				<translate>小さな木片が散らばっている。\f801\かなりの量だ。元々壁だったところに\f801\無理やり、道を作ったように見える。\f801\\f802\マルコがその木片を拾い上げると\f801\胸やけするほどの甘い香りが\f801\君たちの下まで漂ってくる。\f801\\ffff\</translate>
			</id>
			<id id="1152">
				<origin>\f859\\0b00\\f81b\\565f\\4348\\4152\\5f31\\3839\\2f45\\5645\\4e54\\2f6d\\6172\\5f32\\3038\\0000\「この樹海にあるいくつかの樹木は\f801\驚くほど甘い樹液を分泌するんだ」\f801\\ffff\</origin>
				<translate>\f859\\0b00\\f81b\\565f\\4348\\4152\\5f31\\3839\\2f45\\5645\\4e54\\2f6d\\6172\\5f32\\3038\\0000\「この樹海にあるいくつかの樹木は\f801\驚くほど甘い樹液を分泌するんだ」\f801\\ffff\</translate>
			</id>
			<id id="1153">
				<origin>\f859\\0b00\「そしてこの森にはその樹液を好む\f801\大型の獣がいる……」\f801\\f802\「ここで樹が不自然に壊れているのは\f801\その獣の仕業だろう」\f801\\ffff\</origin>
				<translate>\f859\\0b00\「そしてこの森にはその樹液を好む\f801\大型の獣がいる……」\f801\\f802\「ここで樹が不自然に壊れているのは\f801\その獣の仕業だろう」\f801\\ffff\</translate>
			</id>
			<id id="1154">
				<origin>冷静な口調でそう告げるマルコの横で\f801\オリバーはうんうんと頷いている。\f801\\ffff\</origin>
				<translate>冷静な口調でそう告げるマルコの横で\f801\オリバーはうんうんと頷いている。\f801\\ffff\</translate>
			</id>
			<id id="1155">
				<origin>\f859\\0b00\\f81b\\565f\\4348\\4152\\5f31\\3931\\2f42\\4154\\544c\\452f\\5354\\5f57\\4541\\4b2f\\6d61\\725f\\3135\\3500\\0000\「今はこの近くにはいないようだが…\f801\樹海を探索するなら注意するんだね」\f801\\ffff\</origin>
				<translate>\f859\\0b00\\f81b\\565f\\4348\\4152\\5f31\\3931\\2f42\\4154\\544c\\452f\\5354\\5f57\\4541\\4b2f\\6d61\\725f\\3135\\3500\\0000\「今はこの近くにはいないようだが…\f801\樹海を探索するなら注意するんだね」\f801\\ffff\</translate>
			</id>
			<id id="1156">
				<origin>マルコの忠告に君たちは頷くと\f801\再び探索へ戻ることにする。\f801\\ffff\</origin>
				<translate>マルコの忠告に君たちは頷くと\f801\再び探索へ戻ることにする。\f801\\ffff\</translate>
			</id>
			<id id="1157"/>
			<id id="1158"/>
			<id id="1159"/>
			<id id="1160"/>
			<id id="1161"/>
			<id id="1162"/>
			<id id="1163"/>
			<id id="1164"/>
			<id id="1165"/>
			<id id="1166"/>
			<id id="1167"/>
			<id id="1168"/>
			<id id="1169"/>
			<id id="1170"/>
			<id id="1171"/>
			<id id="1172"/>
			<id id="1173"/>
			<id id="1174"/>
			<id id="1175"/>
			<id id="1176"/>
			<id id="1177"/>
			<id id="1178"/>
			<id id="1179"/>
			<id id="1180"/>
			<id id="1181"/>
			<id id="1182"/>
			<id id="1183"/>
			<id id="1184"/>
			<id id="1185"/>
			<id id="1186"/>
			<id id="1187"/>
			<id id="1188"/>
			<id id="1189"/>
			<id id="1190"/>
			<id id="1191"/>
			<id id="1192"/>
			<id id="1193"/>
			<id id="1194"/>
			<id id="1195"/>
			<id id="1196"/>
			<id id="1197"/>
			<id id="1198"/>
			<id id="1199"/>
			<id id="1200">
				<origin>壁の向こうからメキメキという亀裂音と\f801\猛獣の激しいうなり声が聞こえてくる！\f801\\ffff\</origin>
				<translate>壁の向こうからメキメキという亀裂音と\f801\猛獣の激しいうなり声が聞こえてくる！\f801\\ffff\</translate>
			</id>
			<id id="1201">
				<origin>土煙を伴い、その姿を見せたのは\f801\瞳を鋭く光らせた熊の魔物であった！\f801\\ffff\</origin>
				<translate>土煙を伴い、その姿を見せたのは\f801\瞳を鋭く光らせた熊の魔物であった！\f801\\ffff\</translate>
			</id>
			<id id="1202">
				<origin>\f859\\0b00\\f81b\\565f\\4348\\4152\\5f31\\3839\\2f45\\5645\\4e54\\2f6d\\6172\\5f32\\3136\\0000\「…しまった！ まさかここまで\f801\あの獣が出没しているとは……。\f801\\f840\、引き返すかい？」\f801\\ffff\</origin>
				<translate>\f859\\0b00\\f81b\\565f\\4348\\4152\\5f31\\3839\\2f45\\5645\\4e54\\2f6d\\6172\\5f32\\3136\\0000\「…しまった！ まさかここまで\f801\あの獣が出没しているとは……。\f801\\f840\、引き返すかい？」\f801\\ffff\</translate>
			</id>
			<id id="1203">
				<origin>驚いた表情でそう呟くマルコと対照的に\f801\オリバーは明るく声を発する。\f801\\ffff\</origin>
				<translate>驚いた表情でそう呟くマルコと対照的に\f801\オリバーは明るく声を発する。\f801\\ffff\</translate>
			</id>
			<id id="1204">
				<origin>\f859\\0a00\\f81b\\565f\\4348\\4152\\5f31\\3838\\2f45\\5645\\4e54\\2f6f\\6c69\\5f32\\3038\\0000\「何、喰らわなければどうという事はない。\f801\動きを見て、ぶつからないようにしろ」\f801\\ffff\</origin>
				<translate>\f859\\0a00\\f81b\\565f\\4348\\4152\\5f31\\3838\\2f45\\5645\\4e54\\2f6f\\6c69\\5f32\\3038\\0000\「何、喰らわなければどうという事はない。\f801\動きを見て、ぶつからないようにしろ」\f801\\ffff\</translate>
			</id>
			<id id="1205">
				<origin>……完全に正反対のアドバイスをする\f801\二人組を前に、君たちはどうするかの判断を\f801\考える必要がある。\f801\\ffff\</origin>
				<translate>……完全に正反対のアドバイスをする\f801\二人組を前に、君たちはどうするかの判断を\f801\考える必要がある。\f801\\ffff\</translate>
			</id>
			<id id="1206">
				<origin>\f804\\0300\迷宮内で視認できる敵を\f804\\0500\ＦＯＥ\f804\\0300\と呼びます。\f801\\f804\\0000\\f802\\f804\\0300\ＦＯＥはフロアで出会う他の敵と比べ\f801\\f804\\0500\圧倒的に強い力\f804\\0300\を持ちます！ 初めて見た\f801\ＦＯＥは戦わず回避する事をお勧めします。\f801\\f804\\0000\\ffff\</origin>
				<translate>\f804\\0300\迷宮内で視認できる敵を\f804\\0500\ＦＯＥ\f804\\0300\と呼びます。\f801\\f804\\0000\\f802\\f804\\0300\ＦＯＥはフロアで出会う他の敵と比べ\f801\\f804\\0500\圧倒的に強い力\f804\\0300\を持ちます！ 初めて見た\f801\ＦＯＥは戦わず回避する事をお勧めします。\f801\\f804\\0000\\ffff\</translate>
			</id>
			<id id="1207">
				<origin>\f804\\0300\ＦＯＥは下画面のＭＡＰにも表示されます。\f801\こちらが一歩動くと、相手も動きます。\f801\\f804\\0000\\f802\\f804\\0300\相手の動きを観察すれば\f801\戦わずにやり過ごすことが可能です。\f801\どう動けばよいか考えて行動しましょう。\f801\\f804\\0000\\ffff\</origin>
				<translate>\f804\\0300\ＦＯＥは下画面のＭＡＰにも表示されます。\f801\こちらが一歩動くと、相手も動きます。\f801\\f804\\0000\\f802\\f804\\0300\相手の動きを観察すれば\f801\戦わずにやり過ごすことが可能です。\f801\どう動けばよいか考えて行動しましょう。\f801\\f804\\0000\\ffff\</translate>
			</id>
			<id id="1208"/>
			<id id="1209"/>
			<id id="1210"/>
			<id id="1211"/>
			<id id="1212"/>
			<id id="1213"/>
			<id id="1214"/>
			<id id="1215"/>
			<id id="1216"/>
			<id id="1217"/>
			<id id="1218"/>
			<id id="1219"/>
			<id id="1220"/>
			<id id="1221"/>
			<id id="1222"/>
			<id id="1223"/>
			<id id="1224"/>
			<id id="1225"/>
			<id id="1226"/>
			<id id="1227"/>
			<id id="1228"/>
			<id id="1229"/>
			<id id="1230"/>
			<id id="1231"/>
			<id id="1232"/>
			<id id="1233"/>
			<id id="1234"/>
			<id id="1235"/>
			<id id="1236"/>
			<id id="1237"/>
			<id id="1238"/>
			<id id="1239"/>
			<id id="1240"/>
			<id id="1241"/>
			<id id="1242"/>
			<id id="1243"/>
			<id id="1244"/>
			<id id="1245"/>
			<id id="1246"/>
			<id id="1247"/>
			<id id="1248"/>
			<id id="1249"/>
			<id id="1250"/>
			<id id="1251"/>
			<id id="1252"/>
			<id id="1253"/>
			<id id="1254"/>
			<id id="1255"/>
			<id id="1256"/>
			<id id="1257"/>
			<id id="1258"/>
			<id id="1259"/>
			<id id="1260"/>
			<id id="1261"/>
			<id id="1262"/>
			<id id="1263"/>
			<id id="1264"/>
			<id id="1265"/>
			<id id="1266"/>
			<id id="1267"/>
			<id id="1268"/>
			<id id="1269"/>
			<id id="1270"/>
			<id id="1271"/>
			<id id="1272"/>
			<id id="1273"/>
			<id id="1274"/>
			<id id="1275"/>
			<id id="1276"/>
			<id id="1277"/>
			<id id="1278"/>
			<id id="1279"/>
			<id id="1280"/>
			<id id="1281"/>
			<id id="1282"/>
			<id id="1283"/>
			<id id="1284"/>
			<id id="1285"/>
			<id id="1286"/>
			<id id="1287"/>
			<id id="1288"/>
			<id id="1289"/>
			<id id="1290"/>
			<id id="1291"/>
			<id id="1292"/>
			<id id="1293"/>
			<id id="1294"/>
			<id id="1295"/>
			<id id="1296"/>
			<id id="1297"/>
			<id id="1298"/>
			<id id="1299"/>
			<id id="1300">
				<origin>樹海の小道を行く君たちは\f801\前方に下り階段を発見する。\f801\\f802\君たちがまだ見ぬ下層へ思いを\f801\募らせていると、間隔の短い\f801\慌てた様子の足音が響いてくる……。\f801\\ffff\</origin>
				<translate>樹海の小道を行く君たちは\f801\前方に下り階段を発見する。\f801\\f802\君たちがまだ見ぬ下層へ思いを\f801\募らせていると、間隔の短い\f801\慌てた様子の足音が響いてくる……。\f801\\ffff\</translate>
			</id>
			<id id="1301">
				<origin>\f859\\0a00\\f81b\\565f\\4348\\4152\\5f31\\3931\\2f42\\4154\\544c\\452f\\5354\\5f53\\5552\\5052\\4953\\452f\\6f6c\\695f\\3136\\3200\\0000\「…誰だ！？ どうかしたのか？」\f801\\ffff\</origin>
				<translate>\f859\\0a00\\f81b\\565f\\4348\\4152\\5f31\\3931\\2f42\\4154\\544c\\452f\\5354\\5f53\\5552\\5052\\4953\\452f\\6f6c\\695f\\3136\\3200\\0000\「…誰だ！？ どうかしたのか？」\f801\\ffff\</translate>
			</id>
			<id id="1302">
				<origin>警戒したオリバーの掛け声に反応し\f801\階下から血まみれの衛兵が姿を現した！\f801\\ffff\</origin>
				<translate>警戒したオリバーの掛け声に反応し\f801\階下から血まみれの衛兵が姿を現した！\f801\\ffff\</translate>
			</id>
			<id id="1303">
				<origin>\f859\\0700\「助かった……下でやられたんだ」\f801\\ffff\</origin>
				<translate>\f859\\0700\「助かった……下でやられたんだ」\f801\\ffff\</translate>
			</id>
			<id id="1304">
				<origin>息も絶え絶えにそう告げる衛兵は\f801\君たちを見て安心し、そのまま気を失う。\f801\\ffff\</origin>
				<translate>息も絶え絶えにそう告げる衛兵は\f801\君たちを見て安心し、そのまま気を失う。\f801\\ffff\</translate>
			</id>
			<id id="1305">
				<origin>\f859\\0b00\\f81b\\565f\\4348\\4152\\5f31\\3839\\2f45\\5645\\4e54\\2f6d\\6172\\5f32\\3136\\0000\「これはヒドイ傷だ……\f801\すぐに連れてかえらないと」\f801\\ffff\</origin>
				<translate>\f859\\0b00\\f81b\\565f\\4348\\4152\\5f31\\3839\\2f45\\5645\\4e54\\2f6d\\6172\\5f32\\3136\\0000\「これはヒドイ傷だ……\f801\すぐに連れてかえらないと」\f801\\ffff\</translate>
			</id>
			<id id="1306">
				<origin>気絶した衛兵を受け止めたマルコは\f801\その体を見て深刻な口ぶりで呟く。\f801\\ffff\</origin>
				<translate>気絶した衛兵を受け止めたマルコは\f801\その体を見て深刻な口ぶりで呟く。\f801\\ffff\</translate>
			</id>
			<id id="1307">
				<origin>\f859\\0b00\「\f840\、ボクたちは彼を連れて\f801\すぐにベースキャンプまで戻ろうと思う」\f801\\f802\\f81b\\565f\\4348\\4152\\5f31\\3931\\2f42\\4154\\544c\\452f\\5354\\5f57\\4541\\4b2f\\6d61\\725f\\3135\\3500\\0000\「君たちはずいぶんと探索になれたようだ。\f801\ボクらとの同行は解除し、\f801\自分たちだけで探索を続けてほしい」\f801\\ffff\</origin>
				<translate>\f859\\0b00\「\f840\、ボクたちは彼を連れて\f801\すぐにベースキャンプまで戻ろうと思う」\f801\\f802\\f81b\\565f\\4348\\4152\\5f31\\3931\\2f42\\4154\\544c\\452f\\5354\\5f57\\4541\\4b2f\\6d61\\725f\\3135\\3500\\0000\「君たちはずいぶんと探索になれたようだ。\f801\ボクらとの同行は解除し、\f801\自分たちだけで探索を続けてほしい」\f801\\ffff\</translate>
			</id>
			<id id="1308">
				<origin>そう告げるマルコにオリバーも大きく頷く。\f801\\ffff\</origin>
				<translate>そう告げるマルコにオリバーも大きく頷く。\f801\\ffff\</translate>
			</id>
			<id id="1309">
				<origin>\f859\\0a00\\f81b\\565f\\4348\\4152\\5f31\\3838\\2f45\\5645\\4e54\\2f6f\\6c69\\5f32\\3130\\0000\「さて、では俺たちは戻るぞ。\f801\お前らが下に行くつもりなら、準備は\f801\怠らないようにするんだぞ」\f801\\ffff\</origin>
				<translate>\f859\\0a00\\f81b\\565f\\4348\\4152\\5f31\\3838\\2f45\\5645\\4e54\\2f6f\\6c69\\5f32\\3130\\0000\「さて、では俺たちは戻るぞ。\f801\お前らが下に行くつもりなら、準備は\f801\怠らないようにするんだぞ」\f801\\ffff\</translate>
			</id>
			<id id="1310">
				<origin>\f859\\0b00\\f81b\\565f\\4348\\4152\\5f31\\3931\\2f42\\4154\\544c\\452f\\5354\\5f53\\5452\\4f4e\\472f\\6d61\\725f\\3135\\3800\\0000\「下の魔物は今より手ごわくなる…。\f801\手に余ると感じたら、すぐに戻るといい。\f801\わかったね？」\f801\\ffff\</origin>
				<translate>\f859\\0b00\\f81b\\565f\\4348\\4152\\5f31\\3931\\2f42\\4154\\544c\\452f\\5354\\5f53\\5452\\4f4e\\472f\\6d61\\725f\\3135\\3800\\0000\「下の魔物は今より手ごわくなる…。\f801\手に余ると感じたら、すぐに戻るといい。\f801\わかったね？」\f801\\ffff\</translate>
			</id>
			<id id="1311">
				<origin>オリバーとマルコは衛兵を背負うと\f801\そのままこの場から走り去っていく。\f801\\ffff\</origin>
				<translate>オリバーとマルコは衛兵を背負うと\f801\そのままこの場から走り去っていく。\f801\\ffff\</translate>
			</id>
			<id id="1312">
				<origin>君たちはこのまま階段を下りてもいいし\f801\動向を確認するため、ベースキャンプへ\f801\戻ってみてもいい。\f801\\ffff\</origin>
				<translate>君たちはこのまま階段を下りてもいいし\f801\動向を確認するため、ベースキャンプへ\f801\戻ってみてもいい。\f801\\ffff\</translate>
			</id>
			<id id="1313"/>
			<id id="1314"/>
			<id id="1315"/>
			<id id="1316"/>
			<id id="1317"/>
			<id id="1318"/>
			<id id="1319"/>
			<id id="1320"/>
			<id id="1321"/>
			<id id="1322"/>
			<id id="1323"/>
			<id id="1324"/>
			<id id="1325"/>
			<id id="1326"/>
			<id id="1327"/>
			<id id="1328"/>
			<id id="1329"/>
			<id id="1330"/>
			<id id="1331"/>
			<id id="1332"/>
			<id id="1333"/>
			<id id="1334"/>
			<id id="1335"/>
			<id id="1336"/>
			<id id="1337"/>
			<id id="1338"/>
			<id id="1339"/>
			<id id="1340"/>
			<id id="1341"/>
			<id id="1342"/>
			<id id="1343"/>
			<id id="1344"/>
			<id id="1345"/>
			<id id="1346"/>
			<id id="1347"/>
			<id id="1348"/>
			<id id="1349"/>
			<id id="1350"/>
			<id id="1351"/>
			<id id="1352"/>
			<id id="1353"/>
			<id id="1354"/>
			<id id="1355"/>
			<id id="1356"/>
			<id id="1357"/>
			<id id="1358"/>
			<id id="1359"/>
			<id id="1360"/>
			<id id="1361"/>
			<id id="1362"/>
			<id id="1363"/>
			<id id="1364"/>
			<id id="1365"/>
			<id id="1366"/>
			<id id="1367"/>
			<id id="1368"/>
			<id id="1369"/>
			<id id="1370"/>
			<id id="1371"/>
			<id id="1372"/>
			<id id="1373"/>
			<id id="1374"/>
			<id id="1375"/>
			<id id="1376"/>
			<id id="1377"/>
			<id id="1378"/>
			<id id="1379"/>
			<id id="1380"/>
			<id id="1381"/>
			<id id="1382"/>
			<id id="1383"/>
			<id id="1384"/>
			<id id="1385"/>
			<id id="1386"/>
			<id id="1387"/>
			<id id="1388"/>
			<id id="1389"/>
			<id id="1390"/>
			<id id="1391"/>
			<id id="1392"/>
			<id id="1393"/>
			<id id="1394"/>
			<id id="1395"/>
			<id id="1396"/>
			<id id="1397"/>
			<id id="1398"/>
			<id id="1399"/>
			<id id="1400"/>
			<id id="1401"/>
			<id id="1402"/>
			<id id="1403"/>
			<id id="1404"/>
			<id id="1405"/>
			<id id="1406"/>
			<id id="1407"/>
			<id id="1408"/>
			<id id="1409"/>
			<id id="1410"/>
			<id id="1411"/>
			<id id="1412"/>
			<id id="1413"/>
			<id id="1414"/>
			<id id="1415"/>
			<id id="1416"/>
			<id id="1417"/>
			<id id="1418"/>
			<id id="1419"/>
			<id id="1420"/>
			<id id="1421"/>
			<id id="1422"/>
			<id id="1423"/>
			<id id="1424"/>
			<id id="1425"/>
			<id id="1426"/>
			<id id="1427"/>
			<id id="1428"/>
			<id id="1429"/>
			<id id="1430"/>
			<id id="1431"/>
			<id id="1432"/>
			<id id="1433"/>
			<id id="1434"/>
			<id id="1435"/>
			<id id="1436"/>
			<id id="1437"/>
			<id id="1438"/>
			<id id="1439"/>
			<id id="1440"/>
			<id id="1441"/>
			<id id="1442"/>
			<id id="1443"/>
			<id id="1444"/>
			<id id="1445"/>
			<id id="1446"/>
			<id id="1447"/>
			<id id="1448"/>
			<id id="1449"/>
			<id id="1450"/>
			<id id="1451"/>
			<id id="1452"/>
			<id id="1453"/>
			<id id="1454"/>
			<id id="1455"/>
			<id id="1456"/>
			<id id="1457"/>
			<id id="1458"/>
			<id id="1459"/>
			<id id="1460"/>
			<id id="1461"/>
			<id id="1462"/>
			<id id="1463"/>
			<id id="1464"/>
			<id id="1465"/>
			<id id="1466"/>
			<id id="1467"/>
			<id id="1468"/>
			<id id="1469"/>
			<id id="1470"/>
			<id id="1471"/>
			<id id="1472"/>
			<id id="1473"/>
			<id id="1474"/>
			<id id="1475"/>
			<id id="1476"/>
			<id id="1477"/>
			<id id="1478"/>
			<id id="1479"/>
			<id id="1480"/>
			<id id="1481"/>
			<id id="1482"/>
			<id id="1483"/>
			<id id="1484"/>
			<id id="1485"/>
			<id id="1486"/>
			<id id="1487"/>
			<id id="1488"/>
			<id id="1489"/>
			<id id="1490"/>
			<id id="1491"/>
			<id id="1492"/>
			<id id="1493"/>
			<id id="1494"/>
			<id id="1495"/>
			<id id="1496"/>
			<id id="1497"/>
			<id id="1498"/>
			<id id="1499"/>
			<id id="1500"/>
			<id id="1501"/>
			<id id="1502"/>
			<id id="1503"/>
			<id id="1504"/>
			<id id="1505"/>
			<id id="1506"/>
			<id id="1507"/>
			<id id="1508"/>
			<id id="1509"/>
			<id id="1510"/>
			<id id="1511"/>
			<id id="1512"/>
			<id id="1513"/>
			<id id="1514"/>
			<id id="1515"/>
			<id id="1516"/>
			<id id="1517"/>
			<id id="1518"/>
			<id id="1519"/>
			<id id="1520"/>
			<id id="1521"/>
			<id id="1522"/>
			<id id="1523"/>
			<id id="1524"/>
			<id id="1525"/>
			<id id="1526"/>
			<id id="1527"/>
			<id id="1528"/>
			<id id="1529"/>
			<id id="1530"/>
			<id id="1531"/>
			<id id="1532"/>
			<id id="1533"/>
			<id id="1534"/>
			<id id="1535"/>
			<id id="1536"/>
			<id id="1537"/>
			<id id="1538"/>
			<id id="1539"/>
			<id id="1540"/>
			<id id="1541"/>
			<id id="1542"/>
			<id id="1543"/>
			<id id="1544"/>
			<id id="1545"/>
			<id id="1546"/>
			<id id="1547"/>
			<id id="1548"/>
			<id id="1549"/>
			<id id="1550"/>
			<id id="1551"/>
			<id id="1552"/>
			<id id="1553"/>
			<id id="1554"/>
			<id id="1555"/>
			<id id="1556"/>
			<id id="1557"/>
			<id id="1558"/>
			<id id="1559"/>
			<id id="1560"/>
			<id id="1561"/>
			<id id="1562"/>
			<id id="1563"/>
			<id id="1564"/>
			<id id="1565"/>
			<id id="1566"/>
			<id id="1567"/>
			<id id="1568"/>
			<id id="1569"/>
			<id id="1570"/>
			<id id="1571"/>
			<id id="1572"/>
			<id id="1573"/>
			<id id="1574"/>
			<id id="1575"/>
			<id id="1576"/>
			<id id="1577"/>
			<id id="1578"/>
			<id id="1579"/>
			<id id="1580"/>
			<id id="1581"/>
			<id id="1582"/>
			<id id="1583"/>
			<id id="1584"/>
			<id id="1585"/>
			<id id="1586"/>
			<id id="1587"/>
			<id id="1588"/>
			<id id="1589"/>
			<id id="1590"/>
			<id id="1591"/>
			<id id="1592"/>
			<id id="1593"/>
			<id id="1594"/>
			<id id="1595"/>
			<id id="1596"/>
			<id id="1597"/>
			<id id="1598"/>
			<id id="1599"/>
			<id id="1600"/>
			<id id="1601"/>
			<id id="1602"/>
			<id id="1603"/>
			<id id="1604"/>
			<id id="1605"/>
			<id id="1606"/>
			<id id="1607"/>
			<id id="1608"/>
			<id id="1609"/>
			<id id="1610"/>
			<id id="1611"/>
			<id id="1612"/>
			<id id="1613"/>
			<id id="1614"/>
			<id id="1615"/>
			<id id="1616"/>
			<id id="1617"/>
			<id id="1618"/>
			<id id="1619"/>
			<id id="1620"/>
			<id id="1621"/>
			<id id="1622"/>
			<id id="1623"/>
			<id id="1624"/>
			<id id="1625"/>
			<id id="1626"/>
			<id id="1627"/>
			<id id="1628"/>
			<id id="1629"/>
			<id id="1630"/>
			<id id="1631"/>
			<id id="1632"/>
			<id id="1633"/>
			<id id="1634"/>
			<id id="1635"/>
			<id id="1636"/>
			<id id="1637"/>
			<id id="1638"/>
			<id id="1639"/>
			<id id="1640"/>
			<id id="1641"/>
			<id id="1642"/>
			<id id="1643"/>
			<id id="1644"/>
			<id id="1645"/>
			<id id="1646"/>
			<id id="1647"/>
			<id id="1648"/>
			<id id="1649"/>
			<id id="1650"/>
			<id id="1651"/>
			<id id="1652"/>
			<id id="1653"/>
			<id id="1654"/>
			<id id="1655"/>
			<id id="1656"/>
			<id id="1657"/>
			<id id="1658"/>
			<id id="1659"/>
			<id id="1660"/>
			<id id="1661"/>
			<id id="1662"/>
			<id id="1663"/>
			<id id="1664"/>
			<id id="1665"/>
			<id id="1666"/>
			<id id="1667"/>
			<id id="1668"/>
			<id id="1669"/>
			<id id="1670"/>
			<id id="1671"/>
			<id id="1672"/>
			<id id="1673"/>
			<id id="1674"/>
			<id id="1675"/>
			<id id="1676"/>
			<id id="1677"/>
			<id id="1678"/>
			<id id="1679"/>
			<id id="1680"/>
			<id id="1681"/>
			<id id="1682"/>
			<id id="1683"/>
			<id id="1684"/>
			<id id="1685"/>
			<id id="1686"/>
			<id id="1687"/>
			<id id="1688"/>
			<id id="1689"/>
			<id id="1690"/>
			<id id="1691"/>
			<id id="1692"/>
			<id id="1693"/>
			<id id="1694"/>
			<id id="1695"/>
			<id id="1696"/>
			<id id="1697"/>
			<id id="1698"/>
			<id id="1699"/>
			<id id="1700"/>
			<id id="1701"/>
			<id id="1702"/>
			<id id="1703"/>
			<id id="1704"/>
			<id id="1705"/>
			<id id="1706"/>
			<id id="1707"/>
			<id id="1708"/>
			<id id="1709"/>
			<id id="1710"/>
			<id id="1711"/>
			<id id="1712"/>
			<id id="1713"/>
			<id id="1714"/>
			<id id="1715"/>
			<id id="1716"/>
			<id id="1717"/>
			<id id="1718"/>
			<id id="1719"/>
			<id id="1720"/>
			<id id="1721"/>
			<id id="1722"/>
			<id id="1723"/>
			<id id="1724"/>
			<id id="1725"/>
			<id id="1726"/>
			<id id="1727"/>
			<id id="1728"/>
			<id id="1729"/>
			<id id="1730"/>
			<id id="1731"/>
			<id id="1732"/>
			<id id="1733"/>
			<id id="1734"/>
			<id id="1735"/>
			<id id="1736"/>
			<id id="1737"/>
			<id id="1738"/>
			<id id="1739"/>
			<id id="1740"/>
			<id id="1741"/>
			<id id="1742"/>
			<id id="1743"/>
			<id id="1744"/>
			<id id="1745"/>
			<id id="1746"/>
			<id id="1747"/>
			<id id="1748"/>
			<id id="1749"/>
			<id id="1750"/>
			<id id="1751"/>
			<id id="1752"/>
			<id id="1753"/>
			<id id="1754"/>
			<id id="1755"/>
			<id id="1756"/>
			<id id="1757"/>
			<id id="1758"/>
			<id id="1759"/>
			<id id="1760"/>
			<id id="1761"/>
			<id id="1762"/>
			<id id="1763"/>
			<id id="1764"/>
			<id id="1765"/>
			<id id="1766"/>
			<id id="1767"/>
			<id id="1768"/>
			<id id="1769"/>
			<id id="1770"/>
			<id id="1771"/>
			<id id="1772"/>
			<id id="1773"/>
			<id id="1774"/>
			<id id="1775"/>
			<id id="1776"/>
			<id id="1777"/>
			<id id="1778"/>
			<id id="1779"/>
			<id id="1780"/>
			<id id="1781"/>
			<id id="1782"/>
			<id id="1783"/>
			<id id="1784"/>
			<id id="1785"/>
			<id id="1786"/>
			<id id="1787"/>
			<id id="1788"/>
			<id id="1789"/>
			<id id="1790"/>
			<id id="1791"/>
			<id id="1792"/>
			<id id="1793"/>
			<id id="1794"/>
			<id id="1795"/>
			<id id="1796"/>
			<id id="1797"/>
			<id id="1798"/>
			<id id="1799"/>
			<id id="1800"/>
			<id id="1801"/>
			<id id="1802"/>
			<id id="1803"/>
			<id id="1804"/>
			<id id="1805"/>
			<id id="1806"/>
			<id id="1807"/>
			<id id="1808"/>
			<id id="1809"/>
			<id id="1810"/>
			<id id="1811"/>
			<id id="1812"/>
			<id id="1813"/>
			<id id="1814"/>
			<id id="1815"/>
			<id id="1816"/>
			<id id="1817"/>
			<id id="1818"/>
			<id id="1819"/>
			<id id="1820"/>
			<id id="1821"/>
			<id id="1822"/>
			<id id="1823"/>
			<id id="1824"/>
			<id id="1825"/>
			<id id="1826"/>
			<id id="1827"/>
			<id id="1828"/>
			<id id="1829"/>
			<id id="1830"/>
			<id id="1831"/>
			<id id="1832"/>
			<id id="1833"/>
			<id id="1834"/>
			<id id="1835"/>
			<id id="1836"/>
			<id id="1837"/>
			<id id="1838"/>
			<id id="1839"/>
			<id id="1840"/>
			<id id="1841"/>
			<id id="1842"/>
			<id id="1843"/>
			<id id="1844"/>
			<id id="1845"/>
			<id id="1846"/>
			<id id="1847"/>
			<id id="1848"/>
			<id id="1849"/>
			<id id="1850"/>
			<id id="1851"/>
			<id id="1852"/>
			<id id="1853"/>
			<id id="1854"/>
			<id id="1855"/>
			<id id="1856"/>
			<id id="1857"/>
			<id id="1858"/>
			<id id="1859"/>
			<id id="1860"/>
			<id id="1861"/>
			<id id="1862"/>
			<id id="1863"/>
			<id id="1864"/>
			<id id="1865"/>
			<id id="1866"/>
			<id id="1867"/>
			<id id="1868"/>
			<id id="1869"/>
			<id id="1870"/>
			<id id="1871"/>
			<id id="1872"/>
			<id id="1873"/>
			<id id="1874"/>
			<id id="1875"/>
			<id id="1876"/>
			<id id="1877"/>
			<id id="1878"/>
			<id id="1879"/>
			<id id="1880"/>
			<id id="1881"/>
			<id id="1882"/>
			<id id="1883"/>
			<id id="1884"/>
			<id id="1885"/>
			<id id="1886"/>
			<id id="1887"/>
			<id id="1888"/>
			<id id="1889"/>
			<id id="1890"/>
			<id id="1891"/>
			<id id="1892"/>
			<id id="1893"/>
			<id id="1894"/>
			<id id="1895"/>
			<id id="1896"/>
			<id id="1897"/>
			<id id="1898"/>
			<id id="1899"/>
			<id id="1900"/>
			<id id="1901"/>
			<id id="1902"/>
			<id id="1903"/>
			<id id="1904"/>
			<id id="1905"/>
			<id id="1906"/>
			<id id="1907"/>
			<id id="1908"/>
			<id id="1909"/>
			<id id="1910"/>
			<id id="1911"/>
			<id id="1912"/>
			<id id="1913"/>
			<id id="1914"/>
			<id id="1915"/>
			<id id="1916"/>
			<id id="1917"/>
			<id id="1918"/>
			<id id="1919"/>
			<id id="1920"/>
			<id id="1921"/>
			<id id="1922"/>
			<id id="1923"/>
			<id id="1924"/>
			<id id="1925"/>
			<id id="1926"/>
			<id id="1927"/>
			<id id="1928"/>
			<id id="1929"/>
			<id id="1930"/>
			<id id="1931"/>
			<id id="1932"/>
			<id id="1933"/>
			<id id="1934"/>
			<id id="1935"/>
			<id id="1936"/>
			<id id="1937"/>
			<id id="1938"/>
			<id id="1939"/>
			<id id="1940"/>
			<id id="1941"/>
			<id id="1942"/>
			<id id="1943"/>
			<id id="1944"/>
			<id id="1945"/>
			<id id="1946"/>
			<id id="1947"/>
			<id id="1948"/>
			<id id="1949"/>
			<id id="1950"/>
			<id id="1951"/>
			<id id="1952"/>
			<id id="1953"/>
			<id id="1954"/>
			<id id="1955"/>
			<id id="1956"/>
			<id id="1957"/>
			<id id="1958"/>
			<id id="1959"/>
			<id id="1960"/>
			<id id="1961"/>
			<id id="1962"/>
			<id id="1963"/>
			<id id="1964"/>
			<id id="1965"/>
			<id id="1966"/>
			<id id="1967"/>
			<id id="1968"/>
			<id id="1969"/>
			<id id="1970"/>
			<id id="1971"/>
			<id id="1972"/>
			<id id="1973"/>
			<id id="1974"/>
			<id id="1975"/>
			<id id="1976"/>
			<id id="1977"/>
			<id id="1978"/>
			<id id="1979"/>
			<id id="1980"/>
			<id id="1981"/>
			<id id="1982"/>
			<id id="1983"/>
			<id id="1984"/>
			<id id="1985"/>
			<id id="1986"/>
			<id id="1987"/>
			<id id="1988"/>
			<id id="1989"/>
			<id id="1990"/>
			<id id="1991"/>
			<id id="1992"/>
			<id id="1993"/>
			<id id="1994"/>
			<id id="1995"/>
			<id id="1996"/>
			<id id="1997"/>
			<id id="1998"/>
			<id id="1999"/>
			<id id="2000"/>
			<id id="2001">
				<origin>目前の壁からは、むせかえるほどに\f801\甘い蜜の香りが漂っている…。\f801\\ffff\</origin>
				<translate>目前の壁からは、むせかえるほどに\f801\甘い蜜の香りが漂っている…。\f801\\ffff\</translate>
			</id>
			<id id="2002">
				<origin>迷宮を歩く君たちは、胸やけするほどの\f801\甘い香りに気づき、歩みを止める。\f801\\f802\どうやら目前の壁を形成する樹木が\f801\分泌する、樹液の香りのようだ。\f801\\f802\この香りに釣られた魔物が\f801\寄ってくるかもしれない…そう考えた\f801\君たちは、足早に立ち去ることにする。\f801\\ffff\</origin>
				<translate>迷宮を歩く君たちは、胸やけするほどの\f801\甘い香りに気づき、歩みを止める。\f801\\f802\どうやら目前の壁を形成する樹木が\f801\分泌する、樹液の香りのようだ。\f801\\f802\この香りに釣られた魔物が\f801\寄ってくるかもしれない…そう考えた\f801\君たちは、足早に立ち去ることにする。\f801\\ffff\</translate>
			</id>
		</body>
	</mbm>
