<?xml version="1.0" encoding="UTF-8"?>
	<mbm>
		<head>000000004d53473200000100</head>
		<size>b0130000</size>
		<number>8b000000</number>
		<j>200000000000000000000000</j>
		<body>
			<id id="0">
				<origin>君たちは遺跡を探索していると、通路の先に\f801\人影を見つける。\f801\それは地面に倒れて動かない。\f801\\f802\装備を見ればマギニアの衛兵であるようだ。\f801\この遺跡の魔物と戦い、\f801\やられてしまった死体だろうか？\f801\\f802\君たちは倒れた兵士に近づいてもいい。\f801\\ffff\</origin>
				<translate>君たちは遺跡を探索していると、通路の先に\f801\人影を見つける。\f801\それは地面に倒れて動かない。\f801\\f802\装備を見ればマギニアの衛兵であるようだ。\f801\この遺跡の魔物と戦い、\f801\やられてしまった死体だろうか？\f801\\f802\君たちは倒れた兵士に近づいてもいい。\f801\\ffff\</translate>
			</id>
			<id id="1"/>
			<id id="2"/>
			<id id="3">
				<origin>\f804\\0500\どうしますか？\f804\\0000\\f801\近づく\f801\立ち去る\f801\\ffff\</origin>
				<translate>\f804\\0500\どうしますか？\f804\\0000\\f801\近づく\f801\立ち去る\f801\\ffff\</translate>
			</id>
			<id id="4"/>
			<id id="5"/>
			<id id="6">
				<origin>衛兵の状態はここからではわからない。\f801\君たちは倒れた衛兵に近づいていく。\f801\\ffff\</origin>
				<translate>衛兵の状態はここからではわからない。\f801\君たちは倒れた衛兵に近づいていく。\f801\\ffff\</translate>
			</id>
			<id id="7">
				<origin>\f859\\0b00\\f81b\\565f\\4348\\4152\\5f31\\3839\\2f45\\5645\\4e54\\2f6d\\6172\\5f32\\3139\\0000\「……脈は……まだあるぞ！\f801\特に目立つ傷もない……。\f801\おい！ しっかりしろ！」\f801\\ffff\</origin>
				<translate>\f859\\0b00\\f81b\\565f\\4348\\4152\\5f31\\3839\\2f45\\5645\\4e54\\2f6d\\6172\\5f32\\3139\\0000\「……脈は……まだあるぞ！\f801\特に目立つ傷もない……。\f801\おい！ しっかりしろ！」\f801\\ffff\</translate>
			</id>
			<id id="8"/>
			<id id="9">
				<origin>\f859\\0700\「……ん……ああ。\f801\私は……気絶していたのか？」\f801\\ffff\</origin>
				<translate>\f859\\0700\「……ん……ああ。\f801\私は……気絶していたのか？」\f801\\ffff\</translate>
			</id>
			<id id="10"/>
			<id id="11"/>
			<id id="12">
				<origin>衛兵は周囲を見渡し、同僚がいないことを\f801\知って、深い溜め息をつく。\f801\\f802\私が魔物に弾き飛ばされて気絶する直前\f801\同僚が魔物を引き連れて去るのが見えた、\f801\衛兵はそう言った。\f801\\ffff\</origin>
				<translate>衛兵は周囲を見渡し、同僚がいないことを\f801\知って、深い溜め息をつく。\f801\\f802\私が魔物に弾き飛ばされて気絶する直前\f801\同僚が魔物を引き連れて去るのが見えた、\f801\衛兵はそう言った。\f801\\ffff\</translate>
			</id>
			<id id="13"/>
			<id id="14"/>
			<id id="15">
				<origin>\f859\\0700\\f81b\\565f\\4348\\4152\\5f31\\3037\\2f45\\5645\\4e54\\2f62\\6172\\5f32\\3039\\0000\「君たちが目覚めさせてくれなかったら\f801\他の魔物にやられていたかもしれない。\f801\ありがとう」\f801\\ffff\</origin>
				<translate>\f859\\0700\\f81b\\565f\\4348\\4152\\5f31\\3037\\2f45\\5645\\4e54\\2f62\\6172\\5f32\\3039\\0000\「君たちが目覚めさせてくれなかったら\f801\他の魔物にやられていたかもしれない。\f801\ありがとう」\f801\\ffff\</translate>
			</id>
			<id id="16"/>
			<id id="17"/>
			<id id="18">
				<origin>これはお礼だ、\f801\衛兵はそう言っていくらかのお金を\f801\君たちに渡して去っていく。\f801\\ffff\</origin>
				<translate>これはお礼だ、\f801\衛兵はそう言っていくらかのお金を\f801\君たちに渡して去っていく。\f801\\ffff\</translate>
			</id>
			<id id="19">
				<origin>\f859\\0a00\\f81b\\565f\\4348\\4152\\5f31\\3838\\2f45\\5645\\4e54\\2f6f\\6c69\\5f32\\3133\\0000\「ああ。\f801\無事でよかったな。\f801\さて先を急ぐか！」\f801\\ffff\</origin>
				<translate>\f859\\0a00\\f81b\\565f\\4348\\4152\\5f31\\3838\\2f45\\5645\\4e54\\2f6f\\6c69\\5f32\\3133\\0000\「ああ。\f801\無事でよかったな。\f801\さて先を急ぐか！」\f801\\ffff\</translate>
			</id>
			<id id="20"/>
			<id id="21">
				<origin>君たちは衛兵を見送った後、\f801\自分たちも遺跡の探索に戻ることにする。\f801\\ffff\</origin>
				<translate>君たちは衛兵を見送った後、\f801\自分たちも遺跡の探索に戻ることにする。\f801\\ffff\</translate>
			</id>
			<id id="22"/>
			<id id="23"/>
			<id id="24">
				<origin>倒れていた衛兵\f801\\ffff\</origin>
				<translate>倒れていた衛兵\f801\\ffff\</translate>
			</id>
			<id id="25"/>
			<id id="26"/>
			<id id="27">
				<origin>遺跡を探索していた君たちは\f801\通路の端で気絶している衛兵を\f801\気づかせ、お礼にいくらかのお金を\f801\受け取った。\f801\\ffff\</origin>
				<translate>遺跡を探索していた君たちは\f801\通路の端で気絶している衛兵を\f801\気づかせ、お礼にいくらかのお金を\f801\受け取った。\f801\\ffff\</translate>
			</id>
			<id id="28"/>
			<id id="29"/>
			<id id="30">
				<origin>今は先を急ぐべきだ。\f801\君たちはこの場を立ち去ることにする。\f801\\ffff\</origin>
				<translate>今は先を急ぐべきだ。\f801\君たちはこの場を立ち去ることにする。\f801\\ffff\</translate>
			</id>
			<id id="31"/>
			<id id="32"/>
			<id id="33"/>
			<id id="34"/>
			<id id="35"/>
			<id id="36"/>
			<id id="37"/>
			<id id="38"/>
			<id id="39"/>
			<id id="40"/>
			<id id="41"/>
			<id id="42"/>
			<id id="43"/>
			<id id="44"/>
			<id id="45"/>
			<id id="46"/>
			<id id="47"/>
			<id id="48"/>
			<id id="49"/>
			<id id="50">
				<origin>君たちは遺跡を探索していると、通路の先に\f801\人影を見つける。\f801\\f802\一人の衛兵が、地面に倒れた別の負傷兵の\f801\看護をしている。\f801\\f802\衛兵は君たちに気づくと、声をかけてくる。\f801\\ffff\</origin>
				<translate>君たちは遺跡を探索していると、通路の先に\f801\人影を見つける。\f801\\f802\一人の衛兵が、地面に倒れた別の負傷兵の\f801\看護をしている。\f801\\f802\衛兵は君たちに気づくと、声をかけてくる。\f801\\ffff\</translate>
			</id>
			<id id="51"/>
			<id id="52"/>
			<id id="53">
				<origin>\f859\\0700\「君たち、済まないが、\f801\ネクタルを持っていたら譲ってくれ！\f801\彼が危ないんだ！」\f801\\ffff\</origin>
				<translate>\f859\\0700\「君たち、済まないが、\f801\ネクタルを持っていたら譲ってくれ！\f801\彼が危ないんだ！」\f801\\ffff\</translate>
			</id>
			<id id="54">
				<origin>\f859\\0a00\\f81b\\565f\\4348\\4152\\5f31\\3838\\2f45\\5645\\4e54\\2f6f\\6c69\\5f32\\3134\\0000\「どうするんだ、\f840\？」\f801\\ffff\</origin>
				<translate>\f859\\0a00\\f81b\\565f\\4348\\4152\\5f31\\3838\\2f45\\5645\\4e54\\2f6f\\6c69\\5f32\\3134\\0000\「どうするんだ、\f840\？」\f801\\ffff\</translate>
			</id>
			<id id="55"/>
			<id id="56">
				<origin>君たちはこの衛兵に\f801\ネクタルを渡すことができる。\f801\\ffff\</origin>
				<translate>君たちはこの衛兵に\f801\ネクタルを渡すことができる。\f801\\ffff\</translate>
			</id>
			<id id="57"/>
			<id id="58"/>
			<id id="59">
				<origin>\f804\\0500\どうしますか？\f804\\0000\\f801\渡す\f801\断る\f801\\ffff\</origin>
				<translate>\f804\\0500\どうしますか？\f804\\0000\\f801\渡す\f801\断る\f801\\ffff\</translate>
			</id>
			<id id="60"/>
			<id id="61"/>
			<id id="62">
				<origin>君たちは衛兵にネクタルを渡そうと\f801\荷物入れのなかを覗く。\f801\\f802\だが荷物入れのどこにも、\f801\ネクタルは入っていなかった。\f801\\ffff\</origin>
				<translate>君たちは衛兵にネクタルを渡そうと\f801\荷物入れのなかを覗く。\f801\\f802\だが荷物入れのどこにも、\f801\ネクタルは入っていなかった。\f801\\ffff\</translate>
			</id>
			<id id="63">
				<origin>\f859\\0b00\\f81b\\565f\\4348\\4152\\5f31\\3839\\2f45\\5645\\4e54\\2f6d\\6172\\5f32\\3136\\0000\「残念だけど、\f801\持ち合わせがないみたいだね」\f801\\ffff\</origin>
				<translate>\f859\\0b00\\f81b\\565f\\4348\\4152\\5f31\\3839\\2f45\\5645\\4e54\\2f6d\\6172\\5f32\\3136\\0000\「残念だけど、\f801\持ち合わせがないみたいだね」\f801\\ffff\</translate>
			</id>
			<id id="64"/>
			<id id="65">
				<origin>君たちは荷物入れの中から\f801\ネクタルを取り出して衛兵に手渡す。\f801\\ffff\</origin>
				<translate>君たちは荷物入れの中から\f801\ネクタルを取り出して衛兵に手渡す。\f801\\ffff\</translate>
			</id>
			<id id="66"/>
			<id id="67"/>
			<id id="68">
				<origin>\f859\\0700\「おお！\f801\ありがたい！」\f801\\ffff\</origin>
				<translate>\f859\\0700\「おお！\f801\ありがたい！」\f801\\ffff\</translate>
			</id>
			<id id="69"/>
			<id id="70"/>
			<id id="71">
				<origin>衛兵がネクタルを負傷兵に与える。\f801\ぐったりと動かなかった負傷兵は\f801\薬のおかげで、意識を取り戻す。\f801\\f802\どうやら命は救えたようだ。\f801\君たちも、安堵のため息を漏らす。\f801\\ffff\</origin>
				<translate>衛兵がネクタルを負傷兵に与える。\f801\ぐったりと動かなかった負傷兵は\f801\薬のおかげで、意識を取り戻す。\f801\\f802\どうやら命は救えたようだ。\f801\君たちも、安堵のため息を漏らす。\f801\\ffff\</translate>
			</id>
			<id id="72">
				<origin>\f859\\0700\\f81b\\565f\\4348\\4152\\5f31\\3037\\2f45\\5645\\4e54\\2f62\\6172\\5f32\\3039\\0000\「ありがとう、君たちのお陰で\f801\助かったよ。\f801\お礼にこれをもらって欲しい」\f801\\ffff\</origin>
				<translate>\f859\\0700\\f81b\\565f\\4348\\4152\\5f31\\3037\\2f45\\5645\\4e54\\2f62\\6172\\5f32\\3039\\0000\「ありがとう、君たちのお陰で\f801\助かったよ。\f801\お礼にこれをもらって欲しい」\f801\\ffff\</translate>
			</id>
			<id id="73"/>
			<id id="74">
				<origin>衛兵たちは君たちに何度も礼を言いながら\f801\その場を立ち去っていく。\f801\\ffff\</origin>
				<translate>衛兵たちは君たちに何度も礼を言いながら\f801\その場を立ち去っていく。\f801\\ffff\</translate>
			</id>
			<id id="75">
				<origin>\f859\\0b00\\f81b\\565f\\4348\\4152\\5f31\\3931\\2f42\\4154\\544c\\452f\\4c56\\5f55\\502f\\6d61\\725f\\3137\\3100\\0000\「良かったね。\f801\さあ、僕たちも先を急ごうか」\f801\\ffff\</origin>
				<translate>\f859\\0b00\\f81b\\565f\\4348\\4152\\5f31\\3931\\2f42\\4154\\544c\\452f\\4c56\\5f55\\502f\\6d61\\725f\\3137\\3100\\0000\「良かったね。\f801\さあ、僕たちも先を急ごうか」\f801\\ffff\</translate>
			</id>
			<id id="76">
				<origin>君たちは衛兵の命を救えたことに安心し\f801\自らも探索に戻ることにする。\f801\\ffff\</origin>
				<translate>君たちは衛兵の命を救えたことに安心し\f801\自らも探索に戻ることにする。\f801\\ffff\</translate>
			</id>
			<id id="77">
				<origin>瀕死の衛兵\f801\\ffff\</origin>
				<translate>瀕死の衛兵\f801\\ffff\</translate>
			</id>
			<id id="78"/>
			<id id="79"/>
			<id id="80">
				<origin>遺跡を探索していた君たちは\f801\瀕死の負傷兵を看護する衛兵に\f801\頼まれ、ネクタルを使って、\f801\兵士の命を救いお礼をもらった。\f801\\ffff\</origin>
				<translate>遺跡を探索していた君たちは\f801\瀕死の負傷兵を看護する衛兵に\f801\頼まれ、ネクタルを使って、\f801\兵士の命を救いお礼をもらった。\f801\\ffff\</translate>
			</id>
			<id id="81"/>
			<id id="82"/>
			<id id="83">
				<origin>\f859\\0700\\f81b\\565f\\4348\\4152\\5f31\\3037\\2f45\\5645\\4e54\\2f62\\6172\\5f32\\3036\\0000\「…ひょっとして持ち合わせがないのか？\f801\……しかたないな」\f801\\f802\「もし、手に入れたら持ってきて欲しい。\f801\そうでなければ彼は助からない……」\f801\\ffff\</origin>
				<translate>\f859\\0700\\f81b\\565f\\4348\\4152\\5f31\\3037\\2f45\\5645\\4e54\\2f62\\6172\\5f32\\3036\\0000\「…ひょっとして持ち合わせがないのか？\f801\……しかたないな」\f801\\f802\「もし、手に入れたら持ってきて欲しい。\f801\そうでなければ彼は助からない……」\f801\\ffff\</translate>
			</id>
			<id id="84"/>
			<id id="85"/>
			<id id="86">
				<origin>君たちは兵士の言葉に無言でうなずき、\f801\遺跡の探索に戻ることにする。\f801\\ffff\</origin>
				<translate>君たちは兵士の言葉に無言でうなずき、\f801\遺跡の探索に戻ることにする。\f801\\ffff\</translate>
			</id>
			<id id="87"/>
			<id id="88"/>
			<id id="89"/>
			<id id="90"/>
			<id id="91"/>
			<id id="92"/>
			<id id="93"/>
			<id id="94"/>
			<id id="95"/>
			<id id="96"/>
			<id id="97"/>
			<id id="98"/>
			<id id="99"/>
			<id id="100">
				<origin>遺跡を探索する君たちは、広場のような所で\f801\一人休んでいる衛兵を見かける。\f801\\f802\衛兵は君たちに気づくと、\f801\親しげに手招きをしてくる。\f801\\ffff\</origin>
				<translate>遺跡を探索する君たちは、広場のような所で\f801\一人休んでいる衛兵を見かける。\f801\\f802\衛兵は君たちに気づくと、\f801\親しげに手招きをしてくる。\f801\\ffff\</translate>
			</id>
			<id id="101"/>
			<id id="102"/>
			<id id="103">
				<origin>\f859\\0700\\f81b\\565f\\4348\\4152\\5f31\\3037\\2f45\\5645\\4e54\\2f62\\6172\\5f32\\3030\\0000\「君たち、ケガはないかい？\f801\回復薬があるんだが……」\f801\\ffff\</origin>
				<translate>\f859\\0700\\f81b\\565f\\4348\\4152\\5f31\\3037\\2f45\\5645\\4e54\\2f62\\6172\\5f32\\3030\\0000\「君たち、ケガはないかい？\f801\回復薬があるんだが……」\f801\\ffff\</translate>
			</id>
			<id id="104"/>
			<id id="105"/>
			<id id="106">
				<origin>魔物との戦いで回復薬の瓶にヒビが入り\f801\持ち歩けなくなったので、君たちの回復に\f801\使おうかと申し出てきたらしい。\f801\\f802\君たちは衛兵の申し出を受けて、\f801\回復することができる。\f801\\ffff\</origin>
				<translate>魔物との戦いで回復薬の瓶にヒビが入り\f801\持ち歩けなくなったので、君たちの回復に\f801\使おうかと申し出てきたらしい。\f801\\f802\君たちは衛兵の申し出を受けて、\f801\回復することができる。\f801\\ffff\</translate>
			</id>
			<id id="107"/>
			<id id="108"/>
			<id id="109">
				<origin>遺跡を探索する君たちは、衛兵のいる\f801\広場を再び訪れる。\f801\\ffff\</origin>
				<translate>遺跡を探索する君たちは、衛兵のいる\f801\広場を再び訪れる。\f801\\ffff\</translate>
			</id>
			<id id="110"/>
			<id id="111"/>
			<id id="112">
				<origin>\f859\\0700\\f81b\\565f\\4348\\4152\\5f31\\3037\\2f45\\5645\\4e54\\2f62\\6172\\5f32\\3030\\0000\「やあ、君たち。\f801\回復が必要になったかな？」\f801\\ffff\</origin>
				<translate>\f859\\0700\\f81b\\565f\\4348\\4152\\5f31\\3037\\2f45\\5645\\4e54\\2f62\\6172\\5f32\\3030\\0000\「やあ、君たち。\f801\回復が必要になったかな？」\f801\\ffff\</translate>
			</id>
			<id id="113"/>
			<id id="114"/>
			<id id="115">
				<origin>君たちは衛兵の申し出を受けて、\f801\回復することができる。\f801\\ffff\</origin>
				<translate>君たちは衛兵の申し出を受けて、\f801\回復することができる。\f801\\ffff\</translate>
			</id>
			<id id="116"/>
			<id id="117"/>
			<id id="118">
				<origin>\f804\\0500\どうしますか？\f804\\0000\\f801\回復してもらう\f801\今は必要ない\f801\\ffff\</origin>
				<translate>\f804\\0500\どうしますか？\f804\\0000\\f801\回復してもらう\f801\今は必要ない\f801\\ffff\</translate>
			</id>
			<id id="119"/>
			<id id="120"/>
			<id id="121">
				<origin>\f859\\0700\\f81b\\565f\\4348\\4152\\5f31\\3037\\2f45\\5645\\4e54\\2f62\\6172\\5f32\\3037\\0000\「よし、任せてくれ！」\f801\\ffff\</origin>
				<translate>\f859\\0700\\f81b\\565f\\4348\\4152\\5f31\\3037\\2f45\\5645\\4e54\\2f62\\6172\\5f32\\3037\\0000\「よし、任せてくれ！」\f801\\ffff\</translate>
			</id>
			<id id="122">
				<origin>\f859\\0a00\\f81b\\565f\\4348\\4152\\5f31\\3838\\2f45\\5645\\4e54\\2f6f\\6c69\\5f32\\3039\\0000\「ふぅ～～！\f801\生き返るぜ！」\f801\\ffff\</origin>
				<translate>\f859\\0a00\\f81b\\565f\\4348\\4152\\5f31\\3838\\2f45\\5645\\4e54\\2f6f\\6c69\\5f32\\3039\\0000\「ふぅ～～！\f801\生き返るぜ！」\f801\\ffff\</translate>
			</id>
			<id id="123">
				<origin>\f859\\0b00\\f81b\\565f\\4348\\4152\\5f31\\3839\\2f45\\5645\\4e54\\2f6d\\6172\\5f32\\3138\\0000\「ありがとう。\f801\これで僕たちはまだまだやれるよ。\f801\ね、\f840\？」\f801\\ffff\</origin>
				<translate>\f859\\0b00\\f81b\\565f\\4348\\4152\\5f31\\3839\\2f45\\5645\\4e54\\2f6d\\6172\\5f32\\3138\\0000\「ありがとう。\f801\これで僕たちはまだまだやれるよ。\f801\ね、\f840\？」\f801\\ffff\</translate>
			</id>
			<id id="124">
				<origin>\f859\\0700\\f81b\\565f\\4348\\4152\\5f31\\3037\\2f45\\5645\\4e54\\2f62\\6172\\5f32\\3033\\0000\「ヒビの入った薬瓶が無駄にならなくて\f801\良かったよ。\f801\それではそろそろ行くとするか」\f801\\ffff\</origin>
				<translate>\f859\\0700\\f81b\\565f\\4348\\4152\\5f31\\3037\\2f45\\5645\\4e54\\2f62\\6172\\5f32\\3033\\0000\「ヒビの入った薬瓶が無駄にならなくて\f801\良かったよ。\f801\それではそろそろ行くとするか」\f801\\ffff\</translate>
			</id>
			<id id="125"/>
			<id id="126"/>
			<id id="127">
				<origin>君たちは去っていく衛兵に\f801\感謝の言葉を投げかける。\f801\\f802\そして君たちも遺跡の探索に\f801\戻ることにする。\f801\\ffff\</origin>
				<translate>君たちは去っていく衛兵に\f801\感謝の言葉を投げかける。\f801\\f802\そして君たちも遺跡の探索に\f801\戻ることにする。\f801\\ffff\</translate>
			</id>
			<id id="128"/>
			<id id="129"/>
			<id id="130">
				<origin>衛生兵\f801\\ffff\</origin>
				<translate>衛生兵\f801\\ffff\</translate>
			</id>
			<id id="131"/>
			<id id="132"/>
			<id id="133">
				<origin>遺跡を探索していた君たちは\f801\広場で休んでいた衛兵の申し出で\f801\回復薬を使わせてもらい、\f801\傷を回復することができた。\f801\\ffff\</origin>
				<translate>遺跡を探索していた君たちは\f801\広場で休んでいた衛兵の申し出で\f801\回復薬を使わせてもらい、\f801\傷を回復することができた。\f801\\ffff\</translate>
			</id>
			<id id="134"/>
			<id id="135"/>
			<id id="136">
				<origin>\f859\\0700\\f81b\\565f\\4348\\4152\\5f31\\3037\\2f45\\5645\\4e54\\2f62\\6172\\5f32\\3036\\0000\「そうか。\f801\この回復薬が無駄にならないようにと\f801\思ったんだが……」\f801\\f802\「私はもう少しここで休んでいるから、\f801\回復が必要になったら、また来るといい」\f801\\ffff\</origin>
				<translate>\f859\\0700\\f81b\\565f\\4348\\4152\\5f31\\3037\\2f45\\5645\\4e54\\2f62\\6172\\5f32\\3036\\0000\「そうか。\f801\この回復薬が無駄にならないようにと\f801\思ったんだが……」\f801\\f802\「私はもう少しここで休んでいるから、\f801\回復が必要になったら、また来るといい」\f801\\ffff\</translate>
			</id>
			<id id="137"/>
			<id id="138"/>
			<id id="139">
				<origin>君たちはこの場を覚えておき、\f801\遺跡の探索に戻ることにする。\f801\\ffff\</origin>
				<translate>君たちはこの場を覚えておき、\f801\遺跡の探索に戻ることにする。\f801\\ffff\</translate>
			</id>
		</body>
	</mbm>
