<?xml version="1.0" encoding="UTF-8"?>
	<mbm>
		<head>000000004d53473200000100</head>
		<size>1c2c0000</size>
		<number>12040000</number>
		<j>200000000000000000000000</j>
		<body>
			<id id="0">
				<origin>遺跡を探索する君たちは、安全そうな広場の\f801\中央に立ち尽くす衛兵と出会う。\f801\\ffff\</origin>
				<translate>遺跡を探索する君たちは、安全そうな広場の\f801\中央に立ち尽くす衛兵と出会う。\f801\\ffff\</translate>
			</id>
			<id id="1"/>
			<id id="2">
				<origin>\f859\\0700\\f81b\\565f\\4348\\4152\\5f31\\3037\\2f45\\5645\\4e54\\2f62\\6172\\5f32\\3038\\0000\「ああ、君たち、冒険者だな？\f801\……よかった！\f801\頼む、助けてくれ！」\f801\\ffff\</origin>
				<translate>\f859\\0700\\f81b\\565f\\4348\\4152\\5f31\\3037\\2f45\\5645\\4e54\\2f62\\6172\\5f32\\3038\\0000\「ああ、君たち、冒険者だな？\f801\……よかった！\f801\頼む、助けてくれ！」\f801\\ffff\</translate>
			</id>
			<id id="3"/>
			<id id="4">
				<origin>衛兵は本当に切羽詰まっていたのか、\f801\一気に語りかけてくる。\f801\\ffff\</origin>
				<translate>衛兵は本当に切羽詰まっていたのか、\f801\一気に語りかけてくる。\f801\\ffff\</translate>
			</id>
			<id id="5"/>
			<id id="6">
				<origin>\f859\\0700\「実はいたずら好きの同僚に、剣と盾を\f801\持ち去られてしまったんだ！」\f801\\f802\「冗談で、こんな遺跡なんて素手で\f801\切り抜けられるって言ったのを\f801\真に受けたらしい」\f801\\f802\「しかし、装備もなしに行動するなんて、\f801\正気の沙汰じゃない！\f801\これではここから動けない！」\f801\\ffff\</origin>
				<translate>\f859\\0700\「実はいたずら好きの同僚に、剣と盾を\f801\持ち去られてしまったんだ！」\f801\\f802\「冗談で、こんな遺跡なんて素手で\f801\切り抜けられるって言ったのを\f801\真に受けたらしい」\f801\\f802\「しかし、装備もなしに行動するなんて、\f801\正気の沙汰じゃない！\f801\これではここから動けない！」\f801\\ffff\</translate>
			</id>
			<id id="7"/>
			<id id="8">
				<origin>衛兵の言うことは最もだ。\f801\危険な遺跡の中で武器も防具もなく\f801\取り残されれば、待っているのは死だ。\f801\\ffff\</origin>
				<translate>衛兵の言うことは最もだ。\f801\危険な遺跡の中で武器も防具もなく\f801\取り残されれば、待っているのは死だ。\f801\\ffff\</translate>
			</id>
			<id id="9"/>
			<id id="10">
				<origin>\f859\\0700\「そこで君たちに頼みたいことがある。\f801\私の剣と盾を見つけて、持ってきて欲しい」\f801\\f802\「この鍵を持っていってくれ。\f801\どうやらこの鍵がないと、\f801\私の装備は取り戻せないらしい」\f801\\f802\「君たちにも任務があることはわかる。\f801\だが、君たちに頼るしかないのだ。\f801\……頼んだぞ！」\f801\\ffff\</origin>
				<translate>\f859\\0700\「そこで君たちに頼みたいことがある。\f801\私の剣と盾を見つけて、持ってきて欲しい」\f801\\f802\「この鍵を持っていってくれ。\f801\どうやらこの鍵がないと、\f801\私の装備は取り戻せないらしい」\f801\\f802\「君たちにも任務があることはわかる。\f801\だが、君たちに頼るしかないのだ。\f801\……頼んだぞ！」\f801\\ffff\</translate>
			</id>
			<id id="11"/>
			<id id="12">
				<origin>君たちは衛兵に託された鍵を手に、\f801\探索に戻ることにする。\f801\\ffff\</origin>
				<translate>君たちは衛兵に託された鍵を手に、\f801\探索に戻ることにする。\f801\\ffff\</translate>
			</id>
			<id id="13"/>
			<id id="14">
				<origin>遺跡を探索する君たちは、安全そうな広場の\f801\中央に立ち尽くす衛兵の元に戻る。\f801\\ffff\</origin>
				<translate>遺跡を探索する君たちは、安全そうな広場の\f801\中央に立ち尽くす衛兵の元に戻る。\f801\\ffff\</translate>
			</id>
			<id id="15"/>
			<id id="16">
				<origin>\f859\\0700\「ああ、君たち！\f801\どうだい？\f801\私の装備は見つかったかい？」\f801\\ffff\</origin>
				<translate>\f859\\0700\「ああ、君たち！\f801\どうだい？\f801\私の装備は見つかったかい？」\f801\\ffff\</translate>
			</id>
			<id id="17"/>
			<id id="18">
				<origin>\f859\\0700\\f81b\\565f\\4348\\4152\\5f31\\3037\\2f45\\5645\\4e54\\2f62\\6172\\5f32\\3036\\0000\「……どうやらまだのようだね。\f801\済まないが、私の装備を探してきてくれ！」\f801\\ffff\</origin>
				<translate>\f859\\0700\\f81b\\565f\\4348\\4152\\5f31\\3037\\2f45\\5645\\4e54\\2f62\\6172\\5f32\\3036\\0000\「……どうやらまだのようだね。\f801\済まないが、私の装備を探してきてくれ！」\f801\\ffff\</translate>
			</id>
			<id id="19"/>
			<id id="20">
				<origin>\f804\\0500\どうしますか？\f804\\0000\\f801\盾を渡す\f801\立ち去る\f801\\ffff\</origin>
				<translate>\f804\\0500\どうしますか？\f804\\0000\\f801\盾を渡す\f801\立ち去る\f801\\ffff\</translate>
			</id>
			<id id="21">
				<origin>\f804\\0500\どうしますか？\f804\\0000\\f801\剣を渡す\f801\立ち去る\f801\\ffff\</origin>
				<translate>\f804\\0500\どうしますか？\f804\\0000\\f801\剣を渡す\f801\立ち去る\f801\\ffff\</translate>
			</id>
			<id id="22">
				<origin>君たちは回収してきた盾を衛兵に渡す。\f801\\ffff\</origin>
				<translate>君たちは回収してきた盾を衛兵に渡す。\f801\\ffff\</translate>
			</id>
			<id id="23"/>
			<id id="24">
				<origin>\f859\\0700\\f81b\\565f\\4348\\4152\\5f31\\3037\\2f45\\5645\\4e54\\2f62\\6172\\5f32\\3039\\0000\「おお、これは、私の盾だ！\f801\ありがとう！」\f801\\f802\「……言いにくいことなんだが……、\f801\剣も見つけてきてくれないだろうか？」\f801\\f802\「少し前にあの同僚が顔を見せたんで、\f801\とっ捕まえたんだが、そうしたらあいつは\f801\この鍵を渡してきたんだ」\f801\\f802\「これは剣を繋いでいる鎖の鍵らしい。\f801\これを君たちに託すよ」\f801\\ffff\</origin>
				<translate>\f859\\0700\\f81b\\565f\\4348\\4152\\5f31\\3037\\2f45\\5645\\4e54\\2f62\\6172\\5f32\\3039\\0000\「おお、これは、私の盾だ！\f801\ありがとう！」\f801\\f802\「……言いにくいことなんだが……、\f801\剣も見つけてきてくれないだろうか？」\f801\\f802\「少し前にあの同僚が顔を見せたんで、\f801\とっ捕まえたんだが、そうしたらあいつは\f801\この鍵を渡してきたんだ」\f801\\f802\「これは剣を繋いでいる鎖の鍵らしい。\f801\これを君たちに託すよ」\f801\\ffff\</translate>
			</id>
			<id id="25"/>
			<id id="26">
				<origin>衛兵は君たちに別の鍵を手渡してくる。\f801\\ffff\</origin>
				<translate>衛兵は君たちに別の鍵を手渡してくる。\f801\\ffff\</translate>
			</id>
			<id id="27"/>
			<id id="28">
				<origin>\f859\\0700\「盾だけでは戦うことができない。\f801\本当に済まないが、剣も見つけてきて\f801\欲しい。頼むよ」\f801\\ffff\</origin>
				<translate>\f859\\0700\「盾だけでは戦うことができない。\f801\本当に済まないが、剣も見つけてきて\f801\欲しい。頼むよ」\f801\\ffff\</translate>
			</id>
			<id id="29"/>
			<id id="30">
				<origin>君たちは回収してきた剣を衛兵に渡す。\f801\\ffff\</origin>
				<translate>君たちは回収してきた剣を衛兵に渡す。\f801\\ffff\</translate>
			</id>
			<id id="31"/>
			<id id="32">
				<origin>\f859\\0700\\f81b\\565f\\4348\\4152\\5f31\\3037\\2f45\\5645\\4e54\\2f62\\6172\\5f32\\3039\\0000\「おお、これは、私の剣だ！\f801\ありがとう！\f801\これでやっとここから出られるよ！」\f801\\f802\「君たちには世話になった。\f801\これはお礼だ。\f801\良かったら使ってくれ」\f801\\ffff\</origin>
				<translate>\f859\\0700\\f81b\\565f\\4348\\4152\\5f31\\3037\\2f45\\5645\\4e54\\2f62\\6172\\5f32\\3039\\0000\「おお、これは、私の剣だ！\f801\ありがとう！\f801\これでやっとここから出られるよ！」\f801\\f802\「君たちには世話になった。\f801\これはお礼だ。\f801\良かったら使ってくれ」\f801\\ffff\</translate>
			</id>
			<id id="33"/>
			<id id="34">
				<origin>\f859\\0700\\f81b\\565f\\4348\\4152\\5f31\\3037\\2f45\\5645\\4e54\\2f62\\6172\\5f32\\3033\\0000\「これでマギニアに帰れる！\f801\本当にありがとう」\f801\\ffff\</origin>
				<translate>\f859\\0700\\f81b\\565f\\4348\\4152\\5f31\\3037\\2f45\\5645\\4e54\\2f62\\6172\\5f32\\3033\\0000\「これでマギニアに帰れる！\f801\本当にありがとう」\f801\\ffff\</translate>
			</id>
			<id id="35"/>
			<id id="36">
				<origin>衛兵は、君たちに礼を言って\f801\足早に去っていく。\f801\\f802\君たちはそれを見送ってから、\f801\再び探索に戻ることにする。\f801\\ffff\</origin>
				<translate>衛兵は、君たちに礼を言って\f801\足早に去っていく。\f801\\f802\君たちはそれを見送ってから、\f801\再び探索に戻ることにする。\f801\\ffff\</translate>
			</id>
			<id id="37"/>
			<id id="38">
				<origin>困った衛兵\f801\\ffff\</origin>
				<translate>困った衛兵\f801\\ffff\</translate>
			</id>
			<id id="39"/>
			<id id="40">
				<origin>遺跡を探索していた君たちは\f801\剣と盾を同僚に隠された衛兵に\f801\頼まれ、剣と盾を見つけ出し、\f801\お礼の品を手に入れた。\f801\\ffff\</origin>
				<translate>遺跡を探索していた君たちは\f801\剣と盾を同僚に隠された衛兵に\f801\頼まれ、剣と盾を見つけ出し、\f801\お礼の品を手に入れた。\f801\\ffff\</translate>
			</id>
			<id id="41"/>
			<id id="42">
				<origin>\f859\\0700\\f81b\\565f\\4348\\4152\\5f31\\3037\\2f45\\5645\\4e54\\2f62\\6172\\5f32\\3036\\0000\「……そうか、見つかっていないのか。\f801\引き続き、頼むよ」\f801\\ffff\</origin>
				<translate>\f859\\0700\\f81b\\565f\\4348\\4152\\5f31\\3037\\2f45\\5645\\4e54\\2f62\\6172\\5f32\\3036\\0000\「……そうか、見つかっていないのか。\f801\引き続き、頼むよ」\f801\\ffff\</translate>
			</id>
			<id id="43"/>
			<id id="44"/>
			<id id="45"/>
			<id id="46"/>
			<id id="47"/>
			<id id="48"/>
			<id id="49"/>
			<id id="50">
				<origin>遺跡を探索する君たちは、壁に囲まれた\f801\行き止まりで、あるものを目にする。\f801\それは一枚の盾だ。\f801\\ffff\</origin>
				<translate>遺跡を探索する君たちは、壁に囲まれた\f801\行き止まりで、あるものを目にする。\f801\それは一枚の盾だ。\f801\\ffff\</translate>
			</id>
			<id id="51"/>
			<id id="52"/>
			<id id="53">
				<origin>その盾をよく見てみると、\f801\鎖でつながれており、鍵がなければ\f801\盾を取ることはできないようだ。\f801\\f802\鍵を見つけた時のため、\f801\君たちはこの場所を記憶し、\f801\遺跡の探索に戻ることにする。\f801\\ffff\</origin>
				<translate>その盾をよく見てみると、\f801\鎖でつながれており、鍵がなければ\f801\盾を取ることはできないようだ。\f801\\f802\鍵を見つけた時のため、\f801\君たちはこの場所を記憶し、\f801\遺跡の探索に戻ることにする。\f801\\ffff\</translate>
			</id>
			<id id="54"/>
			<id id="55"/>
			<id id="56">
				<origin>その盾をよく見てみると、\f801\鎖でつながれており、鍵がなければ\f801\盾を取ることはできないようだ。\f801\\f802\しかし君たちの手には、\f801\あの衛兵から託された鍵があるはずだ。\f801\\f802\君たちは解錠を試みることができる。\f801\\ffff\</origin>
				<translate>その盾をよく見てみると、\f801\鎖でつながれており、鍵がなければ\f801\盾を取ることはできないようだ。\f801\\f802\しかし君たちの手には、\f801\あの衛兵から託された鍵があるはずだ。\f801\\f802\君たちは解錠を試みることができる。\f801\\ffff\</translate>
			</id>
			<id id="57"/>
			<id id="58"/>
			<id id="59">
				<origin>\f804\\0500\どうしますか？\f804\\0000\\f801\試みる\f801\立ち去る\f801\\ffff\</origin>
				<translate>\f804\\0500\どうしますか？\f804\\0000\\f801\試みる\f801\立ち去る\f801\\ffff\</translate>
			</id>
			<id id="60"/>
			<id id="61"/>
			<id id="62">
				<origin>君たちは衛兵から託された鍵を\f801\鎖についた鍵穴に差し込む。\f801\\f802\その鍵穴に君たちの使った鍵はピタリと\f801\はまり、微かな手応えと、機械音をたてて\f801\解錠される。\f801\\f802\鍵は鍵穴と一体になり外れなくなったが、\f801\代わりに君たちは衛兵の盾を手に入れる！\f801\\f802\君たちは今手に入れた盾を\f801\あの衛兵に届けることができる。\f801\\ffff\</origin>
				<translate>君たちは衛兵から託された鍵を\f801\鎖についた鍵穴に差し込む。\f801\\f802\その鍵穴に君たちの使った鍵はピタリと\f801\はまり、微かな手応えと、機械音をたてて\f801\解錠される。\f801\\f802\鍵は鍵穴と一体になり外れなくなったが、\f801\代わりに君たちは衛兵の盾を手に入れる！\f801\\f802\君たちは今手に入れた盾を\f801\あの衛兵に届けることができる。\f801\\ffff\</translate>
			</id>
			<id id="63"/>
			<id id="64"/>
			<id id="65">
				<origin>つながれた盾\f801\\ffff\</origin>
				<translate>つながれた盾\f801\\ffff\</translate>
			</id>
			<id id="66"/>
			<id id="67"/>
			<id id="68">
				<origin>遺跡を探索していた君たちは\f801\鎖につながれた盾を、衛兵から\f801\託された鍵で解錠し、手に入れる\f801\ことができた。\f801\\ffff\</origin>
				<translate>遺跡を探索していた君たちは\f801\鎖につながれた盾を、衛兵から\f801\託された鍵で解錠し、手に入れる\f801\ことができた。\f801\\ffff\</translate>
			</id>
			<id id="69"/>
			<id id="70"/>
			<id id="71">
				<origin>今はやめておこう。\f801\そう判断した君たちは\f801\この場を立ち去ることにする。\f801\\ffff\</origin>
				<translate>今はやめておこう。\f801\そう判断した君たちは\f801\この場を立ち去ることにする。\f801\\ffff\</translate>
			</id>
			<id id="72"/>
			<id id="73"/>
			<id id="74"/>
			<id id="75"/>
			<id id="76"/>
			<id id="77"/>
			<id id="78"/>
			<id id="79"/>
			<id id="80"/>
			<id id="81"/>
			<id id="82"/>
			<id id="83"/>
			<id id="84"/>
			<id id="85"/>
			<id id="86"/>
			<id id="87"/>
			<id id="88"/>
			<id id="89"/>
			<id id="90"/>
			<id id="91"/>
			<id id="92"/>
			<id id="93"/>
			<id id="94"/>
			<id id="95"/>
			<id id="96"/>
			<id id="97"/>
			<id id="98"/>
			<id id="99"/>
			<id id="100">
				<origin>遺跡を探索する君たちは、壁に囲まれた\f801\行き止まりで、あるものを目にする。\f801\それは一振りの剣だ。\f801\\ffff\</origin>
				<translate>遺跡を探索する君たちは、壁に囲まれた\f801\行き止まりで、あるものを目にする。\f801\それは一振りの剣だ。\f801\\ffff\</translate>
			</id>
			<id id="101"/>
			<id id="102"/>
			<id id="103">
				<origin>その剣をよく見てみると、\f801\鎖でつながれており、鍵がなければ\f801\剣を取ることはできないようだ。\f801\\f802\鍵を見つけた時のため、\f801\君たちはこの場所を記憶し、\f801\遺跡の探索に戻ることにする。\f801\\ffff\</origin>
				<translate>その剣をよく見てみると、\f801\鎖でつながれており、鍵がなければ\f801\剣を取ることはできないようだ。\f801\\f802\鍵を見つけた時のため、\f801\君たちはこの場所を記憶し、\f801\遺跡の探索に戻ることにする。\f801\\ffff\</translate>
			</id>
			<id id="104"/>
			<id id="105"/>
			<id id="106">
				<origin>その剣をよく見てみると、\f801\鎖でつながれており、鍵がなければ\f801\剣を取ることはできないようだ。\f801\\f802\しかし君たちの手には、\f801\あの衛兵から託された鍵があるはずだ。\f801\\f802\君たちは解錠を試みることができる。\f801\\ffff\</origin>
				<translate>その剣をよく見てみると、\f801\鎖でつながれており、鍵がなければ\f801\剣を取ることはできないようだ。\f801\\f802\しかし君たちの手には、\f801\あの衛兵から託された鍵があるはずだ。\f801\\f802\君たちは解錠を試みることができる。\f801\\ffff\</translate>
			</id>
			<id id="107"/>
			<id id="108"/>
			<id id="109">
				<origin>\f804\\0500\どうしますか？\f804\\0000\\f801\試みる\f801\立ち去る\f801\\ffff\</origin>
				<translate>\f804\\0500\どうしますか？\f804\\0000\\f801\試みる\f801\立ち去る\f801\\ffff\</translate>
			</id>
			<id id="110"/>
			<id id="111"/>
			<id id="112">
				<origin>君たちは衛兵から託された鍵を\f801\鎖についた鍵穴に差し込む。\f801\\f802\しかし、その鍵穴と君たちが手にした鍵は\f801\合わないようだ。\f801\\f802\どうやらこの鍵はこの剣を開放するための\f801\ものではないらしい。\f801\\f802\正しい鍵を見つけた時のため、\f801\君たちはこの場所を記憶し、\f801\遺跡の探索に戻ることにする。\f801\\ffff\</origin>
				<translate>君たちは衛兵から託された鍵を\f801\鎖についた鍵穴に差し込む。\f801\\f802\しかし、その鍵穴と君たちが手にした鍵は\f801\合わないようだ。\f801\\f802\どうやらこの鍵はこの剣を開放するための\f801\ものではないらしい。\f801\\f802\正しい鍵を見つけた時のため、\f801\君たちはこの場所を記憶し、\f801\遺跡の探索に戻ることにする。\f801\\ffff\</translate>
			</id>
			<id id="113"/>
			<id id="114"/>
			<id id="115">
				<origin>君たちは衛兵から託された鍵を\f801\鎖についた鍵穴に差し込む。\f801\\f802\その鍵穴に君たちの使った鍵はピタリと\f801\はまり、微かな手応えと、機械音をたてて\f801\解錠される。\f801\\f802\鍵は鍵穴と一体になり外れなくなったが、\f801\代わりに君たちは衛兵の剣を手に入れる！\f801\\f802\君たちは今手に入れた剣を\f801\あの衛兵に届けることができる。\f801\\ffff\</origin>
				<translate>君たちは衛兵から託された鍵を\f801\鎖についた鍵穴に差し込む。\f801\\f802\その鍵穴に君たちの使った鍵はピタリと\f801\はまり、微かな手応えと、機械音をたてて\f801\解錠される。\f801\\f802\鍵は鍵穴と一体になり外れなくなったが、\f801\代わりに君たちは衛兵の剣を手に入れる！\f801\\f802\君たちは今手に入れた剣を\f801\あの衛兵に届けることができる。\f801\\ffff\</translate>
			</id>
			<id id="116"/>
			<id id="117"/>
			<id id="118">
				<origin>つながれた剣\f801\\ffff\</origin>
				<translate>つながれた剣\f801\\ffff\</translate>
			</id>
			<id id="119"/>
			<id id="120"/>
			<id id="121">
				<origin>遺跡を探索していた君たちは\f801\鎖につながれた剣を、衛兵から\f801\託された鍵で解錠し、手に入れる\f801\ことができた。\f801\\ffff\</origin>
				<translate>遺跡を探索していた君たちは\f801\鎖につながれた剣を、衛兵から\f801\託された鍵で解錠し、手に入れる\f801\ことができた。\f801\\ffff\</translate>
			</id>
			<id id="122"/>
			<id id="123"/>
			<id id="124">
				<origin>今はやめておこう。\f801\そう判断した君たちは\f801\この場を立ち去ることにする。\f801\\ffff\</origin>
				<translate>今はやめておこう。\f801\そう判断した君たちは\f801\この場を立ち去ることにする。\f801\\ffff\</translate>
			</id>
			<id id="125"/>
			<id id="126"/>
			<id id="127"/>
			<id id="128"/>
			<id id="129"/>
			<id id="130"/>
			<id id="131"/>
			<id id="132"/>
			<id id="133"/>
			<id id="134"/>
			<id id="135"/>
			<id id="136"/>
			<id id="137"/>
			<id id="138"/>
			<id id="139"/>
			<id id="140"/>
			<id id="141"/>
			<id id="142"/>
			<id id="143"/>
			<id id="144"/>
			<id id="145"/>
			<id id="146"/>
			<id id="147"/>
			<id id="148"/>
			<id id="149"/>
			<id id="150">
				<origin>遺跡を探索する君たちは、\f801\小さな広場の様な場所の隅で\f801\休んでいる一団と出会う。\f801\\ffff\</origin>
				<translate>遺跡を探索する君たちは、\f801\小さな広場の様な場所の隅で\f801\休んでいる一団と出会う。\f801\\ffff\</translate>
			</id>
			<id id="151">
				<origin>彼らは\f804\\0500\\f810\\0000\\f804\\0000\と名乗った。\f801\その中の\f804\\0500\\f810\\0100\\f804\\0000\が\f801\君たちにあるものを差し出す。\f801\\f802\「戦いに苦労しているかい？\f801\良かったら使って欲しい」\f801\\f802\「これで相手の攻撃を\f801\当たりにくくできる」\f801\そう渡されたのは糸だ。\f801\\ffff\</origin>
				<translate>彼らは\f804\\0500\\f810\\0000\\f804\\0000\と名乗った。\f801\その中の\f804\\0500\\f810\\0100\\f804\\0000\が\f801\君たちにあるものを差し出す。\f801\\f802\「戦いに苦労しているかい？\f801\良かったら使って欲しい」\f801\\f802\「これで相手の攻撃を\f801\当たりにくくできる」\f801\そう渡されたのは糸だ。\f801\\ffff\</translate>
			</id>
			<id id="152"/>
			<id id="153">
				<origin>我々はそろそろ出発する、\f801\お互いに気をつけて探索しよう、\f801\そう言って彼らは去っていく。\f801\\f802\君たちも一息ついてから、\f801\\f804\\0500\\f810\\0000\\f804\\0000\に負けまいと\f801\新たな気持ちで探索に戻ることにする。\f801\\ffff\</origin>
				<translate>我々はそろそろ出発する、\f801\お互いに気をつけて探索しよう、\f801\そう言って彼らは去っていく。\f801\\f802\君たちも一息ついてから、\f801\\f804\\0500\\f810\\0000\\f804\\0000\に負けまいと\f801\新たな気持ちで探索に戻ることにする。\f801\\ffff\</translate>
			</id>
			<id id="154"/>
			<id id="155"/>
			<id id="156">
				<origin>ギルド同士の助け合い\f801\\ffff\</origin>
				<translate>ギルド同士の助け合い\f801\\ffff\</translate>
			</id>
			<id id="157"/>
			<id id="158"/>
			<id id="159">
				<origin>遺跡を探索していた君たちは\f801\広場の一角で休んでいた\f801\別のギルドから戦いに役立つ\f801\アイテムをもらった。\f801\\ffff\</origin>
				<translate>遺跡を探索していた君たちは\f801\広場の一角で休んでいた\f801\別のギルドから戦いに役立つ\f801\アイテムをもらった。\f801\\ffff\</translate>
			</id>
			<id id="160"/>
			<id id="161"/>
			<id id="162"/>
			<id id="163"/>
			<id id="164"/>
			<id id="165"/>
			<id id="166"/>
			<id id="167"/>
			<id id="168"/>
			<id id="169"/>
			<id id="170"/>
			<id id="171"/>
			<id id="172"/>
			<id id="173"/>
			<id id="174"/>
			<id id="175"/>
			<id id="176"/>
			<id id="177"/>
			<id id="178"/>
			<id id="179"/>
			<id id="180"/>
			<id id="181"/>
			<id id="182"/>
			<id id="183"/>
			<id id="184"/>
			<id id="185"/>
			<id id="186"/>
			<id id="187"/>
			<id id="188"/>
			<id id="189"/>
			<id id="190"/>
			<id id="191"/>
			<id id="192"/>
			<id id="193"/>
			<id id="194"/>
			<id id="195"/>
			<id id="196"/>
			<id id="197"/>
			<id id="198"/>
			<id id="199"/>
			<id id="200">
				<origin>遺跡を探索する君たちは、低い壁の上に\f801\ポッカリと空いた穴に気づく。\f801\\f802\少し前に通り雨が降ったせいか、\f801\きれいな雨水がその穴に溜まっている。\f801\\f802\君たちはこの水を飲むことができる。\f801\\ffff\</origin>
				<translate>遺跡を探索する君たちは、低い壁の上に\f801\ポッカリと空いた穴に気づく。\f801\\f802\少し前に通り雨が降ったせいか、\f801\きれいな雨水がその穴に溜まっている。\f801\\f802\君たちはこの水を飲むことができる。\f801\\ffff\</translate>
			</id>
			<id id="201"/>
			<id id="202"/>
			<id id="203">
				<origin>\f804\\0500\どうしますか？\f804\\0000\\f801\飲む\f801\立ち去る\f801\\ffff\</origin>
				<translate>\f804\\0500\どうしますか？\f804\\0000\\f801\飲む\f801\立ち去る\f801\\ffff\</translate>
			</id>
			<id id="204"/>
			<id id="205"/>
			<id id="206">
				<origin>君たちはその雨水を飲むことにする。\f801\\f802\穴に溜まった雨水を両手ですくい、\f801\それを喉の奥へと流し込む。\f801\\f802\思い切り冷えているというわけではないが、\f801\新鮮な水は、探索で疲れた君たちの喉を潤し\f801\体に活力を与えてくれるようだ！\f801\\ffff\</origin>
				<translate>君たちはその雨水を飲むことにする。\f801\\f802\穴に溜まった雨水を両手ですくい、\f801\それを喉の奥へと流し込む。\f801\\f802\思い切り冷えているというわけではないが、\f801\新鮮な水は、探索で疲れた君たちの喉を潤し\f801\体に活力を与えてくれるようだ！\f801\\ffff\</translate>
			</id>
			<id id="207"/>
			<id id="208"/>
			<id id="209">
				<origin>このような探索中に真水に出会えるのは\f801\幸運なことだ。\f801\\f802\君たちはこの幸運に感謝しつつ、\f801\遺跡の探索に戻ることにする。\f801\\ffff\</origin>
				<translate>このような探索中に真水に出会えるのは\f801\幸運なことだ。\f801\\f802\君たちはこの幸運に感謝しつつ、\f801\遺跡の探索に戻ることにする。\f801\\ffff\</translate>
			</id>
			<id id="210"/>
			<id id="211"/>
			<id id="212"/>
			<id id="213"/>
			<id id="214"/>
			<id id="215"/>
			<id id="216"/>
			<id id="217"/>
			<id id="218"/>
			<id id="219"/>
			<id id="220"/>
			<id id="221"/>
			<id id="222"/>
			<id id="223"/>
			<id id="224"/>
			<id id="225"/>
			<id id="226"/>
			<id id="227"/>
			<id id="228"/>
			<id id="229"/>
			<id id="230"/>
			<id id="231"/>
			<id id="232"/>
			<id id="233"/>
			<id id="234"/>
			<id id="235"/>
			<id id="236"/>
			<id id="237"/>
			<id id="238"/>
			<id id="239"/>
			<id id="240"/>
			<id id="241"/>
			<id id="242"/>
			<id id="243"/>
			<id id="244"/>
			<id id="245"/>
			<id id="246"/>
			<id id="247"/>
			<id id="248"/>
			<id id="249"/>
			<id id="250"/>
			<id id="251"/>
			<id id="252"/>
			<id id="253"/>
			<id id="254"/>
			<id id="255"/>
			<id id="256"/>
			<id id="257"/>
			<id id="258"/>
			<id id="259"/>
			<id id="260"/>
			<id id="261"/>
			<id id="262">
				<origin>壁の穴の雨水\f801\\ffff\</origin>
				<translate>壁の穴の雨水\f801\\ffff\</translate>
			</id>
			<id id="263"/>
			<id id="264"/>
			<id id="265">
				<origin>遺跡を探索していた君たちは\f801\低い壁の上面に開いた穴に\f801\溜まっていた雨水を見つけて飲み、\f801\体力を回復させることができた。\f801\\ffff\</origin>
				<translate>遺跡を探索していた君たちは\f801\低い壁の上面に開いた穴に\f801\溜まっていた雨水を見つけて飲み、\f801\体力を回復させることができた。\f801\\ffff\</translate>
			</id>
			<id id="266"/>
			<id id="267"/>
			<id id="268">
				<origin>今は飲む必要はない。\f801\君たちはその場を立ち去ることにする。\f801\\ffff\</origin>
				<translate>今は飲む必要はない。\f801\君たちはその場を立ち去ることにする。\f801\\ffff\</translate>
			</id>
			<id id="269"/>
			<id id="270"/>
			<id id="271"/>
			<id id="272"/>
			<id id="273"/>
			<id id="274"/>
			<id id="275"/>
			<id id="276"/>
			<id id="277"/>
			<id id="278"/>
			<id id="279"/>
			<id id="280"/>
			<id id="281"/>
			<id id="282"/>
			<id id="283"/>
			<id id="284"/>
			<id id="285"/>
			<id id="286"/>
			<id id="287"/>
			<id id="288"/>
			<id id="289"/>
			<id id="290"/>
			<id id="291"/>
			<id id="292"/>
			<id id="293"/>
			<id id="294"/>
			<id id="295"/>
			<id id="296"/>
			<id id="297"/>
			<id id="298"/>
			<id id="299"/>
			<id id="300"/>
			<id id="301"/>
			<id id="302"/>
			<id id="303"/>
			<id id="304"/>
			<id id="305"/>
			<id id="306"/>
			<id id="307"/>
			<id id="308"/>
			<id id="309"/>
			<id id="310"/>
			<id id="311"/>
			<id id="312"/>
			<id id="313"/>
			<id id="314"/>
			<id id="315"/>
			<id id="316"/>
			<id id="317"/>
			<id id="318"/>
			<id id="319"/>
			<id id="320"/>
			<id id="321"/>
			<id id="322"/>
			<id id="323"/>
			<id id="324"/>
			<id id="325"/>
			<id id="326"/>
			<id id="327"/>
			<id id="328"/>
			<id id="329"/>
			<id id="330"/>
			<id id="331"/>
			<id id="332"/>
			<id id="333"/>
			<id id="334"/>
			<id id="335"/>
			<id id="336"/>
			<id id="337"/>
			<id id="338"/>
			<id id="339"/>
			<id id="340"/>
			<id id="341"/>
			<id id="342"/>
			<id id="343"/>
			<id id="344"/>
			<id id="345"/>
			<id id="346"/>
			<id id="347"/>
			<id id="348"/>
			<id id="349"/>
			<id id="350"/>
			<id id="351"/>
			<id id="352"/>
			<id id="353"/>
			<id id="354"/>
			<id id="355"/>
			<id id="356"/>
			<id id="357"/>
			<id id="358"/>
			<id id="359"/>
			<id id="360"/>
			<id id="361"/>
			<id id="362"/>
			<id id="363"/>
			<id id="364"/>
			<id id="365"/>
			<id id="366"/>
			<id id="367"/>
			<id id="368"/>
			<id id="369"/>
			<id id="370"/>
			<id id="371"/>
			<id id="372"/>
			<id id="373"/>
			<id id="374"/>
			<id id="375"/>
			<id id="376"/>
			<id id="377"/>
			<id id="378"/>
			<id id="379"/>
			<id id="380"/>
			<id id="381"/>
			<id id="382"/>
			<id id="383"/>
			<id id="384"/>
			<id id="385"/>
			<id id="386"/>
			<id id="387"/>
			<id id="388"/>
			<id id="389"/>
			<id id="390"/>
			<id id="391"/>
			<id id="392"/>
			<id id="393"/>
			<id id="394"/>
			<id id="395"/>
			<id id="396"/>
			<id id="397"/>
			<id id="398"/>
			<id id="399"/>
			<id id="400"/>
			<id id="401"/>
			<id id="402"/>
			<id id="403"/>
			<id id="404"/>
			<id id="405"/>
			<id id="406"/>
			<id id="407"/>
			<id id="408"/>
			<id id="409"/>
			<id id="410"/>
			<id id="411"/>
			<id id="412"/>
			<id id="413"/>
			<id id="414"/>
			<id id="415"/>
			<id id="416"/>
			<id id="417"/>
			<id id="418"/>
			<id id="419"/>
			<id id="420"/>
			<id id="421"/>
			<id id="422"/>
			<id id="423"/>
			<id id="424"/>
			<id id="425"/>
			<id id="426"/>
			<id id="427"/>
			<id id="428"/>
			<id id="429"/>
			<id id="430"/>
			<id id="431"/>
			<id id="432"/>
			<id id="433"/>
			<id id="434"/>
			<id id="435"/>
			<id id="436"/>
			<id id="437"/>
			<id id="438"/>
			<id id="439"/>
			<id id="440"/>
			<id id="441"/>
			<id id="442"/>
			<id id="443"/>
			<id id="444"/>
			<id id="445"/>
			<id id="446"/>
			<id id="447"/>
			<id id="448"/>
			<id id="449"/>
			<id id="450"/>
			<id id="451"/>
			<id id="452"/>
			<id id="453"/>
			<id id="454"/>
			<id id="455"/>
			<id id="456"/>
			<id id="457"/>
			<id id="458"/>
			<id id="459"/>
			<id id="460"/>
			<id id="461"/>
			<id id="462"/>
			<id id="463"/>
			<id id="464"/>
			<id id="465"/>
			<id id="466"/>
			<id id="467"/>
			<id id="468"/>
			<id id="469"/>
			<id id="470"/>
			<id id="471"/>
			<id id="472"/>
			<id id="473"/>
			<id id="474"/>
			<id id="475"/>
			<id id="476"/>
			<id id="477"/>
			<id id="478"/>
			<id id="479"/>
			<id id="480"/>
			<id id="481"/>
			<id id="482"/>
			<id id="483"/>
			<id id="484"/>
			<id id="485"/>
			<id id="486"/>
			<id id="487"/>
			<id id="488"/>
			<id id="489"/>
			<id id="490"/>
			<id id="491"/>
			<id id="492"/>
			<id id="493"/>
			<id id="494"/>
			<id id="495"/>
			<id id="496"/>
			<id id="497"/>
			<id id="498"/>
			<id id="499"/>
			<id id="500"/>
			<id id="501"/>
			<id id="502"/>
			<id id="503"/>
			<id id="504"/>
			<id id="505"/>
			<id id="506"/>
			<id id="507"/>
			<id id="508"/>
			<id id="509"/>
			<id id="510"/>
			<id id="511"/>
			<id id="512"/>
			<id id="513"/>
			<id id="514"/>
			<id id="515"/>
			<id id="516"/>
			<id id="517"/>
			<id id="518"/>
			<id id="519"/>
			<id id="520"/>
			<id id="521"/>
			<id id="522"/>
			<id id="523"/>
			<id id="524"/>
			<id id="525"/>
			<id id="526"/>
			<id id="527"/>
			<id id="528"/>
			<id id="529"/>
			<id id="530"/>
			<id id="531"/>
			<id id="532"/>
			<id id="533"/>
			<id id="534"/>
			<id id="535"/>
			<id id="536"/>
			<id id="537"/>
			<id id="538"/>
			<id id="539"/>
			<id id="540"/>
			<id id="541"/>
			<id id="542"/>
			<id id="543"/>
			<id id="544"/>
			<id id="545"/>
			<id id="546"/>
			<id id="547"/>
			<id id="548"/>
			<id id="549"/>
			<id id="550"/>
			<id id="551"/>
			<id id="552"/>
			<id id="553"/>
			<id id="554"/>
			<id id="555"/>
			<id id="556"/>
			<id id="557"/>
			<id id="558"/>
			<id id="559"/>
			<id id="560"/>
			<id id="561"/>
			<id id="562"/>
			<id id="563"/>
			<id id="564"/>
			<id id="565"/>
			<id id="566"/>
			<id id="567"/>
			<id id="568"/>
			<id id="569"/>
			<id id="570"/>
			<id id="571"/>
			<id id="572"/>
			<id id="573"/>
			<id id="574"/>
			<id id="575"/>
			<id id="576"/>
			<id id="577"/>
			<id id="578"/>
			<id id="579"/>
			<id id="580"/>
			<id id="581"/>
			<id id="582"/>
			<id id="583"/>
			<id id="584"/>
			<id id="585"/>
			<id id="586"/>
			<id id="587"/>
			<id id="588"/>
			<id id="589"/>
			<id id="590"/>
			<id id="591"/>
			<id id="592"/>
			<id id="593"/>
			<id id="594"/>
			<id id="595"/>
			<id id="596"/>
			<id id="597"/>
			<id id="598"/>
			<id id="599"/>
			<id id="600"/>
			<id id="601"/>
			<id id="602"/>
			<id id="603"/>
			<id id="604"/>
			<id id="605"/>
			<id id="606"/>
			<id id="607"/>
			<id id="608"/>
			<id id="609"/>
			<id id="610"/>
			<id id="611"/>
			<id id="612"/>
			<id id="613"/>
			<id id="614"/>
			<id id="615"/>
			<id id="616"/>
			<id id="617"/>
			<id id="618"/>
			<id id="619"/>
			<id id="620"/>
			<id id="621"/>
			<id id="622"/>
			<id id="623"/>
			<id id="624"/>
			<id id="625"/>
			<id id="626"/>
			<id id="627"/>
			<id id="628"/>
			<id id="629"/>
			<id id="630"/>
			<id id="631"/>
			<id id="632"/>
			<id id="633"/>
			<id id="634"/>
			<id id="635"/>
			<id id="636"/>
			<id id="637"/>
			<id id="638"/>
			<id id="639"/>
			<id id="640"/>
			<id id="641"/>
			<id id="642"/>
			<id id="643"/>
			<id id="644"/>
			<id id="645"/>
			<id id="646"/>
			<id id="647"/>
			<id id="648"/>
			<id id="649"/>
			<id id="650"/>
			<id id="651"/>
			<id id="652"/>
			<id id="653"/>
			<id id="654"/>
			<id id="655"/>
			<id id="656"/>
			<id id="657"/>
			<id id="658"/>
			<id id="659"/>
			<id id="660"/>
			<id id="661"/>
			<id id="662"/>
			<id id="663"/>
			<id id="664"/>
			<id id="665"/>
			<id id="666"/>
			<id id="667"/>
			<id id="668"/>
			<id id="669"/>
			<id id="670"/>
			<id id="671"/>
			<id id="672"/>
			<id id="673"/>
			<id id="674"/>
			<id id="675"/>
			<id id="676"/>
			<id id="677"/>
			<id id="678"/>
			<id id="679"/>
			<id id="680"/>
			<id id="681"/>
			<id id="682"/>
			<id id="683"/>
			<id id="684"/>
			<id id="685"/>
			<id id="686"/>
			<id id="687"/>
			<id id="688"/>
			<id id="689"/>
			<id id="690"/>
			<id id="691"/>
			<id id="692"/>
			<id id="693"/>
			<id id="694"/>
			<id id="695"/>
			<id id="696"/>
			<id id="697"/>
			<id id="698"/>
			<id id="699"/>
			<id id="700"/>
			<id id="701"/>
			<id id="702"/>
			<id id="703"/>
			<id id="704"/>
			<id id="705"/>
			<id id="706"/>
			<id id="707"/>
			<id id="708"/>
			<id id="709"/>
			<id id="710"/>
			<id id="711"/>
			<id id="712"/>
			<id id="713"/>
			<id id="714"/>
			<id id="715"/>
			<id id="716"/>
			<id id="717"/>
			<id id="718"/>
			<id id="719"/>
			<id id="720"/>
			<id id="721"/>
			<id id="722"/>
			<id id="723"/>
			<id id="724"/>
			<id id="725"/>
			<id id="726"/>
			<id id="727"/>
			<id id="728"/>
			<id id="729"/>
			<id id="730"/>
			<id id="731"/>
			<id id="732"/>
			<id id="733"/>
			<id id="734"/>
			<id id="735"/>
			<id id="736"/>
			<id id="737"/>
			<id id="738"/>
			<id id="739"/>
			<id id="740"/>
			<id id="741"/>
			<id id="742"/>
			<id id="743"/>
			<id id="744"/>
			<id id="745"/>
			<id id="746"/>
			<id id="747"/>
			<id id="748"/>
			<id id="749"/>
			<id id="750"/>
			<id id="751"/>
			<id id="752"/>
			<id id="753"/>
			<id id="754"/>
			<id id="755"/>
			<id id="756"/>
			<id id="757"/>
			<id id="758"/>
			<id id="759"/>
			<id id="760"/>
			<id id="761"/>
			<id id="762"/>
			<id id="763"/>
			<id id="764"/>
			<id id="765"/>
			<id id="766"/>
			<id id="767"/>
			<id id="768"/>
			<id id="769"/>
			<id id="770"/>
			<id id="771"/>
			<id id="772"/>
			<id id="773"/>
			<id id="774"/>
			<id id="775"/>
			<id id="776"/>
			<id id="777"/>
			<id id="778"/>
			<id id="779"/>
			<id id="780"/>
			<id id="781"/>
			<id id="782"/>
			<id id="783"/>
			<id id="784"/>
			<id id="785"/>
			<id id="786"/>
			<id id="787"/>
			<id id="788"/>
			<id id="789"/>
			<id id="790"/>
			<id id="791"/>
			<id id="792"/>
			<id id="793"/>
			<id id="794"/>
			<id id="795"/>
			<id id="796"/>
			<id id="797"/>
			<id id="798"/>
			<id id="799"/>
			<id id="800"/>
			<id id="801"/>
			<id id="802"/>
			<id id="803"/>
			<id id="804"/>
			<id id="805"/>
			<id id="806"/>
			<id id="807"/>
			<id id="808"/>
			<id id="809"/>
			<id id="810"/>
			<id id="811"/>
			<id id="812"/>
			<id id="813"/>
			<id id="814"/>
			<id id="815"/>
			<id id="816"/>
			<id id="817"/>
			<id id="818"/>
			<id id="819"/>
			<id id="820"/>
			<id id="821"/>
			<id id="822"/>
			<id id="823"/>
			<id id="824"/>
			<id id="825"/>
			<id id="826"/>
			<id id="827"/>
			<id id="828"/>
			<id id="829"/>
			<id id="830"/>
			<id id="831"/>
			<id id="832"/>
			<id id="833"/>
			<id id="834"/>
			<id id="835"/>
			<id id="836"/>
			<id id="837"/>
			<id id="838"/>
			<id id="839"/>
			<id id="840"/>
			<id id="841"/>
			<id id="842"/>
			<id id="843"/>
			<id id="844"/>
			<id id="845"/>
			<id id="846"/>
			<id id="847"/>
			<id id="848"/>
			<id id="849"/>
			<id id="850"/>
			<id id="851"/>
			<id id="852"/>
			<id id="853"/>
			<id id="854"/>
			<id id="855"/>
			<id id="856"/>
			<id id="857"/>
			<id id="858"/>
			<id id="859"/>
			<id id="860"/>
			<id id="861"/>
			<id id="862"/>
			<id id="863"/>
			<id id="864"/>
			<id id="865"/>
			<id id="866"/>
			<id id="867"/>
			<id id="868"/>
			<id id="869"/>
			<id id="870"/>
			<id id="871"/>
			<id id="872"/>
			<id id="873"/>
			<id id="874"/>
			<id id="875"/>
			<id id="876"/>
			<id id="877"/>
			<id id="878"/>
			<id id="879"/>
			<id id="880"/>
			<id id="881"/>
			<id id="882"/>
			<id id="883"/>
			<id id="884"/>
			<id id="885"/>
			<id id="886"/>
			<id id="887"/>
			<id id="888"/>
			<id id="889"/>
			<id id="890"/>
			<id id="891"/>
			<id id="892"/>
			<id id="893"/>
			<id id="894"/>
			<id id="895"/>
			<id id="896"/>
			<id id="897"/>
			<id id="898"/>
			<id id="899"/>
			<id id="900"/>
			<id id="901"/>
			<id id="902"/>
			<id id="903"/>
			<id id="904"/>
			<id id="905"/>
			<id id="906"/>
			<id id="907"/>
			<id id="908"/>
			<id id="909"/>
			<id id="910"/>
			<id id="911"/>
			<id id="912"/>
			<id id="913"/>
			<id id="914"/>
			<id id="915"/>
			<id id="916"/>
			<id id="917"/>
			<id id="918"/>
			<id id="919"/>
			<id id="920"/>
			<id id="921"/>
			<id id="922"/>
			<id id="923"/>
			<id id="924"/>
			<id id="925"/>
			<id id="926"/>
			<id id="927"/>
			<id id="928"/>
			<id id="929"/>
			<id id="930"/>
			<id id="931"/>
			<id id="932"/>
			<id id="933"/>
			<id id="934"/>
			<id id="935"/>
			<id id="936"/>
			<id id="937"/>
			<id id="938"/>
			<id id="939"/>
			<id id="940"/>
			<id id="941"/>
			<id id="942"/>
			<id id="943"/>
			<id id="944"/>
			<id id="945"/>
			<id id="946"/>
			<id id="947"/>
			<id id="948"/>
			<id id="949"/>
			<id id="950"/>
			<id id="951"/>
			<id id="952"/>
			<id id="953"/>
			<id id="954"/>
			<id id="955"/>
			<id id="956"/>
			<id id="957"/>
			<id id="958"/>
			<id id="959"/>
			<id id="960"/>
			<id id="961"/>
			<id id="962"/>
			<id id="963"/>
			<id id="964"/>
			<id id="965"/>
			<id id="966"/>
			<id id="967"/>
			<id id="968"/>
			<id id="969"/>
			<id id="970"/>
			<id id="971"/>
			<id id="972"/>
			<id id="973"/>
			<id id="974"/>
			<id id="975"/>
			<id id="976"/>
			<id id="977"/>
			<id id="978"/>
			<id id="979"/>
			<id id="980"/>
			<id id="981"/>
			<id id="982"/>
			<id id="983"/>
			<id id="984"/>
			<id id="985"/>
			<id id="986"/>
			<id id="987"/>
			<id id="988"/>
			<id id="989"/>
			<id id="990"/>
			<id id="991"/>
			<id id="992"/>
			<id id="993"/>
			<id id="994"/>
			<id id="995"/>
			<id id="996"/>
			<id id="997"/>
			<id id="998"/>
			<id id="999"/>
			<id id="1000"/>
			<id id="1001">
				<origin>遺跡の中を進む君たちは、扉の先にあった\f801\小部屋へと足を運ぶ。\f801\\ffff\</origin>
				<translate>遺跡の中を進む君たちは、扉の先にあった\f801\小部屋へと足を運ぶ。\f801\\ffff\</translate>
			</id>
			<id id="1002">
				<origin>\f859\\1400\\f81b\\565f\\4348\\4152\\5f31\\3130\\2f45\\5645\\4e54\\2f76\\696b\\5f32\\3031\\0000\「……誰だっ！？」\f801\\ffff\</origin>
				<translate>\f859\\1400\\f81b\\565f\\4348\\4152\\5f31\\3130\\2f45\\5645\\4e54\\2f76\\696b\\5f32\\3031\\0000\「……誰だっ！？」\f801\\ffff\</translate>
			</id>
			<id id="1003">
				<origin>君たちが入った先には、傷ついた水兵たちが\f801\座り込み、体を休めていた。\f801\\f802\五人いる水兵は、誰もが血を流しており\f801\体のあちこちに傷を負っているようだ。\f801\\ffff\</origin>
				<translate>君たちが入った先には、傷ついた水兵たちが\f801\座り込み、体を休めていた。\f801\\f802\五人いる水兵は、誰もが血を流しており\f801\体のあちこちに傷を負っているようだ。\f801\\ffff\</translate>
			</id>
			<id id="1004">
				<origin>\f859\\1400\\f81b\\565f\\4348\\4152\\5f31\\3130\\2f45\\5645\\4e54\\2f76\\696b\\5f32\\3035\\0000\「……貴様ら、マギニアの犬か！？」\f801\\ffff\</origin>
				<translate>\f859\\1400\\f81b\\565f\\4348\\4152\\5f31\\3130\\2f45\\5645\\4e54\\2f76\\696b\\5f32\\3035\\0000\「……貴様ら、マギニアの犬か！？」\f801\\ffff\</translate>
			</id>
			<id id="1005">
				<origin>そんな状態で立ち上がり、曲刀を構える\f801\水兵たちに君たちは声をかけてもいい。\f801\\ffff\</origin>
				<translate>そんな状態で立ち上がり、曲刀を構える\f801\水兵たちに君たちは声をかけてもいい。\f801\\ffff\</translate>
			</id>
			<id id="1006">
				<origin>\f804\\0500\どうしますか？\f804\\0000\\f801\敵ではない、と告げる\f801\何も言わず見つめ続ける\f801\\ffff\</origin>
				<translate>\f804\\0500\どうしますか？\f804\\0000\\f801\敵ではない、と告げる\f801\何も言わず見つめ続ける\f801\\ffff\</translate>
			</id>
			<id id="1007">
				<origin>君たちが敵ではないと告げても\f801\水兵たちは敵意を隠そうとしない。\f801\\ffff\</origin>
				<translate>君たちが敵ではないと告げても\f801\水兵たちは敵意を隠そうとしない。\f801\\ffff\</translate>
			</id>
			<id id="1008">
				<origin>何も言わずに立つ君たちに向かい\f801\水兵たちは敵意を見せて向き合っている。\f801\\ffff\</origin>
				<translate>何も言わずに立つ君たちに向かい\f801\水兵たちは敵意を見せて向き合っている。\f801\\ffff\</translate>
			</id>
			<id id="1009">
				<origin>だが、君たちと相対していた水兵の一人が\f801\ふと何かを思い出したように呟く。\f801\\ffff\</origin>
				<translate>だが、君たちと相対していた水兵の一人が\f801\ふと何かを思い出したように呟く。\f801\\ffff\</translate>
			</id>
			<id id="1010">
				<origin>\f859\\1400\\f81b\\565f\\4348\\4152\\5f31\\3130\\2f45\\5645\\4e54\\2f76\\696b\\5f32\\3030\\0000\「……お前ら、先遣隊の遺品を\f801\届けてくれた連中か？」\f801\\ffff\</origin>
				<translate>\f859\\1400\\f81b\\565f\\4348\\4152\\5f31\\3130\\2f45\\5645\\4e54\\2f76\\696b\\5f32\\3030\\0000\「……お前ら、先遣隊の遺品を\f801\届けてくれた連中か？」\f801\\ffff\</translate>
			</id>
			<id id="1011">
				<origin>君たちが頷くと、その水兵は\f801\自身の武器を収め、\f801\仲間にも刀を下すよう命じる。\f801\\ffff\</origin>
				<translate>君たちが頷くと、その水兵は\f801\自身の武器を収め、\f801\仲間にも刀を下すよう命じる。\f801\\ffff\</translate>
			</id>
			<id id="1012">
				<origin>\f859\\1400\「マギニアは気にいらねぇが……\f801\こいつらは悪人ではなさそうだ」\f801\\ffff\</origin>
				<translate>\f859\\1400\「マギニアは気にいらねぇが……\f801\こいつらは悪人ではなさそうだ」\f801\\ffff\</translate>
			</id>
			<id id="1013">
				<origin>そういって警戒しつつこちらを見る相手に\f801\君たちはどうするのか？\f801\\ffff\</origin>
				<translate>そういって警戒しつつこちらを見る相手に\f801\君たちはどうするのか？\f801\\ffff\</translate>
			</id>
			<id id="1014">
				<origin>\f804\\0500\どうしますか？\f804\\0000\\f801\海の一族の行動について問う\f801\マギニアの衛兵を見たかと問う\f801\傷の具合はどうかと問う\f801\\ffff\</origin>
				<translate>\f804\\0500\どうしますか？\f804\\0000\\f801\海の一族の行動について問う\f801\マギニアの衛兵を見たかと問う\f801\傷の具合はどうかと問う\f801\\ffff\</translate>
			</id>
			<id id="1015">
				<origin>君たちは、この遺跡で海の一族が\f801\何をしていたのか、と問いかける。\f801\\ffff\</origin>
				<translate>君たちは、この遺跡で海の一族が\f801\何をしていたのか、と問いかける。\f801\\ffff\</translate>
			</id>
			<id id="1016">
				<origin>\f859\\1400\「何って……そりゃお前らと同じだろ。\f801\レムリアの秘宝を探してるのさ」\f801\\ffff\</origin>
				<translate>\f859\\1400\「何って……そりゃお前らと同じだろ。\f801\レムリアの秘宝を探してるのさ」\f801\\ffff\</translate>
			</id>
			<id id="1017">
				<origin>まさか、マギニアの衛兵たちがくるとは\f801\思ってなかったがね、と言葉を続ける。\f801\\f802\君たちは他の質問をしてもいい。\f801\\ffff\</origin>
				<translate>まさか、マギニアの衛兵たちがくるとは\f801\思ってなかったがね、と言葉を続ける。\f801\\f802\君たちは他の質問をしてもいい。\f801\\ffff\</translate>
			</id>
			<id id="1018">
				<origin>\f859\\1400\「ああ、何度かすれ違ったよ」\f801\\ffff\</origin>
				<translate>\f859\\1400\「ああ、何度かすれ違ったよ」\f801\\ffff\</translate>
			</id>
			<id id="1019">
				<origin>さっきも遭遇して戦いになったが…\f801\向こうの上官らしい男が先を急いだんで\f801\決着はつけられなかった、と水兵は告げる。\f801\\f802\どうやら、幸いなことに\f801\どちらにも死者はでなかったようだ。\f801\\f802\君たちは他の質問をしてもいい。\f801\\ffff\</origin>
				<translate>さっきも遭遇して戦いになったが…\f801\向こうの上官らしい男が先を急いだんで\f801\決着はつけられなかった、と水兵は告げる。\f801\\f802\どうやら、幸いなことに\f801\どちらにも死者はでなかったようだ。\f801\\f802\君たちは他の質問をしてもいい。\f801\\ffff\</translate>
			</id>
			<id id="1020">
				<origin>君たちの言葉を聞くと、水兵は\f801\不思議そうな顔で君たちを見る。\f801\\ffff\</origin>
				<translate>君たちの言葉を聞くと、水兵は\f801\不思議そうな顔で君たちを見る。\f801\\ffff\</translate>
			</id>
			<id id="1021">
				<origin>\f859\\1400\「アーテリンデさんが言ってたが…\f801\お前ら本当に変わってんな？」\f801\\ffff\</origin>
				<translate>\f859\\1400\「アーテリンデさんが言ってたが…\f801\お前ら本当に変わってんな？」\f801\\ffff\</translate>
			</id>
			<id id="1022">
				<origin>水兵はそう言いつつも\f801\嬉しそうに君たちに笑いかける。\f801\\ffff\</origin>
				<translate>水兵はそう言いつつも\f801\嬉しそうに君たちに笑いかける。\f801\\ffff\</translate>
			</id>
			<id id="1023">
				<origin>\f859\\1400\\f81b\\565f\\4348\\4152\\5f31\\3130\\2f45\\5645\\4e54\\2f76\\696b\\5f32\\3038\\0000\「実は…傷が痛くて困ってたんだ。\f801\治療してもらえるなら助かるよ」\f801\\ffff\</origin>
				<translate>\f859\\1400\\f81b\\565f\\4348\\4152\\5f31\\3130\\2f45\\5645\\4e54\\2f76\\696b\\5f32\\3038\\0000\「実は…傷が痛くて困ってたんだ。\f801\治療してもらえるなら助かるよ」\f801\\ffff\</translate>
			</id>
			<id id="1024">
				<origin>\f804\\0500\どうしますか？\f804\\0000\\f801\回復薬を渡す\f801\メディックが治療する\f801\傷は浅いと励ます\f801\\ffff\</origin>
				<translate>\f804\\0500\どうしますか？\f804\\0000\\f801\回復薬を渡す\f801\メディックが治療する\f801\傷は浅いと励ます\f801\\ffff\</translate>
			</id>
			<id id="1025">
				<origin>\f804\\0500\どうしますか？\f804\\0000\\f801\アイテム選択をやめ、別の方法にする\f801\アイテム選択に戻る\f801\\ffff\</origin>
				<translate>\f804\\0500\どうしますか？\f804\\0000\\f801\アイテム選択をやめ、別の方法にする\f801\アイテム選択に戻る\f801\\ffff\</translate>
			</id>
			<id id="1026">
				<origin>君たちは\f810\\0000\を\f801\水兵に手渡す。\f801\\ffff\</origin>
				<translate>君たちは\f810\\0000\を\f801\水兵に手渡す。\f801\\ffff\</translate>
			</id>
			<id id="1027">
				<origin>\f859\\1400\\f81b\\565f\\4348\\4152\\5f31\\3130\\2f45\\5645\\4e54\\2f76\\696b\\5f32\\3039\\0000\「おお、ありがとよ」\f801\\ffff\</origin>
				<translate>\f859\\1400\\f81b\\565f\\4348\\4152\\5f31\\3130\\2f45\\5645\\4e54\\2f76\\696b\\5f32\\3039\\0000\「おお、ありがとよ」\f801\\ffff\</translate>
			</id>
			<id id="1028">
				<origin>水兵は受け取った回復薬を使い\f801\傷を癒している……。\f801\\ffff\</origin>
				<translate>水兵は受け取った回復薬を使い\f801\傷を癒している……。\f801\\ffff\</translate>
			</id>
			<id id="1029">
				<origin>君たちは持ち物をあらためるが、\f801\水兵に手渡せるような薬がない。\f801\\f802\他の方法で水兵の力になれないか、\f801\今一度考える。\f801\\ffff\</origin>
				<translate>君たちは持ち物をあらためるが、\f801\水兵に手渡せるような薬がない。\f801\\f802\他の方法で水兵の力になれないか、\f801\今一度考える。\f801\\ffff\</translate>
			</id>
			<id id="1030">
				<origin>\f804\\0500\誰が治療しますか？\f804\\0000\\f801\\ffff\</origin>
				<translate>\f804\\0500\誰が治療しますか？\f804\\0000\\f801\\ffff\</translate>
			</id>
			<id id="1031">
				<origin>\f843\\0000\は医療技術に長けていない！\f801\\f802\他の方法で水兵の力になれないか、\f801\今一度考える。\f801\\ffff\</origin>
				<translate>\f843\\0000\は医療技術に長けていない！\f801\\f802\他の方法で水兵の力になれないか、\f801\今一度考える。\f801\\ffff\</translate>
			</id>
			<id id="1032">
				<origin>\f843\\0000\は\f801\スキルを用いて傷を癒していく…。\f801\\ffff\</origin>
				<translate>\f843\\0000\は\f801\スキルを用いて傷を癒していく…。\f801\\ffff\</translate>
			</id>
			<id id="1033">
				<origin>\f859\\1400\\f81b\\565f\\4348\\4152\\5f31\\3130\\2f45\\5645\\4e54\\2f76\\696b\\5f32\\3039\\0000\「おお、ありがとよ」\f801\\ffff\</origin>
				<translate>\f859\\1400\\f81b\\565f\\4348\\4152\\5f31\\3130\\2f45\\5645\\4e54\\2f76\\696b\\5f32\\3039\\0000\「おお、ありがとよ」\f801\\ffff\</translate>
			</id>
			<id id="1034">
				<origin>水兵は嬉しそうに\f801\\f843\\0000\にお礼を告げる。\f801\\ffff\</origin>
				<translate>水兵は嬉しそうに\f801\\f843\\0000\にお礼を告げる。\f801\\ffff\</translate>
			</id>
			<id id="1035">
				<origin>君たちのパーティには医療技術に長けた者が\f801\おらず、治療することができない。\f801\\f802\他の方法で水兵の力になれないか、\f801\今一度考える。\f801\\ffff\</origin>
				<translate>君たちのパーティには医療技術に長けた者が\f801\おらず、治療することができない。\f801\\f802\他の方法で水兵の力になれないか、\f801\今一度考える。\f801\\ffff\</translate>
			</id>
			<id id="1036">
				<origin>君たちのパーティには医療技術に長けた者が\f801\いるが、治療できる状態ではない。\f801\\f802\他の方法で水兵の力になれないか、\f801\今一度考える。\f801\\ffff\</origin>
				<translate>君たちのパーティには医療技術に長けた者が\f801\いるが、治療できる状態ではない。\f801\\f802\他の方法で水兵の力になれないか、\f801\今一度考える。\f801\\ffff\</translate>
			</id>
			<id id="1037">
				<origin>\f859\\1400\\f81b\\565f\\4348\\4152\\5f31\\3130\\2f45\\5645\\4e54\\2f76\\696b\\5f32\\3037\\0000\「そうか…、ま、気持ちだけでも\f801\受け取っておくよ」\f801\\ffff\</origin>
				<translate>\f859\\1400\\f81b\\565f\\4348\\4152\\5f31\\3130\\2f45\\5645\\4e54\\2f76\\696b\\5f32\\3037\\0000\「そうか…、ま、気持ちだけでも\f801\受け取っておくよ」\f801\\ffff\</translate>
			</id>
			<id id="1038">
				<origin>水兵はそういって苦笑する。\f801\\ffff\</origin>
				<translate>水兵はそういって苦笑する。\f801\\ffff\</translate>
			</id>
			<id id="1039">
				<origin>\f859\\1400\\f81b\\565f\\4348\\4152\\5f31\\3130\\2f45\\5645\\4e54\\2f76\\696b\\5f32\\3038\\0000\「…お前らを見ていると、マギニアの連中も\f801\みな悪い奴じゃないかもなって気がする」\f801\\ffff\</origin>
				<translate>\f859\\1400\\f81b\\565f\\4348\\4152\\5f31\\3130\\2f45\\5645\\4e54\\2f76\\696b\\5f32\\3038\\0000\「…お前らを見ていると、マギニアの連中も\f801\みな悪い奴じゃないかもなって気がする」\f801\\ffff\</translate>
			</id>
			<id id="1040">
				<origin>水兵はそう呟くと、君たちを見て\f801\さらに言葉を続ける。\f801\\ffff\</origin>
				<translate>水兵はそう呟くと、君たちを見て\f801\さらに言葉を続ける。\f801\\ffff\</translate>
			</id>
			<id id="1041">
				<origin>\f859\\1400\「この遺跡にレムリアの秘宝に関する\f801\重要な手がかりがあるらしい」\f801\\f802\「それを調べるために、航海王女自らが\f801\精鋭を引き連れて探索に出たのさ」\f801\\f802\「そこにマギニアの衛兵たちが来たんだ。\f801\今、この霊堂内では双方の兵が互いに\f801\警戒しながら探索をしてるだろう」\f801\\f802\「お前らがもし本当に俺たちと戦う気が\f801\ないのなら、早くこの先へ向かってくれ」\f801\\f802\「互いの精鋭がぶつかり合い\f801\血を見た後じゃ手遅れになるからな」\f801\\ffff\</origin>
				<translate>\f859\\1400\「この遺跡にレムリアの秘宝に関する\f801\重要な手がかりがあるらしい」\f801\\f802\「それを調べるために、航海王女自らが\f801\精鋭を引き連れて探索に出たのさ」\f801\\f802\「そこにマギニアの衛兵たちが来たんだ。\f801\今、この霊堂内では双方の兵が互いに\f801\警戒しながら探索をしてるだろう」\f801\\f802\「お前らがもし本当に俺たちと戦う気が\f801\ないのなら、早くこの先へ向かってくれ」\f801\\f802\「互いの精鋭がぶつかり合い\f801\血を見た後じゃ手遅れになるからな」\f801\\ffff\</translate>
			</id>
			<id id="1042">
				<origin>水兵はそこまで話すと、\f801\戦いを回避できるかどうかは\f801\お前ら次第だな、と告げる。\f801\\f802\君たちはそれに頷くと、\f801\霊堂の奥へと向かい\f801\探索を進めることにする。\f801\\ffff\</origin>
				<translate>水兵はそこまで話すと、\f801\戦いを回避できるかどうかは\f801\お前ら次第だな、と告げる。\f801\\f802\君たちはそれに頷くと、\f801\霊堂の奥へと向かい\f801\探索を進めることにする。\f801\\ffff\</translate>
			</id>
		</body>
	</mbm>
