<?xml version="1.0" encoding="UTF-8"?>
	<mbm>
		<head>000000004d53473200000100</head>
		<size>f8260000</size>
		<number>b0040000</number>
		<j>200000000000000000000000</j>
		<body>
			<id id="0">
				<origin>突きあたりの草木の葉が、\f801\微かに濡れている。\f801\朝露などで濡れているのかもしれない。\f801\\f802\ふと目を落とすと、岩のくぼみに、\f801\草木の葉から落ちた露が溜まっている。\f801\\f802\純度が高く透き通った水は、疲れた君の\f801\喉を潤すのに丁度よさそうだ。\f801\君が望むならこれを飲んでもいい。\f801\\ffff\</origin>
				<translate>突きあたりの草木の葉が、\f801\微かに濡れている。\f801\朝露などで濡れているのかもしれない。\f801\\f802\ふと目を落とすと、岩のくぼみに、\f801\草木の葉から落ちた露が溜まっている。\f801\\f802\純度が高く透き通った水は、疲れた君の\f801\喉を潤すのに丁度よさそうだ。\f801\君が望むならこれを飲んでもいい。\f801\\ffff\</translate>
			</id>
			<id id="1"/>
			<id id="2"/>
			<id id="3">
				<origin>君たちは再び岩のくぼみを訪れた。\f801\そこには草木の葉から落ちた露が\f801\溜まっている。\f801\\f802\その水は喉を潤すのに丁度よさそうだ。\f801\君が望むならこれを飲んでもいい。\f801\\ffff\</origin>
				<translate>君たちは再び岩のくぼみを訪れた。\f801\そこには草木の葉から落ちた露が\f801\溜まっている。\f801\\f802\その水は喉を潤すのに丁度よさそうだ。\f801\君が望むならこれを飲んでもいい。\f801\\ffff\</translate>
			</id>
			<id id="4"/>
			<id id="5"/>
			<id id="6">
				<origin>君たちは再び岩のくぼみを訪れた。\f801\しかしすでにくぼみの水は飲みきっており\f801\ただの乾いた岩でしかなかった。\f801\\f802\ここで喉を潤したいなら、\f801\日を改めてから来るべきだろう。\f801\\ffff\</origin>
				<translate>君たちは再び岩のくぼみを訪れた。\f801\しかしすでにくぼみの水は飲みきっており\f801\ただの乾いた岩でしかなかった。\f801\\f802\ここで喉を潤したいなら、\f801\日を改めてから来るべきだろう。\f801\\ffff\</translate>
			</id>
			<id id="7"/>
			<id id="8"/>
			<id id="9">
				<origin>\f804\\0500\どうしますか？\f804\\0000\\f801\飲む\f801\飲まない\f801\\ffff\</origin>
				<translate>\f804\\0500\どうしますか？\f804\\0000\\f801\飲む\f801\飲まない\f801\\ffff\</translate>
			</id>
			<id id="10"/>
			<id id="11"/>
			<id id="12">
				<origin>岩のくぼみに溜まった水を両手ですくって\f801\喉の奥に流し込む。\f801\\f802\澄んだ水が喉を潤し、体に染み渡ると\f801\疲れがふと軽くなった気がする。\f801\\ffff\</origin>
				<translate>岩のくぼみに溜まった水を両手ですくって\f801\喉の奥に流し込む。\f801\\f802\澄んだ水が喉を潤し、体に染み渡ると\f801\疲れがふと軽くなった気がする。\f801\\ffff\</translate>
			</id>
			<id id="13"/>
			<id id="14"/>
			<id id="15">
				<origin>また明日になればこのくぼみに朝露がたまり\f801\飲めるようになるだろう。\f801\\f802\君たちはそれを記憶に留め、\f801\樹海の探索に戻ることにする。\f801\\ffff\</origin>
				<translate>また明日になればこのくぼみに朝露がたまり\f801\飲めるようになるだろう。\f801\\f802\君たちはそれを記憶に留め、\f801\樹海の探索に戻ることにする。\f801\\ffff\</translate>
			</id>
			<id id="16"/>
			<id id="17"/>
			<id id="18">
				<origin>今は特に喉も渇いていない。\f801\そう判断した君たちは\f801\樹海の探索に戻ることにする。\f801\\ffff\</origin>
				<translate>今は特に喉も渇いていない。\f801\そう判断した君たちは\f801\樹海の探索に戻ることにする。\f801\\ffff\</translate>
			</id>
			<id id="19"/>
			<id id="20"/>
			<id id="21"/>
			<id id="22"/>
			<id id="23"/>
			<id id="24"/>
			<id id="25"/>
			<id id="26"/>
			<id id="27"/>
			<id id="28"/>
			<id id="29"/>
			<id id="30"/>
			<id id="31"/>
			<id id="32"/>
			<id id="33"/>
			<id id="34"/>
			<id id="35"/>
			<id id="36"/>
			<id id="37"/>
			<id id="38"/>
			<id id="39"/>
			<id id="40"/>
			<id id="41"/>
			<id id="42"/>
			<id id="43"/>
			<id id="44"/>
			<id id="45"/>
			<id id="46"/>
			<id id="47"/>
			<id id="48"/>
			<id id="49"/>
			<id id="50">
				<origin>広場の隅の木樹の梢に、\f801\君たちは鳥の巣をみつける。\f801\\f802\その巣は枝振りの良い場所に作られており\f801\比較的低いところにある。\f801\君たちはそこにキラリと光る物を見る。\f801\\f802\巣は様々な素材で作られているようだ。\f801\その光る物に興味があるのなら、\f801\木に登って取りに行っても良い。\f801\\ffff\</origin>
				<translate>広場の隅の木樹の梢に、\f801\君たちは鳥の巣をみつける。\f801\\f802\その巣は枝振りの良い場所に作られており\f801\比較的低いところにある。\f801\君たちはそこにキラリと光る物を見る。\f801\\f802\巣は様々な素材で作られているようだ。\f801\その光る物に興味があるのなら、\f801\木に登って取りに行っても良い。\f801\\ffff\</translate>
			</id>
			<id id="51"/>
			<id id="52"/>
			<id id="53">
				<origin>\f804\\0500\どうしますか？\f804\\0000\\f801\取りに行く\f801\立ち去る\f801\\ffff\</origin>
				<translate>\f804\\0500\どうしますか？\f804\\0000\\f801\取りに行く\f801\立ち去る\f801\\ffff\</translate>
			</id>
			<id id="54"/>
			<id id="55"/>
			<id id="56">
				<origin>君は巣の中の光るものが気になり、\f801\巣を覗こうとする。\f801\するとちょうど巣の持ち主が帰ってきた！\f801\\ffff\</origin>
				<translate>君は巣の中の光るものが気になり、\f801\巣を覗こうとする。\f801\するとちょうど巣の持ち主が帰ってきた！\f801\\ffff\</translate>
			</id>
			<id id="57">
				<origin>持ち主は翼を広げ君を威嚇する！\f801\そして君を敵と認識したのか\f801\猛然と襲い掛かってくる！\f801\\f802\逃げることもかなわない！\f801\さあ、応戦したまえ！\f801\\ffff\</origin>
				<translate>持ち主は翼を広げ君を威嚇する！\f801\そして君を敵と認識したのか\f801\猛然と襲い掛かってくる！\f801\\f802\逃げることもかなわない！\f801\さあ、応戦したまえ！\f801\\ffff\</translate>
			</id>
			<id id="58"/>
			<id id="59">
				<origin>巣材に何が使われようと、\f801\君たちには関係のない話だ。\f801\君たちは樹海の探索に戻ることにする。\f801\\ffff\</origin>
				<translate>巣材に何が使われようと、\f801\君たちには関係のない話だ。\f801\君たちは樹海の探索に戻ることにする。\f801\\ffff\</translate>
			</id>
			<id id="60"/>
			<id id="61"/>
			<id id="62"/>
			<id id="63"/>
			<id id="64"/>
			<id id="65"/>
			<id id="66"/>
			<id id="67"/>
			<id id="68"/>
			<id id="69"/>
			<id id="70">
				<origin>敵を退けた君は改めて巣の中を覗く。\f801\\f802\どこから集めたのか数枚のコインが\f801\巣材の一部になっていた。\f801\\f802\君はそのコインをありがたく頂戴し、\f801\再び樹海の探索に戻ることにする。\f801\\ffff\</origin>
				<translate>敵を退けた君は改めて巣の中を覗く。\f801\\f802\どこから集めたのか数枚のコインが\f801\巣材の一部になっていた。\f801\\f802\君はそのコインをありがたく頂戴し、\f801\再び樹海の探索に戻ることにする。\f801\\ffff\</translate>
			</id>
			<id id="71"/>
			<id id="72"/>
			<id id="73">
				<origin>巣材であったもの\f801\\ffff\</origin>
				<translate>巣材であったもの\f801\\ffff\</translate>
			</id>
			<id id="74"/>
			<id id="75"/>
			<id id="76">
				<origin>樹海を探索していた君たちは\f801\木の梢に作られた鳥の巣の\f801\持ち主と戦い、数枚のコインを\f801\手に入れることができた。\f801\\ffff\</origin>
				<translate>樹海を探索していた君たちは\f801\木の梢に作られた鳥の巣の\f801\持ち主と戦い、数枚のコインを\f801\手に入れることができた。\f801\\ffff\</translate>
			</id>
			<id id="77"/>
			<id id="78"/>
			<id id="79"/>
			<id id="80"/>
			<id id="81"/>
			<id id="82"/>
			<id id="83"/>
			<id id="84"/>
			<id id="85"/>
			<id id="86"/>
			<id id="87"/>
			<id id="88"/>
			<id id="89"/>
			<id id="90"/>
			<id id="91"/>
			<id id="92"/>
			<id id="93"/>
			<id id="94"/>
			<id id="95"/>
			<id id="96"/>
			<id id="97"/>
			<id id="98"/>
			<id id="99"/>
			<id id="100">
				<origin>君たちは樹海の突きあたりで足を止める。\f801\水上を吹き抜ける風が心地よい。\f801\\f802\風の心地よさを感じていると、\f801\風に乗った美味しそうな匂いが\f801\君たちの鼻孔をくすぐる。\f801\\f802\匂いの元を探してみると、\f801\別の冒険者の一団が休息を\f801\取っているところだった。\f801\\f802\彼らも君たちに気づき、\f801\手を振って挨拶をしてくる。\f801\\ffff\</origin>
				<translate>君たちは樹海の突きあたりで足を止める。\f801\水上を吹き抜ける風が心地よい。\f801\\f802\風の心地よさを感じていると、\f801\風に乗った美味しそうな匂いが\f801\君たちの鼻孔をくすぐる。\f801\\f802\匂いの元を探してみると、\f801\別の冒険者の一団が休息を\f801\取っているところだった。\f801\\f802\彼らも君たちに気づき、\f801\手を振って挨拶をしてくる。\f801\\ffff\</translate>
			</id>
			<id id="101"/>
			<id id="102"/>
			<id id="103">
				<origin>その冒険者は\f804\\0500\\f810\\0000\\f804\\0000\の\f801\\f804\\0500\\f810\\0100\\f804\\0000\と名乗った。\f801\\f802\「よければ一緒に食べよう」と\f801\\f804\\0500\\f810\\0100\\f804\\0000\は手にしたカップを\f801\君たちに差し出す。\f801\\f802\カップの中には温かなスープが\f801\美味しそうに湯気を立てている。\f801\\f802\簡素な味付けの調理だったが、\f801\樹海で採れたであろう新鮮な食材の味を\f801\引き立てており、絶品だった。\f801\\f802\君たちはスープに舌鼓をうち、\f801\しばしの歓談を楽しむ。\f801\\ffff\</origin>
				<translate>その冒険者は\f804\\0500\\f810\\0000\\f804\\0000\の\f801\\f804\\0500\\f810\\0100\\f804\\0000\と名乗った。\f801\\f802\「よければ一緒に食べよう」と\f801\\f804\\0500\\f810\\0100\\f804\\0000\は手にしたカップを\f801\君たちに差し出す。\f801\\f802\カップの中には温かなスープが\f801\美味しそうに湯気を立てている。\f801\\f802\簡素な味付けの調理だったが、\f801\樹海で採れたであろう新鮮な食材の味を\f801\引き立てており、絶品だった。\f801\\f802\君たちはスープに舌鼓をうち、\f801\しばしの歓談を楽しむ。\f801\\ffff\</translate>
			</id>
			<id id="104"/>
			<id id="105"/>
			<id id="106">
				<origin>「そろそろ自分たちは出発する。\f801\お先に失礼」と\f804\\0500\\f810\\0000\\f804\\0000\は\f801\君たちより先に出立していった。\f801\\ffff\</origin>
				<translate>「そろそろ自分たちは出発する。\f801\お先に失礼」と\f804\\0500\\f810\\0000\\f804\\0000\は\f801\君たちより先に出立していった。\f801\\ffff\</translate>
			</id>
			<id id="107"/>
			<id id="108"/>
			<id id="109">
				<origin>樹海の奥で思いがけないごちそうを\f801\楽しむ事が出来た君たちは、\f801\冒険者同士の助け合いに感謝する。\f801\\f802\そして他の冒険者に負けないよう、\f801\君たちも探索に戻ることにする。\f801\\ffff\</origin>
				<translate>樹海の奥で思いがけないごちそうを\f801\楽しむ事が出来た君たちは、\f801\冒険者同士の助け合いに感謝する。\f801\\f802\そして他の冒険者に負けないよう、\f801\君たちも探索に戻ることにする。\f801\\ffff\</translate>
			</id>
			<id id="110"/>
			<id id="111"/>
			<id id="112">
				<origin>温かなスープ\f801\\ffff\</origin>
				<translate>温かなスープ\f801\\ffff\</translate>
			</id>
			<id id="113"/>
			<id id="114"/>
			<id id="115">
				<origin>樹海を探索していた君たちは\f801\出会った冒険者から\f801\スープをごちそうになり、\f801\疲れを癒やすことができた。\f801\\ffff\</origin>
				<translate>樹海を探索していた君たちは\f801\出会った冒険者から\f801\スープをごちそうになり、\f801\疲れを癒やすことができた。\f801\\ffff\</translate>
			</id>
			<id id="116"/>
			<id id="117"/>
			<id id="118"/>
			<id id="119"/>
			<id id="120"/>
			<id id="121"/>
			<id id="122"/>
			<id id="123"/>
			<id id="124"/>
			<id id="125"/>
			<id id="126"/>
			<id id="127"/>
			<id id="128"/>
			<id id="129"/>
			<id id="130"/>
			<id id="131"/>
			<id id="132"/>
			<id id="133"/>
			<id id="134"/>
			<id id="135"/>
			<id id="136"/>
			<id id="137"/>
			<id id="138"/>
			<id id="139"/>
			<id id="140"/>
			<id id="141"/>
			<id id="142"/>
			<id id="143"/>
			<id id="144"/>
			<id id="145"/>
			<id id="146"/>
			<id id="147"/>
			<id id="148"/>
			<id id="149"/>
			<id id="150">
				<origin>君たちが探索をしていると、目の前の岸辺に\f801\長い棒が落ちているのを見つけた。\f801\\f802\手に取ってみると、先端には糸が結ばれ、\f801\糸の先端には布の切れ端と針で作った\f801\疑似餌のようなものが結ばれている。\f801\\f802\これはどうやら手製の釣り竿のようだ。\f801\君たちはこれを使って釣りをしても良い。\f801\\ffff\</origin>
				<translate>君たちが探索をしていると、目の前の岸辺に\f801\長い棒が落ちているのを見つけた。\f801\\f802\手に取ってみると、先端には糸が結ばれ、\f801\糸の先端には布の切れ端と針で作った\f801\疑似餌のようなものが結ばれている。\f801\\f802\これはどうやら手製の釣り竿のようだ。\f801\君たちはこれを使って釣りをしても良い。\f801\\ffff\</translate>
			</id>
			<id id="151"/>
			<id id="152"/>
			<id id="153">
				<origin>\f804\\0500\どうしますか？\f804\\0000\\f801\釣りをする\f801\やらない\f801\\ffff\</origin>
				<translate>\f804\\0500\どうしますか？\f804\\0000\\f801\釣りをする\f801\やらない\f801\\ffff\</translate>
			</id>
			<id id="154"/>
			<id id="155"/>
			<id id="156">
				<origin>君たちは手製の竿を手に取り、\f801\遠くの水面へと竿を振った。\f801\\f802\しかし、手製の疑似餌は\f801\魚の興味を惹かないのか、\f801\何の手応えもない。\f801\\ffff\</origin>
				<translate>君たちは手製の竿を手に取り、\f801\遠くの水面へと竿を振った。\f801\\f802\しかし、手製の疑似餌は\f801\魚の興味を惹かないのか、\f801\何の手応えもない。\f801\\ffff\</translate>
			</id>
			<id id="157"/>
			<id id="158"/>
			<id id="159">
				<origin>\f804\\0500\どうしますか？\f804\\0000\\f801\釣りを続ける\f801\もうやめる\f801\\ffff\</origin>
				<translate>\f804\\0500\どうしますか？\f804\\0000\\f801\釣りを続ける\f801\もうやめる\f801\\ffff\</translate>
			</id>
			<id id="160"/>
			<id id="161"/>
			<id id="162">
				<origin>君たちは再度竿を振り、\f801\遠くのポイントに針を落とす。\f801\\f802\しかしまたしても何の手応えもない。\f801\この竿がこの場に打ち捨てられていた理由は\f801\これでは釣れないからなのかもしれない。\f801\\ffff\</origin>
				<translate>君たちは再度竿を振り、\f801\遠くのポイントに針を落とす。\f801\\f802\しかしまたしても何の手応えもない。\f801\この竿がこの場に打ち捨てられていた理由は\f801\これでは釣れないからなのかもしれない。\f801\\ffff\</translate>
			</id>
			<id id="163"/>
			<id id="164"/>
			<id id="165">
				<origin>\f804\\0500\どうしますか？\f804\\0000\\f801\釣りを続ける\f801\もうやめる\f801\\ffff\</origin>
				<translate>\f804\\0500\どうしますか？\f804\\0000\\f801\釣りを続ける\f801\もうやめる\f801\\ffff\</translate>
			</id>
			<id id="166"/>
			<id id="167"/>
			<id id="168">
				<origin>君たちは竿を構えると、\f801\再度遠くのポイントをめがけて竿を振る。\f801\\f802\しかしまたしても何の手応えもない。\f801\君たちは諦めて糸を手繰り寄せる。\f801\\f802\その時、釣り竿はしっかりとした重さを\f801\君の手に伝えた！\f801\\f802\この重さは根掛かりかも知れない。\f801\だが糸は徐々に岸に近づけられる。\f801\どうやら根掛かりではないようだ。\f801\\f802\君は息を殺し、慎重に獲物を引き寄せた。\f801\そして、ついに獲物が水上に姿を現す！\f801\\f802\そこには大量の水を滴らせた革カバンが\f801\糸に絡まって吊り下がっていた。\f801\\f802\魚ではなかったことに落胆しながら、\f801\絡まった糸を切断し、\f801\君は釣り上げたカバンの中を確認する。\f801\\f802\するとどうだろう？\f801\中から\f804\\0500\ネクタル\f804\\0000\の瓶が出てきたではないか！\f801\\ffff\</origin>
				<translate>君たちは竿を構えると、\f801\再度遠くのポイントをめがけて竿を振る。\f801\\f802\しかしまたしても何の手応えもない。\f801\君たちは諦めて糸を手繰り寄せる。\f801\\f802\その時、釣り竿はしっかりとした重さを\f801\君の手に伝えた！\f801\\f802\この重さは根掛かりかも知れない。\f801\だが糸は徐々に岸に近づけられる。\f801\どうやら根掛かりではないようだ。\f801\\f802\君は息を殺し、慎重に獲物を引き寄せた。\f801\そして、ついに獲物が水上に姿を現す！\f801\\f802\そこには大量の水を滴らせた革カバンが\f801\糸に絡まって吊り下がっていた。\f801\\f802\魚ではなかったことに落胆しながら、\f801\絡まった糸を切断し、\f801\君は釣り上げたカバンの中を確認する。\f801\\f802\するとどうだろう？\f801\中から\f804\\0500\ネクタル\f804\\0000\の瓶が出てきたではないか！\f801\\ffff\</translate>
			</id>
			<id id="169"/>
			<id id="170"/>
			<id id="171">
				<origin>時間はかかったが、得るものはあった。\f801\君たちはそれに満足し、\f801\樹海の探索に戻ることにする。\f801\\ffff\</origin>
				<translate>時間はかかったが、得るものはあった。\f801\君たちはそれに満足し、\f801\樹海の探索に戻ることにする。\f801\\ffff\</translate>
			</id>
			<id id="172"/>
			<id id="173"/>
			<id id="174">
				<origin>釣り上げたカバン\f801\\ffff\</origin>
				<translate>釣り上げたカバン\f801\\ffff\</translate>
			</id>
			<id id="175"/>
			<id id="176"/>
			<id id="177">
				<origin>樹海を探索していた君たちは\f801\落ちていた手製の竿で釣りをし、\f801\魚は取れなかったが水の中から\f801\アイテムを得ることが出来た。\f801\\ffff\</origin>
				<translate>樹海を探索していた君たちは\f801\落ちていた手製の竿で釣りをし、\f801\魚は取れなかったが水の中から\f801\アイテムを得ることが出来た。\f801\\ffff\</translate>
			</id>
			<id id="178"/>
			<id id="179"/>
			<id id="180">
				<origin>ここでは釣れる気がしないため、\f801\これ以上時間を無駄にすることはない。\f801\\f802\君たちはそう判断し、釣り竿を手放すと\f801\探索に戻ることにする。\f801\\ffff\</origin>
				<translate>ここでは釣れる気がしないため、\f801\これ以上時間を無駄にすることはない。\f801\\f802\君たちはそう判断し、釣り竿を手放すと\f801\探索に戻ることにする。\f801\\ffff\</translate>
			</id>
			<id id="181"/>
			<id id="182"/>
			<id id="183">
				<origin>今は釣りで遊んでいる暇はない。\f801\君たちはそう判断し探索に戻ることにする。\f801\\ffff\</origin>
				<translate>今は釣りで遊んでいる暇はない。\f801\君たちはそう判断し探索に戻ることにする。\f801\\ffff\</translate>
			</id>
			<id id="184"/>
			<id id="185"/>
			<id id="186"/>
			<id id="187"/>
			<id id="188"/>
			<id id="189"/>
			<id id="190"/>
			<id id="191"/>
			<id id="192"/>
			<id id="193"/>
			<id id="194"/>
			<id id="195"/>
			<id id="196"/>
			<id id="197"/>
			<id id="198"/>
			<id id="199"/>
			<id id="200"/>
			<id id="201"/>
			<id id="202"/>
			<id id="203"/>
			<id id="204"/>
			<id id="205"/>
			<id id="206"/>
			<id id="207"/>
			<id id="208"/>
			<id id="209"/>
			<id id="210"/>
			<id id="211"/>
			<id id="212"/>
			<id id="213"/>
			<id id="214"/>
			<id id="215"/>
			<id id="216"/>
			<id id="217"/>
			<id id="218"/>
			<id id="219"/>
			<id id="220"/>
			<id id="221"/>
			<id id="222"/>
			<id id="223"/>
			<id id="224"/>
			<id id="225"/>
			<id id="226"/>
			<id id="227"/>
			<id id="228"/>
			<id id="229"/>
			<id id="230"/>
			<id id="231"/>
			<id id="232"/>
			<id id="233"/>
			<id id="234"/>
			<id id="235"/>
			<id id="236"/>
			<id id="237"/>
			<id id="238"/>
			<id id="239"/>
			<id id="240"/>
			<id id="241"/>
			<id id="242"/>
			<id id="243"/>
			<id id="244"/>
			<id id="245"/>
			<id id="246"/>
			<id id="247"/>
			<id id="248"/>
			<id id="249"/>
			<id id="250"/>
			<id id="251"/>
			<id id="252"/>
			<id id="253"/>
			<id id="254"/>
			<id id="255"/>
			<id id="256"/>
			<id id="257"/>
			<id id="258"/>
			<id id="259"/>
			<id id="260"/>
			<id id="261"/>
			<id id="262"/>
			<id id="263"/>
			<id id="264"/>
			<id id="265"/>
			<id id="266"/>
			<id id="267"/>
			<id id="268"/>
			<id id="269"/>
			<id id="270"/>
			<id id="271"/>
			<id id="272"/>
			<id id="273"/>
			<id id="274"/>
			<id id="275"/>
			<id id="276"/>
			<id id="277"/>
			<id id="278"/>
			<id id="279"/>
			<id id="280"/>
			<id id="281"/>
			<id id="282"/>
			<id id="283"/>
			<id id="284"/>
			<id id="285"/>
			<id id="286"/>
			<id id="287"/>
			<id id="288"/>
			<id id="289"/>
			<id id="290"/>
			<id id="291"/>
			<id id="292"/>
			<id id="293"/>
			<id id="294"/>
			<id id="295"/>
			<id id="296"/>
			<id id="297"/>
			<id id="298"/>
			<id id="299"/>
			<id id="300"/>
			<id id="301"/>
			<id id="302"/>
			<id id="303"/>
			<id id="304"/>
			<id id="305"/>
			<id id="306"/>
			<id id="307"/>
			<id id="308"/>
			<id id="309"/>
			<id id="310"/>
			<id id="311"/>
			<id id="312"/>
			<id id="313"/>
			<id id="314"/>
			<id id="315"/>
			<id id="316"/>
			<id id="317"/>
			<id id="318"/>
			<id id="319"/>
			<id id="320"/>
			<id id="321"/>
			<id id="322"/>
			<id id="323"/>
			<id id="324"/>
			<id id="325"/>
			<id id="326"/>
			<id id="327"/>
			<id id="328"/>
			<id id="329"/>
			<id id="330"/>
			<id id="331"/>
			<id id="332"/>
			<id id="333"/>
			<id id="334"/>
			<id id="335"/>
			<id id="336"/>
			<id id="337"/>
			<id id="338"/>
			<id id="339"/>
			<id id="340"/>
			<id id="341"/>
			<id id="342"/>
			<id id="343"/>
			<id id="344"/>
			<id id="345"/>
			<id id="346"/>
			<id id="347"/>
			<id id="348"/>
			<id id="349"/>
			<id id="350"/>
			<id id="351"/>
			<id id="352"/>
			<id id="353"/>
			<id id="354"/>
			<id id="355"/>
			<id id="356"/>
			<id id="357"/>
			<id id="358"/>
			<id id="359"/>
			<id id="360"/>
			<id id="361"/>
			<id id="362"/>
			<id id="363"/>
			<id id="364"/>
			<id id="365"/>
			<id id="366"/>
			<id id="367"/>
			<id id="368"/>
			<id id="369"/>
			<id id="370"/>
			<id id="371"/>
			<id id="372"/>
			<id id="373"/>
			<id id="374"/>
			<id id="375"/>
			<id id="376"/>
			<id id="377"/>
			<id id="378"/>
			<id id="379"/>
			<id id="380"/>
			<id id="381"/>
			<id id="382"/>
			<id id="383"/>
			<id id="384"/>
			<id id="385"/>
			<id id="386"/>
			<id id="387"/>
			<id id="388"/>
			<id id="389"/>
			<id id="390"/>
			<id id="391"/>
			<id id="392"/>
			<id id="393"/>
			<id id="394"/>
			<id id="395"/>
			<id id="396"/>
			<id id="397"/>
			<id id="398"/>
			<id id="399"/>
			<id id="400"/>
			<id id="401"/>
			<id id="402"/>
			<id id="403"/>
			<id id="404"/>
			<id id="405"/>
			<id id="406"/>
			<id id="407"/>
			<id id="408"/>
			<id id="409"/>
			<id id="410"/>
			<id id="411"/>
			<id id="412"/>
			<id id="413"/>
			<id id="414"/>
			<id id="415"/>
			<id id="416"/>
			<id id="417"/>
			<id id="418"/>
			<id id="419"/>
			<id id="420"/>
			<id id="421"/>
			<id id="422"/>
			<id id="423"/>
			<id id="424"/>
			<id id="425"/>
			<id id="426"/>
			<id id="427"/>
			<id id="428"/>
			<id id="429"/>
			<id id="430"/>
			<id id="431"/>
			<id id="432"/>
			<id id="433"/>
			<id id="434"/>
			<id id="435"/>
			<id id="436"/>
			<id id="437"/>
			<id id="438"/>
			<id id="439"/>
			<id id="440"/>
			<id id="441"/>
			<id id="442"/>
			<id id="443"/>
			<id id="444"/>
			<id id="445"/>
			<id id="446"/>
			<id id="447"/>
			<id id="448"/>
			<id id="449"/>
			<id id="450"/>
			<id id="451"/>
			<id id="452"/>
			<id id="453"/>
			<id id="454"/>
			<id id="455"/>
			<id id="456"/>
			<id id="457"/>
			<id id="458"/>
			<id id="459"/>
			<id id="460"/>
			<id id="461"/>
			<id id="462"/>
			<id id="463"/>
			<id id="464"/>
			<id id="465"/>
			<id id="466"/>
			<id id="467"/>
			<id id="468"/>
			<id id="469"/>
			<id id="470"/>
			<id id="471"/>
			<id id="472"/>
			<id id="473"/>
			<id id="474"/>
			<id id="475"/>
			<id id="476"/>
			<id id="477"/>
			<id id="478"/>
			<id id="479"/>
			<id id="480"/>
			<id id="481"/>
			<id id="482"/>
			<id id="483"/>
			<id id="484"/>
			<id id="485"/>
			<id id="486"/>
			<id id="487"/>
			<id id="488"/>
			<id id="489"/>
			<id id="490"/>
			<id id="491"/>
			<id id="492"/>
			<id id="493"/>
			<id id="494"/>
			<id id="495"/>
			<id id="496"/>
			<id id="497"/>
			<id id="498"/>
			<id id="499"/>
			<id id="500"/>
			<id id="501"/>
			<id id="502"/>
			<id id="503"/>
			<id id="504"/>
			<id id="505"/>
			<id id="506"/>
			<id id="507"/>
			<id id="508"/>
			<id id="509"/>
			<id id="510"/>
			<id id="511"/>
			<id id="512"/>
			<id id="513"/>
			<id id="514"/>
			<id id="515"/>
			<id id="516"/>
			<id id="517"/>
			<id id="518"/>
			<id id="519"/>
			<id id="520"/>
			<id id="521"/>
			<id id="522"/>
			<id id="523"/>
			<id id="524"/>
			<id id="525"/>
			<id id="526"/>
			<id id="527"/>
			<id id="528"/>
			<id id="529"/>
			<id id="530"/>
			<id id="531"/>
			<id id="532"/>
			<id id="533"/>
			<id id="534"/>
			<id id="535"/>
			<id id="536"/>
			<id id="537"/>
			<id id="538"/>
			<id id="539"/>
			<id id="540"/>
			<id id="541"/>
			<id id="542"/>
			<id id="543"/>
			<id id="544"/>
			<id id="545"/>
			<id id="546"/>
			<id id="547"/>
			<id id="548"/>
			<id id="549"/>
			<id id="550"/>
			<id id="551"/>
			<id id="552"/>
			<id id="553"/>
			<id id="554"/>
			<id id="555"/>
			<id id="556"/>
			<id id="557"/>
			<id id="558"/>
			<id id="559"/>
			<id id="560"/>
			<id id="561"/>
			<id id="562"/>
			<id id="563"/>
			<id id="564"/>
			<id id="565"/>
			<id id="566"/>
			<id id="567"/>
			<id id="568"/>
			<id id="569"/>
			<id id="570"/>
			<id id="571"/>
			<id id="572"/>
			<id id="573"/>
			<id id="574"/>
			<id id="575"/>
			<id id="576"/>
			<id id="577"/>
			<id id="578"/>
			<id id="579"/>
			<id id="580"/>
			<id id="581"/>
			<id id="582"/>
			<id id="583"/>
			<id id="584"/>
			<id id="585"/>
			<id id="586"/>
			<id id="587"/>
			<id id="588"/>
			<id id="589"/>
			<id id="590"/>
			<id id="591"/>
			<id id="592"/>
			<id id="593"/>
			<id id="594"/>
			<id id="595"/>
			<id id="596"/>
			<id id="597"/>
			<id id="598"/>
			<id id="599"/>
			<id id="600"/>
			<id id="601"/>
			<id id="602"/>
			<id id="603"/>
			<id id="604"/>
			<id id="605"/>
			<id id="606"/>
			<id id="607"/>
			<id id="608"/>
			<id id="609"/>
			<id id="610"/>
			<id id="611"/>
			<id id="612"/>
			<id id="613"/>
			<id id="614"/>
			<id id="615"/>
			<id id="616"/>
			<id id="617"/>
			<id id="618"/>
			<id id="619"/>
			<id id="620"/>
			<id id="621"/>
			<id id="622"/>
			<id id="623"/>
			<id id="624"/>
			<id id="625"/>
			<id id="626"/>
			<id id="627"/>
			<id id="628"/>
			<id id="629"/>
			<id id="630"/>
			<id id="631"/>
			<id id="632"/>
			<id id="633"/>
			<id id="634"/>
			<id id="635"/>
			<id id="636"/>
			<id id="637"/>
			<id id="638"/>
			<id id="639"/>
			<id id="640"/>
			<id id="641"/>
			<id id="642"/>
			<id id="643"/>
			<id id="644"/>
			<id id="645"/>
			<id id="646"/>
			<id id="647"/>
			<id id="648"/>
			<id id="649"/>
			<id id="650"/>
			<id id="651"/>
			<id id="652"/>
			<id id="653"/>
			<id id="654"/>
			<id id="655"/>
			<id id="656"/>
			<id id="657"/>
			<id id="658"/>
			<id id="659"/>
			<id id="660"/>
			<id id="661"/>
			<id id="662"/>
			<id id="663"/>
			<id id="664"/>
			<id id="665"/>
			<id id="666"/>
			<id id="667"/>
			<id id="668"/>
			<id id="669"/>
			<id id="670"/>
			<id id="671"/>
			<id id="672"/>
			<id id="673"/>
			<id id="674"/>
			<id id="675"/>
			<id id="676"/>
			<id id="677"/>
			<id id="678"/>
			<id id="679"/>
			<id id="680"/>
			<id id="681"/>
			<id id="682"/>
			<id id="683"/>
			<id id="684"/>
			<id id="685"/>
			<id id="686"/>
			<id id="687"/>
			<id id="688"/>
			<id id="689"/>
			<id id="690"/>
			<id id="691"/>
			<id id="692"/>
			<id id="693"/>
			<id id="694"/>
			<id id="695"/>
			<id id="696"/>
			<id id="697"/>
			<id id="698"/>
			<id id="699"/>
			<id id="700"/>
			<id id="701"/>
			<id id="702"/>
			<id id="703"/>
			<id id="704"/>
			<id id="705"/>
			<id id="706"/>
			<id id="707"/>
			<id id="708"/>
			<id id="709"/>
			<id id="710"/>
			<id id="711"/>
			<id id="712"/>
			<id id="713"/>
			<id id="714"/>
			<id id="715"/>
			<id id="716"/>
			<id id="717"/>
			<id id="718"/>
			<id id="719"/>
			<id id="720"/>
			<id id="721"/>
			<id id="722"/>
			<id id="723"/>
			<id id="724"/>
			<id id="725"/>
			<id id="726"/>
			<id id="727"/>
			<id id="728"/>
			<id id="729"/>
			<id id="730"/>
			<id id="731"/>
			<id id="732"/>
			<id id="733"/>
			<id id="734"/>
			<id id="735"/>
			<id id="736"/>
			<id id="737"/>
			<id id="738"/>
			<id id="739"/>
			<id id="740"/>
			<id id="741"/>
			<id id="742"/>
			<id id="743"/>
			<id id="744"/>
			<id id="745"/>
			<id id="746"/>
			<id id="747"/>
			<id id="748"/>
			<id id="749"/>
			<id id="750"/>
			<id id="751"/>
			<id id="752"/>
			<id id="753"/>
			<id id="754"/>
			<id id="755"/>
			<id id="756"/>
			<id id="757"/>
			<id id="758"/>
			<id id="759"/>
			<id id="760"/>
			<id id="761"/>
			<id id="762"/>
			<id id="763"/>
			<id id="764"/>
			<id id="765"/>
			<id id="766"/>
			<id id="767"/>
			<id id="768"/>
			<id id="769"/>
			<id id="770"/>
			<id id="771"/>
			<id id="772"/>
			<id id="773"/>
			<id id="774"/>
			<id id="775"/>
			<id id="776"/>
			<id id="777"/>
			<id id="778"/>
			<id id="779"/>
			<id id="780"/>
			<id id="781"/>
			<id id="782"/>
			<id id="783"/>
			<id id="784"/>
			<id id="785"/>
			<id id="786"/>
			<id id="787"/>
			<id id="788"/>
			<id id="789"/>
			<id id="790"/>
			<id id="791"/>
			<id id="792"/>
			<id id="793"/>
			<id id="794"/>
			<id id="795"/>
			<id id="796"/>
			<id id="797"/>
			<id id="798"/>
			<id id="799"/>
			<id id="800"/>
			<id id="801"/>
			<id id="802"/>
			<id id="803"/>
			<id id="804"/>
			<id id="805"/>
			<id id="806"/>
			<id id="807"/>
			<id id="808"/>
			<id id="809"/>
			<id id="810"/>
			<id id="811"/>
			<id id="812"/>
			<id id="813"/>
			<id id="814"/>
			<id id="815"/>
			<id id="816"/>
			<id id="817"/>
			<id id="818"/>
			<id id="819"/>
			<id id="820"/>
			<id id="821"/>
			<id id="822"/>
			<id id="823"/>
			<id id="824"/>
			<id id="825"/>
			<id id="826"/>
			<id id="827"/>
			<id id="828"/>
			<id id="829"/>
			<id id="830"/>
			<id id="831"/>
			<id id="832"/>
			<id id="833"/>
			<id id="834"/>
			<id id="835"/>
			<id id="836"/>
			<id id="837"/>
			<id id="838"/>
			<id id="839"/>
			<id id="840"/>
			<id id="841"/>
			<id id="842"/>
			<id id="843"/>
			<id id="844"/>
			<id id="845"/>
			<id id="846"/>
			<id id="847"/>
			<id id="848"/>
			<id id="849"/>
			<id id="850"/>
			<id id="851"/>
			<id id="852"/>
			<id id="853"/>
			<id id="854"/>
			<id id="855"/>
			<id id="856"/>
			<id id="857"/>
			<id id="858"/>
			<id id="859"/>
			<id id="860"/>
			<id id="861"/>
			<id id="862"/>
			<id id="863"/>
			<id id="864"/>
			<id id="865"/>
			<id id="866"/>
			<id id="867"/>
			<id id="868"/>
			<id id="869"/>
			<id id="870"/>
			<id id="871"/>
			<id id="872"/>
			<id id="873"/>
			<id id="874"/>
			<id id="875"/>
			<id id="876"/>
			<id id="877"/>
			<id id="878"/>
			<id id="879"/>
			<id id="880"/>
			<id id="881"/>
			<id id="882"/>
			<id id="883"/>
			<id id="884"/>
			<id id="885"/>
			<id id="886"/>
			<id id="887"/>
			<id id="888"/>
			<id id="889"/>
			<id id="890"/>
			<id id="891"/>
			<id id="892"/>
			<id id="893"/>
			<id id="894"/>
			<id id="895"/>
			<id id="896"/>
			<id id="897"/>
			<id id="898"/>
			<id id="899"/>
			<id id="900"/>
			<id id="901"/>
			<id id="902"/>
			<id id="903"/>
			<id id="904"/>
			<id id="905"/>
			<id id="906"/>
			<id id="907"/>
			<id id="908"/>
			<id id="909"/>
			<id id="910"/>
			<id id="911"/>
			<id id="912"/>
			<id id="913"/>
			<id id="914"/>
			<id id="915"/>
			<id id="916"/>
			<id id="917"/>
			<id id="918"/>
			<id id="919"/>
			<id id="920"/>
			<id id="921"/>
			<id id="922"/>
			<id id="923"/>
			<id id="924"/>
			<id id="925"/>
			<id id="926"/>
			<id id="927"/>
			<id id="928"/>
			<id id="929"/>
			<id id="930"/>
			<id id="931"/>
			<id id="932"/>
			<id id="933"/>
			<id id="934"/>
			<id id="935"/>
			<id id="936"/>
			<id id="937"/>
			<id id="938"/>
			<id id="939"/>
			<id id="940"/>
			<id id="941"/>
			<id id="942"/>
			<id id="943"/>
			<id id="944"/>
			<id id="945"/>
			<id id="946"/>
			<id id="947"/>
			<id id="948"/>
			<id id="949"/>
			<id id="950"/>
			<id id="951"/>
			<id id="952"/>
			<id id="953"/>
			<id id="954"/>
			<id id="955"/>
			<id id="956"/>
			<id id="957"/>
			<id id="958"/>
			<id id="959"/>
			<id id="960"/>
			<id id="961"/>
			<id id="962"/>
			<id id="963"/>
			<id id="964"/>
			<id id="965"/>
			<id id="966"/>
			<id id="967"/>
			<id id="968"/>
			<id id="969"/>
			<id id="970"/>
			<id id="971"/>
			<id id="972"/>
			<id id="973"/>
			<id id="974"/>
			<id id="975"/>
			<id id="976"/>
			<id id="977"/>
			<id id="978"/>
			<id id="979"/>
			<id id="980"/>
			<id id="981"/>
			<id id="982"/>
			<id id="983"/>
			<id id="984"/>
			<id id="985"/>
			<id id="986"/>
			<id id="987"/>
			<id id="988"/>
			<id id="989"/>
			<id id="990"/>
			<id id="991"/>
			<id id="992"/>
			<id id="993"/>
			<id id="994"/>
			<id id="995"/>
			<id id="996"/>
			<id id="997"/>
			<id id="998"/>
			<id id="999"/>
			<id id="1000"/>
			<id id="1001">
				<origin>足を踏み入れた君たちの目に\f801\美しい桜の花が映る。\f801\\f802\青い空と風に舞う淡紅色の花びらが美しい\f801\情景を生みだしている。\f801\\f802\だが、ここも危険な樹海のはずだ。\f801\油断をせずに進むのがいいだろう。\f801\\ffff\</origin>
				<translate>足を踏み入れた君たちの目に\f801\美しい桜の花が映る。\f801\\f802\青い空と風に舞う淡紅色の花びらが美しい\f801\情景を生みだしている。\f801\\f802\だが、ここも危険な樹海のはずだ。\f801\油断をせずに進むのがいいだろう。\f801\\ffff\</translate>
			</id>
			<id id="1002"/>
			<id id="1003"/>
			<id id="1004"/>
			<id id="1005"/>
			<id id="1006"/>
			<id id="1007"/>
			<id id="1008"/>
			<id id="1009"/>
			<id id="1010"/>
			<id id="1011"/>
			<id id="1012"/>
			<id id="1013"/>
			<id id="1014"/>
			<id id="1015"/>
			<id id="1016"/>
			<id id="1017"/>
			<id id="1018"/>
			<id id="1019"/>
			<id id="1020"/>
			<id id="1021"/>
			<id id="1022"/>
			<id id="1023"/>
			<id id="1024"/>
			<id id="1025"/>
			<id id="1026"/>
			<id id="1027"/>
			<id id="1028"/>
			<id id="1029"/>
			<id id="1030"/>
			<id id="1031"/>
			<id id="1032"/>
			<id id="1033"/>
			<id id="1034"/>
			<id id="1035"/>
			<id id="1036"/>
			<id id="1037"/>
			<id id="1038"/>
			<id id="1039"/>
			<id id="1040"/>
			<id id="1041"/>
			<id id="1042"/>
			<id id="1043"/>
			<id id="1044"/>
			<id id="1045"/>
			<id id="1046"/>
			<id id="1047"/>
			<id id="1048"/>
			<id id="1049"/>
			<id id="1050">
				<origin>新たな樹海の風景を眺めながら\f801\進んでいくと、不意に君たちの行く手を\f801\さえぎるように影が現れる。\f801\\ffff\</origin>
				<translate>新たな樹海の風景を眺めながら\f801\進んでいくと、不意に君たちの行く手を\f801\さえぎるように影が現れる。\f801\\ffff\</translate>
			</id>
			<id id="1051">
				<origin>低いうなり声と共に現れた黒い影は\f801\漆黒の毛を持つ大きな獣であった。\f801\\f802\魔物か！？ と驚く君たちだが\f801\よく見ると獣は\f804\\0500\クロガネＪｒ．\f804\\0000\と\f801\書かれた名札を下げている。\f801\\f802\その瞳も理性的な光に溢れ\f801\人に慣れている様子だ。\f801\\ffff\</origin>
				<translate>低いうなり声と共に現れた黒い影は\f801\漆黒の毛を持つ大きな獣であった。\f801\\f802\魔物か！？ と驚く君たちだが\f801\よく見ると獣は\f804\\0500\クロガネＪｒ．\f804\\0000\と\f801\書かれた名札を下げている。\f801\\f802\その瞳も理性的な光に溢れ\f801\人に慣れている様子だ。\f801\\ffff\</translate>
			</id>
			<id id="1052">
				<origin>クロガネＪｒ．という名らしい獣は\f801\君たちに向かい低い声でうなると\f801\隣に付き従うように歩き出す。\f801\\f802\どうやら君たちをどこかに\f801\案内しようとしているようだ。\f801\\ffff\</origin>
				<translate>クロガネＪｒ．という名らしい獣は\f801\君たちに向かい低い声でうなると\f801\隣に付き従うように歩き出す。\f801\\f802\どうやら君たちをどこかに\f801\案内しようとしているようだ。\f801\\ffff\</translate>
			</id>
			<id id="1053">
				<origin>君たちはその獣と共に\f801\樹海の探索を行うことにする。\f801\\ffff\</origin>
				<translate>君たちはその獣と共に\f801\樹海の探索を行うことにする。\f801\\ffff\</translate>
			</id>
			<id id="1054">
				<origin>\f804\\0300\しばらくの間、\f801\クロガネＪｒ．が同行します。\f801\\f804\\0000\\f802\\f804\\0300\クロガネＪｒ．は探索のサポート役に徹し、\f801\前線で共に戦うことはありません。\f801\\f804\\0000\\f802\\f804\\0300\しかし、\f804\\0500\採集ポイントでは持ち前の嗅覚で\f801\採りきれていない素材を知らせてくれ、\f801\再度採集を行える\f804\\0300\ことがあります。\f801\\f804\\0000\\ffff\</origin>
				<translate>\f804\\0300\しばらくの間、\f801\クロガネＪｒ．が同行します。\f801\\f804\\0000\\f802\\f804\\0300\クロガネＪｒ．は探索のサポート役に徹し、\f801\前線で共に戦うことはありません。\f801\\f804\\0000\\f802\\f804\\0300\しかし、\f804\\0500\採集ポイントでは持ち前の嗅覚で\f801\採りきれていない素材を知らせてくれ、\f801\再度採集を行える\f804\\0300\ことがあります。\f801\\f804\\0000\\ffff\</translate>
			</id>
			<id id="1055"/>
			<id id="1056"/>
			<id id="1057"/>
			<id id="1058"/>
			<id id="1059"/>
			<id id="1060"/>
			<id id="1061"/>
			<id id="1062"/>
			<id id="1063"/>
			<id id="1064"/>
			<id id="1065"/>
			<id id="1066"/>
			<id id="1067"/>
			<id id="1068"/>
			<id id="1069"/>
			<id id="1070"/>
			<id id="1071"/>
			<id id="1072"/>
			<id id="1073"/>
			<id id="1074"/>
			<id id="1075"/>
			<id id="1076"/>
			<id id="1077"/>
			<id id="1078"/>
			<id id="1079"/>
			<id id="1080"/>
			<id id="1081"/>
			<id id="1082"/>
			<id id="1083"/>
			<id id="1084"/>
			<id id="1085"/>
			<id id="1086"/>
			<id id="1087"/>
			<id id="1088"/>
			<id id="1089"/>
			<id id="1090"/>
			<id id="1091"/>
			<id id="1092"/>
			<id id="1093"/>
			<id id="1094"/>
			<id id="1095"/>
			<id id="1096"/>
			<id id="1097"/>
			<id id="1098"/>
			<id id="1099"/>
			<id id="1100">
				<origin>細い小道を進んでいくと、南側の空間に\f801\不思議な力で浮いた床を発見する。\f801\\f802\漆黒の獣はその床の方を向いて\f801\小さく吠えると\f801\そのままヒラリと飛び乗ってしまう。\f801\\ffff\</origin>
				<translate>細い小道を進んでいくと、南側の空間に\f801\不思議な力で浮いた床を発見する。\f801\\f802\漆黒の獣はその床の方を向いて\f801\小さく吠えると\f801\そのままヒラリと飛び乗ってしまう。\f801\\ffff\</translate>
			</id>
			<id id="1101">
				<origin>この不思議な獣についていくなら\f801\君たちも浮遊する床に\f801\飛び乗ってみてもいい。\f801\\ffff\</origin>
				<translate>この不思議な獣についていくなら\f801\君たちも浮遊する床に\f801\飛び乗ってみてもいい。\f801\\ffff\</translate>
			</id>
			<id id="1102"/>
			<id id="1103"/>
			<id id="1104"/>
			<id id="1105"/>
			<id id="1106"/>
			<id id="1107"/>
			<id id="1108"/>
			<id id="1109"/>
			<id id="1110"/>
			<id id="1111"/>
			<id id="1112"/>
			<id id="1113"/>
			<id id="1114"/>
			<id id="1115"/>
			<id id="1116"/>
			<id id="1117"/>
			<id id="1118"/>
			<id id="1119"/>
			<id id="1120"/>
			<id id="1121"/>
			<id id="1122"/>
			<id id="1123"/>
			<id id="1124"/>
			<id id="1125"/>
			<id id="1126"/>
			<id id="1127"/>
			<id id="1128"/>
			<id id="1129"/>
			<id id="1130"/>
			<id id="1131"/>
			<id id="1132"/>
			<id id="1133"/>
			<id id="1134"/>
			<id id="1135"/>
			<id id="1136"/>
			<id id="1137"/>
			<id id="1138"/>
			<id id="1139"/>
			<id id="1140"/>
			<id id="1141"/>
			<id id="1142"/>
			<id id="1143"/>
			<id id="1144"/>
			<id id="1145"/>
			<id id="1146"/>
			<id id="1147"/>
			<id id="1148"/>
			<id id="1149"/>
			<id id="1150">
				<origin>浮遊する床を使い、向こう岸にたどり着いた\f801\君たちの前を、漆黒の獣が走っていく。\f801\\f802\尻尾をふり嬉しそうに向かう先には、どこか\f801\儚げな笑みを浮かべた女性の姿があった。\f801\\ffff\</origin>
				<translate>浮遊する床を使い、向こう岸にたどり着いた\f801\君たちの前を、漆黒の獣が走っていく。\f801\\f802\尻尾をふり嬉しそうに向かう先には、どこか\f801\儚げな笑みを浮かべた女性の姿があった。\f801\\ffff\</translate>
			</id>
			<id id="1151">
				<origin>\f812\女性\0000\\f81b\\565f\\4348\\4152\\5f31\\3937\\2f45\\5645\\4e54\\2f61\\7472\\5f32\\3032\\0000\「ジュニア、戻ったのね。\f801\どう、そっちに水兵の姿はあったの？」\f801\\ffff\</origin>
				<translate>\f812\女性\0000\\f81b\\565f\\4348\\4152\\5f31\\3937\\2f45\\5645\\4e54\\2f61\\7472\\5f32\\3032\\0000\「ジュニア、戻ったのね。\f801\どう、そっちに水兵の姿はあったの？」\f801\\ffff\</translate>
			</id>
			<id id="1152">
				<origin>獣にそう語りかける女性は背後にいる\f801\君たちに気づくと、驚きの表情を浮かべる。\f801\\ffff\</origin>
				<translate>獣にそう語りかける女性は背後にいる\f801\君たちに気づくと、驚きの表情を浮かべる。\f801\\ffff\</translate>
			</id>
			<id id="1153">
				<origin>\f812\女性\0000\\f81b\\565f\\4348\\4152\\5f31\\3937\\2f45\\5645\\4e54\\2f61\\7472\\5f32\\3033\\0000\「…見覚えのない顔ね、あなたたちは？\f801\もしかして、マギニアの冒険者かしら？」\f801\\ffff\</origin>
				<translate>\f812\女性\0000\\f81b\\565f\\4348\\4152\\5f31\\3937\\2f45\\5645\\4e54\\2f61\\7472\\5f32\\3033\\0000\「…見覚えのない顔ね、あなたたちは？\f801\もしかして、マギニアの冒険者かしら？」\f801\\ffff\</translate>
			</id>
			<id id="1154">
				<origin>手にした杖を引き寄せ、少し警戒した様子の\f801\女性に君たちは何と答えるか？\f801\\ffff\</origin>
				<translate>手にした杖を引き寄せ、少し警戒した様子の\f801\女性に君たちは何と答えるか？\f801\\ffff\</translate>
			</id>
			<id id="1155">
				<origin>\f804\\0500\何と答えますか？\f804\\0000\\f801\冒険者の\f840\だ、と答える\f801\まずそっちが名乗れ、と答える\f801\\ffff\</origin>
				<translate>\f804\\0500\何と答えますか？\f804\\0000\\f801\冒険者の\f840\だ、と答える\f801\まずそっちが名乗れ、と答える\f801\\ffff\</translate>
			</id>
			<id id="1156">
				<origin>君たちの言葉に女性は驚きの表情を浮かべ\f801\獣の背中を撫でながら返事を返す。\f801\\ffff\</origin>
				<translate>君たちの言葉に女性は驚きの表情を浮かべ\f801\獣の背中を撫でながら返事を返す。\f801\\ffff\</translate>
			</id>
			<id id="1157">
				<origin>\f812\女性\0000\\f81b\\565f\\4348\\4152\\5f31\\3937\\2f45\\5645\\4e54\\2f61\\7472\\5f32\\3034\\0000\「そう、本当に飛行都市がこの島まで\f801\来てしまったのね……」\f801\\ffff\</origin>
				<translate>\f812\女性\0000\\f81b\\565f\\4348\\4152\\5f31\\3937\\2f45\\5645\\4e54\\2f61\\7472\\5f32\\3034\\0000\「そう、本当に飛行都市がこの島まで\f801\来てしまったのね……」\f801\\ffff\</translate>
			</id>
			<id id="1158">
				<origin>女性は少し曇った表情でつぶやいた後\f801\あたしは\f804\\0500\アーテリンデ\f804\\0000\。航海王女の船団で\f801\護衛を務める冒険者だと名乗る。\f801\\f802\そしてそばにいるのが相棒のクロガネＪｒ．\f801\お父さんも立派な冒険者だったのよ、と\f801\優しく撫でながら紹介をしてくれる。\f801\\ffff\</origin>
				<translate>女性は少し曇った表情でつぶやいた後\f801\あたしは\f804\\0500\アーテリンデ\f804\\0000\。航海王女の船団で\f801\護衛を務める冒険者だと名乗る。\f801\\f802\そしてそばにいるのが相棒のクロガネＪｒ．\f801\お父さんも立派な冒険者だったのよ、と\f801\優しく撫でながら紹介をしてくれる。\f801\\ffff\</translate>
			</id>
			<id id="1159">
				<origin>君たちの言葉に女性は驚きの表情を浮かべ\f801\次の瞬間、笑顔で獣の背中を撫で始める。\f801\\ffff\</origin>
				<translate>君たちの言葉に女性は驚きの表情を浮かべ\f801\次の瞬間、笑顔で獣の背中を撫で始める。\f801\\ffff\</translate>
			</id>
			<id id="1160">
				<origin>\f812\女性\0000\\f81b\\565f\\4348\\4152\\5f31\\3937\\2f45\\5645\\4e54\\2f61\\7472\\5f32\\3035\\0000\「そう、ね、とりあえず自己紹介。\f801\あたしは\f804\\0500\アーテリンデ\f804\\0000\。航海王女の船団で\f801\護衛を務める冒険者なの」\f801\\ffff\</origin>
				<translate>\f812\女性\0000\\f81b\\565f\\4348\\4152\\5f31\\3937\\2f45\\5645\\4e54\\2f61\\7472\\5f32\\3035\\0000\「そう、ね、とりあえず自己紹介。\f801\あたしは\f804\\0500\アーテリンデ\f804\\0000\。航海王女の船団で\f801\護衛を務める冒険者なの」\f801\\ffff\</translate>
			</id>
			<id id="1161">
				<origin>そしてそばにいるのが相棒のクロガネＪｒ．\f801\お父さんも立派な冒険者だったのよ、と\f801\優しく撫でながら紹介をしてくれる。\f801\\f802\それを聞いた君たちも、自分たちの名と\f801\飛行都市マギニアから来たことを告げる。\f801\\f802\君たちの言葉に女性は驚きの表情を浮かべ\f801\獣の背中を撫でながら返事を返す。\f801\\ffff\</origin>
				<translate>そしてそばにいるのが相棒のクロガネＪｒ．\f801\お父さんも立派な冒険者だったのよ、と\f801\優しく撫でながら紹介をしてくれる。\f801\\f802\それを聞いた君たちも、自分たちの名と\f801\飛行都市マギニアから来たことを告げる。\f801\\f802\君たちの言葉に女性は驚きの表情を浮かべ\f801\獣の背中を撫でながら返事を返す。\f801\\ffff\</translate>
			</id>
			<id id="1162">
				<origin>\f859\\1200\\f81b\\565f\\4348\\4152\\5f31\\3937\\2f45\\5645\\4e54\\2f61\\7472\\5f32\\3034\\0000\「そう、本当に飛行都市がこの島まで\f801\来てしまったのね……」\f801\\ffff\</origin>
				<translate>\f859\\1200\\f81b\\565f\\4348\\4152\\5f31\\3937\\2f45\\5645\\4e54\\2f61\\7472\\5f32\\3034\\0000\「そう、本当に飛行都市がこの島まで\f801\来てしまったのね……」\f801\\ffff\</translate>
			</id>
			<id id="1163">
				<origin>アーテリンデと名乗った女性は、ひとり\f801\頷くと立ち上がり、北の方角を指さす。\f801\\ffff\</origin>
				<translate>アーテリンデと名乗った女性は、ひとり\f801\頷くと立ち上がり、北の方角を指さす。\f801\\ffff\</translate>
			</id>
			<id id="1164">
				<origin>\f859\\1200\「\f804\\0500\桜ノ立橋\f804\\0000\と呼ばれるこの樹海を抜けた先に\f801\航海王女一行が駐屯している場所があるわ」\f801\\f802\「秘宝を求めて、王女たち海の一族が\f801\拠点に選んだ海岸線近くの平原よ」\f801\\f802\「あたしはその一団が派遣した先遣隊……\f801\半年ほど前に上陸したはずの一行の行方を\f801\捜すため、ここまで来たの」\f801\\f802\「せっかちな王女が『自分で行くっ！』って\f801\言い出す前に、あたしがジュニアと\f801\捜索にきて…あなたたちに出会ったって訳」\f801\\f802\「でも、出会ったのが\f801\あたしで良かったかも。\f801\海の一族はマギニアを敵視しているから…」\f801\\f802\「恐らくマギニア側でもそうだと思うわ。\f801\古い伝承によるものらしいけど…大変よね」\f801\\ffff\</origin>
				<translate>\f859\\1200\「\f804\\0500\桜ノ立橋\f804\\0000\と呼ばれるこの樹海を抜けた先に\f801\航海王女一行が駐屯している場所があるわ」\f801\\f802\「秘宝を求めて、王女たち海の一族が\f801\拠点に選んだ海岸線近くの平原よ」\f801\\f802\「あたしはその一団が派遣した先遣隊……\f801\半年ほど前に上陸したはずの一行の行方を\f801\捜すため、ここまで来たの」\f801\\f802\「せっかちな王女が『自分で行くっ！』って\f801\言い出す前に、あたしがジュニアと\f801\捜索にきて…あなたたちに出会ったって訳」\f801\\f802\「でも、出会ったのが\f801\あたしで良かったかも。\f801\海の一族はマギニアを敵視しているから…」\f801\\f802\「恐らくマギニア側でもそうだと思うわ。\f801\古い伝承によるものらしいけど…大変よね」\f801\\ffff\</translate>
			</id>
			<id id="1165">
				<origin>そこまで話すとアーテリンデと名乗った\f801\女性はジュニアと呼ぶ獣を連れ歩き出す。\f801\\ffff\</origin>
				<translate>そこまで話すとアーテリンデと名乗った\f801\女性はジュニアと呼ぶ獣を連れ歩き出す。\f801\\ffff\</translate>
			</id>
			<id id="1166">
				<origin>\f859\\1200\「あたしたちは、行方のしれぬ先遣隊の\f801\探索を続けるわ。あなたたちは…\f801\できればこの先にはいかないで」\f801\\f802\「マギニアの冒険者が航海王女率いる\f801\海の一族と出会ったらいい結果に\f801\なるとは思えないから……」\f801\\ffff\</origin>
				<translate>\f859\\1200\「あたしたちは、行方のしれぬ先遣隊の\f801\探索を続けるわ。あなたたちは…\f801\できればこの先にはいかないで」\f801\\f802\「マギニアの冒険者が航海王女率いる\f801\海の一族と出会ったらいい結果に\f801\なるとは思えないから……」\f801\\ffff\</translate>
			</id>
			<id id="1167">
				<origin>アーテリンデはそう告げるとそのまま\f801\その場から立ち去っていく。\f801\\ffff\</origin>
				<translate>アーテリンデはそう告げるとそのまま\f801\その場から立ち去っていく。\f801\\ffff\</translate>
			</id>
			<id id="1168">
				<origin>君たちは、噂に聞いた航海王女の一行が\f801\いるという情報を胸に秘め、探索を\f801\続けることにする。\f801\\ffff\</origin>
				<translate>君たちは、噂に聞いた航海王女の一行が\f801\いるという情報を胸に秘め、探索を\f801\続けることにする。\f801\\ffff\</translate>
			</id>
			<id id="1169"/>
			<id id="1170"/>
			<id id="1171"/>
			<id id="1172"/>
			<id id="1173"/>
			<id id="1174"/>
			<id id="1175"/>
			<id id="1176"/>
			<id id="1177"/>
			<id id="1178"/>
			<id id="1179"/>
			<id id="1180"/>
			<id id="1181"/>
			<id id="1182"/>
			<id id="1183"/>
			<id id="1184"/>
			<id id="1185"/>
			<id id="1186"/>
			<id id="1187"/>
			<id id="1188"/>
			<id id="1189"/>
			<id id="1190"/>
			<id id="1191"/>
			<id id="1192"/>
			<id id="1193"/>
			<id id="1194"/>
			<id id="1195"/>
			<id id="1196"/>
			<id id="1197"/>
			<id id="1198"/>
			<id id="1199"/>
			<id id="1200">
				<origin>樹海を進む君たちの前に\f801\新たなフロアへの階段が姿を現す。\f801\\f802\しかし、先ほど出会った\f801\アーテリンデの言葉を思い出して欲しい。\f801\\f802\新たなフロアの探索も重要だが、\f801\航海王女に関する情報を\f801\報告すべきではないだろうか？\f801\\f802\一度街に戻り、\f801\司令部へ向かいたまえ。\f801\\ffff\</origin>
				<translate>樹海を進む君たちの前に\f801\新たなフロアへの階段が姿を現す。\f801\\f802\しかし、先ほど出会った\f801\アーテリンデの言葉を思い出して欲しい。\f801\\f802\新たなフロアの探索も重要だが、\f801\航海王女に関する情報を\f801\報告すべきではないだろうか？\f801\\f802\一度街に戻り、\f801\司令部へ向かいたまえ。\f801\\ffff\</translate>
			</id>
		</body>
	</mbm>
