<?xml version="1.0" encoding="UTF-8"?>
	<mbm>
		<head>000000004d53473200000100</head>
		<size>4c080000</size>
		<number>59000000</number>
		<j>200000000000000000000000</j>
		<body>
			<id id="0"/>
			<id id="1"/>
			<id id="2"/>
			<id id="3"/>
			<id id="4"/>
			<id id="5"/>
			<id id="6"/>
			<id id="7"/>
			<id id="8"/>
			<id id="9"/>
			<id id="10"/>
			<id id="11"/>
			<id id="12"/>
			<id id="13"/>
			<id id="14"/>
			<id id="15"/>
			<id id="16"/>
			<id id="17"/>
			<id id="18"/>
			<id id="19"/>
			<id id="20"/>
			<id id="21"/>
			<id id="22"/>
			<id id="23"/>
			<id id="24"/>
			<id id="25"/>
			<id id="26"/>
			<id id="27"/>
			<id id="28"/>
			<id id="29"/>
			<id id="30"/>
			<id id="31"/>
			<id id="32"/>
			<id id="33"/>
			<id id="34"/>
			<id id="35"/>
			<id id="36"/>
			<id id="37"/>
			<id id="38"/>
			<id id="39"/>
			<id id="40"/>
			<id id="41"/>
			<id id="42"/>
			<id id="43"/>
			<id id="44"/>
			<id id="45"/>
			<id id="46"/>
			<id id="47"/>
			<id id="48"/>
			<id id="49"/>
			<id id="50">
				<origin>小迷宮の中、かなり進んできた君たちは\f801\扉の先の小さな小部屋に足を踏み入れる。\f801\\f802\その部屋には、中心部に\f801\不自然に揺れる大きな木の葉がある。\f801\\f802\不思議に思い眺めている君たちの横で\f801\ビルギッタが嬉しそうに\f801\その葉に走りよっていく！\f801\\ffff\</origin>
				<translate>小迷宮の中、かなり進んできた君たちは\f801\扉の先の小さな小部屋に足を踏み入れる。\f801\\f802\その部屋には、中心部に\f801\不自然に揺れる大きな木の葉がある。\f801\\f802\不思議に思い眺めている君たちの横で\f801\ビルギッタが嬉しそうに\f801\その葉に走りよっていく！\f801\\ffff\</translate>
			</id>
			<id id="51"/>
			<id id="52"/>
			<id id="53">
				<origin>\f859\\0900\「シロ？ シロたちだよね！？」\f801\\ffff\</origin>
				<translate>\f859\\0900\「シロ？ シロたちだよね！？」\f801\\ffff\</translate>
			</id>
			<id id="54"/>
			<id id="55"/>
			<id id="56">
				<origin>そう叫ぶビルギッタが葉を裏返すと\f801\そこには中心に寄り添って団子状に\f801\なった真っ白い小動物の姿があった！\f801\\ffff\</origin>
				<translate>そう叫ぶビルギッタが葉を裏返すと\f801\そこには中心に寄り添って団子状に\f801\なった真っ白い小動物の姿があった！\f801\\ffff\</translate>
			</id>
			<id id="57"/>
			<id id="58"/>
			<id id="59">
				<origin>\f859\\0900\「よかった！ シロちゃん！！」\f801\\ffff\</origin>
				<translate>\f859\\0900\「よかった！ シロちゃん！！」\f801\\ffff\</translate>
			</id>
			<id id="60"/>
			<id id="61"/>
			<id id="62">
				<origin>ビルギッタはその小さな動物たちを\f801\ギュッと抱きしめ笑顔を浮かべる。\f801\\ffff\</origin>
				<translate>ビルギッタはその小さな動物たちを\f801\ギュッと抱きしめ笑顔を浮かべる。\f801\\ffff\</translate>
			</id>
			<id id="63"/>
			<id id="64"/>
			<id id="65">
				<origin>どうやら、この白くて小さな動物が\f801\ビルギッタが弟のように大事にしている\f801\シロのようだ。\f801\\ffff\</origin>
				<translate>どうやら、この白くて小さな動物が\f801\ビルギッタが弟のように大事にしている\f801\シロのようだ。\f801\\ffff\</translate>
			</id>
			<id id="66"/>
			<id id="67"/>
			<id id="68">
				<origin>\f859\\0900\\f81b\\565f\\4348\\4152\\5f31\\3930\\2f45\\5645\\4e54\\2f62\\6972\\5f32\\3136\\0000\「シロちゃんは、本当は\f801\シロヘラコウモリっていうんです！」\f801\\f802\「コウモリだけど、白い毛を持っていて\f801\ふわふわでモフモフで…\f801\と～っても可愛いんですよ！」\f801\\f802\「あまりの可愛さから\f801\密林の宝石とも呼ばれているんです！」\f801\\f802\「実はシロちゃん以外は女の子で\f801\男の子一人に女の子が大勢集まるのが\f801\シロヘラコウモリの特徴なんですよ」\f801\\f802\「果物が大好きなんですが\f801\目を離した際にはぐれてしまって…」\f801\\ffff\</origin>
				<translate>\f859\\0900\\f81b\\565f\\4348\\4152\\5f31\\3930\\2f45\\5645\\4e54\\2f62\\6972\\5f32\\3136\\0000\「シロちゃんは、本当は\f801\シロヘラコウモリっていうんです！」\f801\\f802\「コウモリだけど、白い毛を持っていて\f801\ふわふわでモフモフで…\f801\と～っても可愛いんですよ！」\f801\\f802\「あまりの可愛さから\f801\密林の宝石とも呼ばれているんです！」\f801\\f802\「実はシロちゃん以外は女の子で\f801\男の子一人に女の子が大勢集まるのが\f801\シロヘラコウモリの特徴なんですよ」\f801\\f802\「果物が大好きなんですが\f801\目を離した際にはぐれてしまって…」\f801\\ffff\</translate>
			</id>
			<id id="69"/>
			<id id="70"/>
			<id id="71">
				<origin>シロと出会えて喜んでいたビルギッタだが\f801\ふと抱きしめたシロたちが\f801\小刻みに震えている事に気づく。\f801\\f802\その様子に気づくと、怪訝そうな\f801\表情を浮かべた後君たちを見つめる。\f801\\ffff\</origin>
				<translate>シロと出会えて喜んでいたビルギッタだが\f801\ふと抱きしめたシロたちが\f801\小刻みに震えている事に気づく。\f801\\f802\その様子に気づくと、怪訝そうな\f801\表情を浮かべた後君たちを見つめる。\f801\\ffff\</translate>
			</id>
			<id id="72"/>
			<id id="73"/>
			<id id="74">
				<origin>\f859\\0900\\f81b\\565f\\4348\\4152\\5f31\\3930\\2f45\\5645\\4e54\\2f62\\6972\\5f32\\3234\\0000\「\f840\さん、\f801\シロたちの様子がヘンです…」\f801\\f802\「どうやら…この迷宮には\f801\非常に危険な相手がいるようです」\f801\\f802\「シロたちがここまで緊張して\f801\怯えるなんて……」\f801\\ffff\</origin>
				<translate>\f859\\0900\\f81b\\565f\\4348\\4152\\5f31\\3930\\2f45\\5645\\4e54\\2f62\\6972\\5f32\\3234\\0000\「\f840\さん、\f801\シロたちの様子がヘンです…」\f801\\f802\「どうやら…この迷宮には\f801\非常に危険な相手がいるようです」\f801\\f802\「シロたちがここまで緊張して\f801\怯えるなんて……」\f801\\ffff\</translate>
			</id>
			<id id="75"/>
			<id id="76"/>
			<id id="77">
				<origin>\f859\\0900\\f81b\\565f\\4348\\4152\\5f31\\3930\\2f45\\5645\\4e54\\2f62\\6972\\5f32\\3136\\0000\「\f840\さん、\f801\お蔭でシロたちと無事に出会えました」\f801\\ffff\</origin>
				<translate>\f859\\0900\\f81b\\565f\\4348\\4152\\5f31\\3930\\2f45\\5645\\4e54\\2f62\\6972\\5f32\\3136\\0000\「\f840\さん、\f801\お蔭でシロたちと無事に出会えました」\f801\\ffff\</translate>
			</id>
			<id id="78"/>
			<id id="79"/>
			<id id="80">
				<origin>ビルギッタはそう告げると\f801\立ち上がり、君たちに頭を下げる。\f801\\ffff\</origin>
				<translate>ビルギッタはそう告げると\f801\立ち上がり、君たちに頭を下げる。\f801\\ffff\</translate>
			</id>
			<id id="81"/>
			<id id="82"/>
			<id id="83">
				<origin>\f859\\0900\\f81b\\565f\\4348\\4152\\5f31\\3930\\2f45\\5645\\4e54\\2f62\\6972\\5f32\\3235\\0000\「み、みなさん。\f801\本当にありがとうございました」\f801\\f802\「私は、シロたちを連れて戻ります」\f801\\ffff\</origin>
				<translate>\f859\\0900\\f81b\\565f\\4348\\4152\\5f31\\3930\\2f45\\5645\\4e54\\2f62\\6972\\5f32\\3235\\0000\「み、みなさん。\f801\本当にありがとうございました」\f801\\f802\「私は、シロたちを連れて戻ります」\f801\\ffff\</translate>
			</id>
			<id id="84"/>
			<id id="85"/>
			<id id="86">
				<origin>\f859\\0900\「みなさんがもしこの先にいかれるなら…\f801\危険な相手がいるかもしれないので\f801\十分に注意して進んでください」\f801\\ffff\</origin>
				<translate>\f859\\0900\「みなさんがもしこの先にいかれるなら…\f801\危険な相手がいるかもしれないので\f801\十分に注意して進んでください」\f801\\ffff\</translate>
			</id>
			<id id="87"/>
			<id id="88"/>
			<id id="89">
				<origin>ビルギッタはそう告げると\f801\シロたちを連れて姿を消す。\f801\\f802\君たちは彼女たちに続いて\f801\一度街へ戻ってもいいし\f801\このまま奥へ進んでもいい。\f801\\ffff\</origin>
				<translate>ビルギッタはそう告げると\f801\シロたちを連れて姿を消す。\f801\\f802\君たちは彼女たちに続いて\f801\一度街へ戻ってもいいし\f801\このまま奥へ進んでもいい。\f801\\ffff\</translate>
			</id>
		</body>
	</mbm>
