<?xml version="1.0" encoding="UTF-8"?>
	<mbm>
		<head>000000004d53473200000100</head>
		<size>26050000</size>
		<number>64000000</number>
		<j>200000000000000000000000</j>
		<body>
			<id id="0">
				<origin>君たちはシリカに教えられた、\f801\新たな迷宮の中に足を踏み入れる。\f801\\f802\そこは内部に水があるのか、\f801\入口付近まで湿度が高く、\f801\不快な空気が漂っている。\f801\\f802\シリカから魔物の皮を依頼された衛兵は\f801\この迷宮の中に入ったらしい。\f801\彼らは無事でいるだろうか？\f801\\f802\君たちも充分気をつけながら、\f801\迷宮の中へと足をすすめることにする。\f801\\ffff\</origin>
				<translate>君たちはシリカに教えられた、\f801\新たな迷宮の中に足を踏み入れる。\f801\\f802\そこは内部に水があるのか、\f801\入口付近まで湿度が高く、\f801\不快な空気が漂っている。\f801\\f802\シリカから魔物の皮を依頼された衛兵は\f801\この迷宮の中に入ったらしい。\f801\彼らは無事でいるだろうか？\f801\\f802\君たちも充分気をつけながら、\f801\迷宮の中へと足をすすめることにする。\f801\\ffff\</translate>
			</id>
			<id id="1"/>
			<id id="2"/>
			<id id="3"/>
			<id id="4"/>
			<id id="5"/>
			<id id="6"/>
			<id id="7"/>
			<id id="8"/>
			<id id="9"/>
			<id id="10"/>
			<id id="11"/>
			<id id="12"/>
			<id id="13"/>
			<id id="14"/>
			<id id="15"/>
			<id id="16"/>
			<id id="17"/>
			<id id="18"/>
			<id id="19"/>
			<id id="20"/>
			<id id="21"/>
			<id id="22"/>
			<id id="23"/>
			<id id="24"/>
			<id id="25"/>
			<id id="26"/>
			<id id="27"/>
			<id id="28"/>
			<id id="29"/>
			<id id="30"/>
			<id id="31"/>
			<id id="32"/>
			<id id="33"/>
			<id id="34"/>
			<id id="35"/>
			<id id="36"/>
			<id id="37"/>
			<id id="38"/>
			<id id="39"/>
			<id id="40"/>
			<id id="41"/>
			<id id="42"/>
			<id id="43"/>
			<id id="44"/>
			<id id="45"/>
			<id id="46"/>
			<id id="47"/>
			<id id="48"/>
			<id id="49"/>
			<id id="50">
				<origin>樹海を探索する君たちは、\f801\前方に立ち尽くす\f801\マギニアの衛兵がいるのをみつける。\f801\\ffff\</origin>
				<translate>樹海を探索する君たちは、\f801\前方に立ち尽くす\f801\マギニアの衛兵がいるのをみつける。\f801\\ffff\</translate>
			</id>
			<id id="51">
				<origin>\f859\\0700\「ん、君たちは……？\f801\ここはまだ一般の冒険者には\f801\知られていないはずだが……」\f801\\ffff\</origin>
				<translate>\f859\\0700\「ん、君たちは……？\f801\ここはまだ一般の冒険者には\f801\知られていないはずだが……」\f801\\ffff\</translate>
			</id>
			<id id="52">
				<origin>君たちは、シリカに頼まれて、\f801\様子を見に来たことを告げる。\f801\\ffff\</origin>
				<translate>君たちは、シリカに頼まれて、\f801\様子を見に来たことを告げる。\f801\\ffff\</translate>
			</id>
			<id id="53">
				<origin>\f859\\0700\\f81b\\565f\\4348\\4152\\5f31\\3037\\2f45\\5645\\4e54\\2f62\\6172\\5f32\\3035\\0000\「おお、シリカ嬢に……。\f801\それなら間違いなく私達のことだ」\f801\\f802\「この先に、シリカ嬢の求める魔物が\f801\いるのだが、うまく捕らえられずに\f801\困っていたのだ」\f801\\ffff\</origin>
				<translate>\f859\\0700\\f81b\\565f\\4348\\4152\\5f31\\3037\\2f45\\5645\\4e54\\2f62\\6172\\5f32\\3035\\0000\「おお、シリカ嬢に……。\f801\それなら間違いなく私達のことだ」\f801\\f802\「この先に、シリカ嬢の求める魔物が\f801\いるのだが、うまく捕らえられずに\f801\困っていたのだ」\f801\\ffff\</translate>
			</id>
			<id id="54">
				<origin>衛兵はここで立ち往生していた理由を\f801\君たちに告げる。\f801\\ffff\</origin>
				<translate>衛兵はここで立ち往生していた理由を\f801\君たちに告げる。\f801\\ffff\</translate>
			</id>
			<id id="55">
				<origin>\f859\\0700\\f81b\\565f\\4348\\4152\\5f31\\3037\\2f45\\5645\\4e54\\2f62\\6172\\5f32\\3033\\0000\「これ以上シリカ嬢を心配させるわけにも\f801\いかない。\f801\私たちは一度戻ることにするよ」\f801\\ffff\</origin>
				<translate>\f859\\0700\\f81b\\565f\\4348\\4152\\5f31\\3037\\2f45\\5645\\4e54\\2f62\\6172\\5f32\\3033\\0000\「これ以上シリカ嬢を心配させるわけにも\f801\いかない。\f801\私たちは一度戻ることにするよ」\f801\\ffff\</translate>
			</id>
			<id id="56">
				<origin>そう言って衛兵たちは去って行く。\f801\君たちはそれを見送り、\f801\改めて前方を見据える。\f801\\f802\君たちはこのまま先に進むことも出来る。\f801\\ffff\</origin>
				<translate>そう言って衛兵たちは去って行く。\f801\君たちはそれを見送り、\f801\改めて前方を見据える。\f801\\f802\君たちはこのまま先に進むことも出来る。\f801\\ffff\</translate>
			</id>
			<id id="57"/>
			<id id="58"/>
			<id id="59"/>
			<id id="60"/>
			<id id="61"/>
			<id id="62"/>
			<id id="63"/>
			<id id="64"/>
			<id id="65"/>
			<id id="66"/>
			<id id="67"/>
			<id id="68"/>
			<id id="69"/>
			<id id="70"/>
			<id id="71"/>
			<id id="72"/>
			<id id="73"/>
			<id id="74"/>
			<id id="75"/>
			<id id="76"/>
			<id id="77"/>
			<id id="78"/>
			<id id="79"/>
			<id id="80"/>
			<id id="81"/>
			<id id="82"/>
			<id id="83"/>
			<id id="84"/>
			<id id="85"/>
			<id id="86"/>
			<id id="87"/>
			<id id="88"/>
			<id id="89"/>
			<id id="90"/>
			<id id="91"/>
			<id id="92"/>
			<id id="93"/>
			<id id="94"/>
			<id id="95"/>
			<id id="96"/>
			<id id="97"/>
			<id id="98"/>
			<id id="99"/>
			<id id="100">
				<origin>君たちは\f804\\0500\\f841\\d404\\f804\\0000\を手に入れた！\f801\これこそシリカが求めていたものだろう。\f801\彼女に渡せば喜んでくれるはずだ！\f801\\ffff\</origin>
				<translate>君たちは\f804\\0500\\f841\\d404\\f804\\0000\を手に入れた！\f801\これこそシリカが求めていたものだろう。\f801\彼女に渡せば喜んでくれるはずだ！\f801\\ffff\</translate>
			</id>
		</body>
	</mbm>
