<?xml version="1.0" encoding="UTF-8"?>
	<mbm>
		<head>000000004d53473200000100</head>
		<size>dc150000</size>
		<number>bc020000</number>
		<j>200000000000000000000000</j>
		<body>
			<id id="0">
				<origin>\f812\魔物学者の助手ファートン\0000\シンリンチョウという、昆虫型の魔物とは\f801\もう戦ったことがありますか？\f801\\f802\シーブル教授と一緒にシンリンチョウと\f801\戦った時にある法則に気づいたのです。\f801\\f802\実はシンリンチョウを感電死させると、\f801\感電した複眼という貴重なアイテムを\f801\得ることができるみたいです。\f801\\f802\どうやら電気と反応することで、\f801\目を構成する組織が変質するようですね。\f801\\f802\今度シンリンチョウを見かけたら、\f801\ぜひ試してみてください。\f801\\ffff\</origin>
				<translate>\f812\魔物学者の助手ファートン\0000\シンリンチョウという、昆虫型の魔物とは\f801\もう戦ったことがありますか？\f801\\f802\シーブル教授と一緒にシンリンチョウと\f801\戦った時にある法則に気づいたのです。\f801\\f802\実はシンリンチョウを感電死させると、\f801\感電した複眼という貴重なアイテムを\f801\得ることができるみたいです。\f801\\f802\どうやら電気と反応することで、\f801\目を構成する組織が変質するようですね。\f801\\f802\今度シンリンチョウを見かけたら、\f801\ぜひ試してみてください。\f801\\ffff\</translate>
			</id>
			<id id="1"/>
			<id id="2"/>
			<id id="3"/>
			<id id="4"/>
			<id id="5"/>
			<id id="6"/>
			<id id="7"/>
			<id id="8"/>
			<id id="9"/>
			<id id="10"/>
			<id id="11"/>
			<id id="12"/>
			<id id="13"/>
			<id id="14"/>
			<id id="15"/>
			<id id="16"/>
			<id id="17"/>
			<id id="18"/>
			<id id="19"/>
			<id id="20"/>
			<id id="21"/>
			<id id="22"/>
			<id id="23"/>
			<id id="24"/>
			<id id="25"/>
			<id id="26"/>
			<id id="27"/>
			<id id="28"/>
			<id id="29"/>
			<id id="30"/>
			<id id="31"/>
			<id id="32"/>
			<id id="33"/>
			<id id="34"/>
			<id id="35"/>
			<id id="36"/>
			<id id="37"/>
			<id id="38"/>
			<id id="39"/>
			<id id="40"/>
			<id id="41"/>
			<id id="42"/>
			<id id="43"/>
			<id id="44"/>
			<id id="45"/>
			<id id="46"/>
			<id id="47"/>
			<id id="48"/>
			<id id="49"/>
			<id id="50">
				<origin>\f812\魔物学者の助手ファートン\0000\樹海というのは不思議なもので、なんと、\f801\植物なのに動き回るものがいるのです。\f801\つまり柔軟な木質をしていると言えます。\f801\\f802\ですがその柔らかい木質を硬い素材として\f801\手に入れる方法が教授の研究で\f801\見つかりました。\f801\\f802\例えば、ヤシの木お化けのあの非常に動く\f801\足のような根っこです。\f801\\f802\ヤシの木お化けを脚封じ状態にして\f801\動かぬ根っことして手に入れると、\f801\非常に硬い状態の素材を得られます。\f801\\f802\死んでもその状態が維持されるって\f801\面白いですね！\f801\\ffff\</origin>
				<translate>\f812\魔物学者の助手ファートン\0000\樹海というのは不思議なもので、なんと、\f801\植物なのに動き回るものがいるのです。\f801\つまり柔軟な木質をしていると言えます。\f801\\f802\ですがその柔らかい木質を硬い素材として\f801\手に入れる方法が教授の研究で\f801\見つかりました。\f801\\f802\例えば、ヤシの木お化けのあの非常に動く\f801\足のような根っこです。\f801\\f802\ヤシの木お化けを脚封じ状態にして\f801\動かぬ根っことして手に入れると、\f801\非常に硬い状態の素材を得られます。\f801\\f802\死んでもその状態が維持されるって\f801\面白いですね！\f801\\ffff\</translate>
			</id>
			<id id="51"/>
			<id id="52"/>
			<id id="53"/>
			<id id="54"/>
			<id id="55"/>
			<id id="56"/>
			<id id="57"/>
			<id id="58"/>
			<id id="59"/>
			<id id="60"/>
			<id id="61"/>
			<id id="62"/>
			<id id="63"/>
			<id id="64"/>
			<id id="65"/>
			<id id="66"/>
			<id id="67"/>
			<id id="68"/>
			<id id="69"/>
			<id id="70"/>
			<id id="71"/>
			<id id="72"/>
			<id id="73"/>
			<id id="74"/>
			<id id="75"/>
			<id id="76"/>
			<id id="77"/>
			<id id="78"/>
			<id id="79"/>
			<id id="80"/>
			<id id="81"/>
			<id id="82"/>
			<id id="83"/>
			<id id="84"/>
			<id id="85"/>
			<id id="86"/>
			<id id="87"/>
			<id id="88"/>
			<id id="89"/>
			<id id="90"/>
			<id id="91"/>
			<id id="92"/>
			<id id="93"/>
			<id id="94"/>
			<id id="95"/>
			<id id="96"/>
			<id id="97"/>
			<id id="98"/>
			<id id="99"/>
			<id id="100">
				<origin>\f812\魔物学者の助手ファートン\0000\死んだ時に、その時の状態が維持される\f801\現象があることは確実なようですね。\f801\\f802\実は怪鳥ビックビルを腕封じで倒したら、\f801\その翼には羽ばたこうとする力が\f801\そのまま残ったらしいんです。\f801\\f802\その名も、温存されし剛翼……。\f801\すごい力を秘めていそうです。\f801\\ffff\</origin>
				<translate>\f812\魔物学者の助手ファートン\0000\死んだ時に、その時の状態が維持される\f801\現象があることは確実なようですね。\f801\\f802\実は怪鳥ビックビルを腕封じで倒したら、\f801\その翼には羽ばたこうとする力が\f801\そのまま残ったらしいんです。\f801\\f802\その名も、温存されし剛翼……。\f801\すごい力を秘めていそうです。\f801\\ffff\</translate>
			</id>
			<id id="101"/>
			<id id="102"/>
			<id id="103"/>
			<id id="104"/>
			<id id="105"/>
			<id id="106"/>
			<id id="107"/>
			<id id="108"/>
			<id id="109"/>
			<id id="110"/>
			<id id="111"/>
			<id id="112"/>
			<id id="113"/>
			<id id="114"/>
			<id id="115"/>
			<id id="116"/>
			<id id="117"/>
			<id id="118"/>
			<id id="119"/>
			<id id="120"/>
			<id id="121"/>
			<id id="122"/>
			<id id="123"/>
			<id id="124"/>
			<id id="125"/>
			<id id="126"/>
			<id id="127"/>
			<id id="128"/>
			<id id="129"/>
			<id id="130"/>
			<id id="131"/>
			<id id="132"/>
			<id id="133"/>
			<id id="134"/>
			<id id="135"/>
			<id id="136"/>
			<id id="137"/>
			<id id="138"/>
			<id id="139"/>
			<id id="140"/>
			<id id="141"/>
			<id id="142"/>
			<id id="143"/>
			<id id="144"/>
			<id id="145"/>
			<id id="146"/>
			<id id="147"/>
			<id id="148"/>
			<id id="149"/>
			<id id="150">
				<origin>\f812\魔物学者の助手ファートン\0000\無法の鐚呀怒狼という魔物はご存じですか？\f801\あいつの頭にある赤と黒の鶏冠から特殊な\f801\素材を得る方法がわかりました！\f801\\f802\獰猛な魔物なので、普通に戦うのは不利。\f801\そこで、混乱させてしまえば……と試したら\f801\なんと錯乱の鶏冠という素材を入手です！\f801\\f802\無法の鐚呀怒狼を混乱状態で倒すんです！\f801\是非試してみてください！\f801\\ffff\</origin>
				<translate>\f812\魔物学者の助手ファートン\0000\無法の鐚呀怒狼という魔物はご存じですか？\f801\あいつの頭にある赤と黒の鶏冠から特殊な\f801\素材を得る方法がわかりました！\f801\\f802\獰猛な魔物なので、普通に戦うのは不利。\f801\そこで、混乱させてしまえば……と試したら\f801\なんと錯乱の鶏冠という素材を入手です！\f801\\f802\無法の鐚呀怒狼を混乱状態で倒すんです！\f801\是非試してみてください！\f801\\ffff\</translate>
			</id>
			<id id="151"/>
			<id id="152"/>
			<id id="153"/>
			<id id="154"/>
			<id id="155"/>
			<id id="156"/>
			<id id="157"/>
			<id id="158"/>
			<id id="159"/>
			<id id="160"/>
			<id id="161"/>
			<id id="162"/>
			<id id="163"/>
			<id id="164"/>
			<id id="165"/>
			<id id="166"/>
			<id id="167"/>
			<id id="168"/>
			<id id="169"/>
			<id id="170"/>
			<id id="171"/>
			<id id="172"/>
			<id id="173"/>
			<id id="174"/>
			<id id="175"/>
			<id id="176"/>
			<id id="177"/>
			<id id="178"/>
			<id id="179"/>
			<id id="180"/>
			<id id="181"/>
			<id id="182"/>
			<id id="183"/>
			<id id="184"/>
			<id id="185"/>
			<id id="186"/>
			<id id="187"/>
			<id id="188"/>
			<id id="189"/>
			<id id="190"/>
			<id id="191"/>
			<id id="192"/>
			<id id="193"/>
			<id id="194"/>
			<id id="195"/>
			<id id="196"/>
			<id id="197"/>
			<id id="198"/>
			<id id="199"/>
			<id id="200">
				<origin>\f812\魔物学者の助手ファートン\0000\溶けた金属にダイアーウルフの血を混ぜると\f801\加工しやすくなるっていう話ですね。\f801\\f802\ですが、どんな血でも良いわけではなくて、\f801\冷たい鮮血じゃないとダメという話です。\f801\\f802\冷たい鮮血というくらいだから、凍らせたり\f801\氷属性の攻撃で倒さないと手に入らない\f801\わけですが……。\f801\\f802\積極的に試してみても、\f801\良いんじゃないでしょうか？\f801\\ffff\</origin>
				<translate>\f812\魔物学者の助手ファートン\0000\溶けた金属にダイアーウルフの血を混ぜると\f801\加工しやすくなるっていう話ですね。\f801\\f802\ですが、どんな血でも良いわけではなくて、\f801\冷たい鮮血じゃないとダメという話です。\f801\\f802\冷たい鮮血というくらいだから、凍らせたり\f801\氷属性の攻撃で倒さないと手に入らない\f801\わけですが……。\f801\\f802\積極的に試してみても、\f801\良いんじゃないでしょうか？\f801\\ffff\</translate>
			</id>
			<id id="201"/>
			<id id="202"/>
			<id id="203"/>
			<id id="204"/>
			<id id="205"/>
			<id id="206"/>
			<id id="207"/>
			<id id="208"/>
			<id id="209"/>
			<id id="210"/>
			<id id="211"/>
			<id id="212"/>
			<id id="213"/>
			<id id="214"/>
			<id id="215"/>
			<id id="216"/>
			<id id="217"/>
			<id id="218"/>
			<id id="219"/>
			<id id="220"/>
			<id id="221"/>
			<id id="222"/>
			<id id="223"/>
			<id id="224"/>
			<id id="225"/>
			<id id="226"/>
			<id id="227"/>
			<id id="228"/>
			<id id="229"/>
			<id id="230"/>
			<id id="231"/>
			<id id="232"/>
			<id id="233"/>
			<id id="234"/>
			<id id="235"/>
			<id id="236"/>
			<id id="237"/>
			<id id="238"/>
			<id id="239"/>
			<id id="240"/>
			<id id="241"/>
			<id id="242"/>
			<id id="243"/>
			<id id="244"/>
			<id id="245"/>
			<id id="246"/>
			<id id="247"/>
			<id id="248"/>
			<id id="249"/>
			<id id="250">
				<origin>\f812\魔物学者の助手ファートン\0000\マッドキャタピラの短い爪をさらに硬い\f801\金属成分に変質させる方法がわかりました！\f801\名付けて無明の短爪！\f801\\f802\マッドキャタピラから光を奪って倒す、\f801\そうすると、特別なホルモンが分泌され、\f801\爪の先に金属に近い成分が凝縮されます。\f801\\f802\え？ 光を奪うってどういう意味かって？\f801\マッドキャタピラが光を奪われたと思えば\f801\いいので、盲目にしてしまうのです！\f801\\f802\ぜひ試してみてください！\f801\\ffff\</origin>
				<translate>\f812\魔物学者の助手ファートン\0000\マッドキャタピラの短い爪をさらに硬い\f801\金属成分に変質させる方法がわかりました！\f801\名付けて無明の短爪！\f801\\f802\マッドキャタピラから光を奪って倒す、\f801\そうすると、特別なホルモンが分泌され、\f801\爪の先に金属に近い成分が凝縮されます。\f801\\f802\え？ 光を奪うってどういう意味かって？\f801\マッドキャタピラが光を奪われたと思えば\f801\いいので、盲目にしてしまうのです！\f801\\f802\ぜひ試してみてください！\f801\\ffff\</translate>
			</id>
			<id id="251"/>
			<id id="252"/>
			<id id="253"/>
			<id id="254"/>
			<id id="255"/>
			<id id="256"/>
			<id id="257"/>
			<id id="258"/>
			<id id="259"/>
			<id id="260"/>
			<id id="261"/>
			<id id="262"/>
			<id id="263"/>
			<id id="264"/>
			<id id="265"/>
			<id id="266"/>
			<id id="267"/>
			<id id="268"/>
			<id id="269"/>
			<id id="270"/>
			<id id="271"/>
			<id id="272"/>
			<id id="273"/>
			<id id="274"/>
			<id id="275"/>
			<id id="276"/>
			<id id="277"/>
			<id id="278"/>
			<id id="279"/>
			<id id="280"/>
			<id id="281"/>
			<id id="282"/>
			<id id="283"/>
			<id id="284"/>
			<id id="285"/>
			<id id="286"/>
			<id id="287"/>
			<id id="288"/>
			<id id="289"/>
			<id id="290"/>
			<id id="291"/>
			<id id="292"/>
			<id id="293"/>
			<id id="294"/>
			<id id="295"/>
			<id id="296"/>
			<id id="297"/>
			<id id="298"/>
			<id id="299"/>
			<id id="300">
				<origin>\f812\魔物学者の助手ファートン\0000\一般的なモグラはいつも地中にいるため、\f801\おとなしい生き物だと思われています。\f801\\f802\しかし樹海にいるひっかきモグラは凶暴で\f801\その爪の威力たるや、まさに凶器！\f801\\f802\でもそんな凶器も、腕封じをしてしまえば、\f801\脅威でなくなるどころか、特殊な素材として\f801\手に入れることもできますよ。\f801\\f802\腕封じ状態で倒すと手に入る\f801\封印されし土竜爪は、鎧の素材として\f801\使われるみたいですね。\f801\\ffff\</origin>
				<translate>\f812\魔物学者の助手ファートン\0000\一般的なモグラはいつも地中にいるため、\f801\おとなしい生き物だと思われています。\f801\\f802\しかし樹海にいるひっかきモグラは凶暴で\f801\その爪の威力たるや、まさに凶器！\f801\\f802\でもそんな凶器も、腕封じをしてしまえば、\f801\脅威でなくなるどころか、特殊な素材として\f801\手に入れることもできますよ。\f801\\f802\腕封じ状態で倒すと手に入る\f801\封印されし土竜爪は、鎧の素材として\f801\使われるみたいですね。\f801\\ffff\</translate>
			</id>
			<id id="301"/>
			<id id="302"/>
			<id id="303"/>
			<id id="304"/>
			<id id="305"/>
			<id id="306"/>
			<id id="307"/>
			<id id="308"/>
			<id id="309"/>
			<id id="310"/>
			<id id="311"/>
			<id id="312"/>
			<id id="313"/>
			<id id="314"/>
			<id id="315"/>
			<id id="316"/>
			<id id="317"/>
			<id id="318"/>
			<id id="319"/>
			<id id="320"/>
			<id id="321"/>
			<id id="322"/>
			<id id="323"/>
			<id id="324"/>
			<id id="325"/>
			<id id="326"/>
			<id id="327"/>
			<id id="328"/>
			<id id="329"/>
			<id id="330"/>
			<id id="331"/>
			<id id="332"/>
			<id id="333"/>
			<id id="334"/>
			<id id="335"/>
			<id id="336"/>
			<id id="337"/>
			<id id="338"/>
			<id id="339"/>
			<id id="340"/>
			<id id="341"/>
			<id id="342"/>
			<id id="343"/>
			<id id="344"/>
			<id id="345"/>
			<id id="346"/>
			<id id="347"/>
			<id id="348"/>
			<id id="349"/>
			<id id="350">
				<origin>\f812\魔物学者の助手ファートン\0000\魔物の殻や甲羅は、武器や防具を作る\f801\素材として重宝されますが、倒された時の\f801\状態を維持し続けるものがあります。\f801\\f802\古跡ノ樹海の地下３階のマイマイダイオウ。\f801\あいつの殻を雷で帯電させて倒すと\f801\電気を帯びた殻という素材になります。\f801\\f802\インペリアルの砲剣などに使われる\f801\素材みたいですね！\f801\\ffff\</origin>
				<translate>\f812\魔物学者の助手ファートン\0000\魔物の殻や甲羅は、武器や防具を作る\f801\素材として重宝されますが、倒された時の\f801\状態を維持し続けるものがあります。\f801\\f802\古跡ノ樹海の地下３階のマイマイダイオウ。\f801\あいつの殻を雷で帯電させて倒すと\f801\電気を帯びた殻という素材になります。\f801\\f802\インペリアルの砲剣などに使われる\f801\素材みたいですね！\f801\\ffff\</translate>
			</id>
			<id id="351"/>
			<id id="352"/>
			<id id="353"/>
			<id id="354"/>
			<id id="355"/>
			<id id="356"/>
			<id id="357"/>
			<id id="358"/>
			<id id="359"/>
			<id id="360"/>
			<id id="361"/>
			<id id="362"/>
			<id id="363"/>
			<id id="364"/>
			<id id="365"/>
			<id id="366"/>
			<id id="367"/>
			<id id="368"/>
			<id id="369"/>
			<id id="370"/>
			<id id="371"/>
			<id id="372"/>
			<id id="373"/>
			<id id="374"/>
			<id id="375"/>
			<id id="376"/>
			<id id="377"/>
			<id id="378"/>
			<id id="379"/>
			<id id="380"/>
			<id id="381"/>
			<id id="382"/>
			<id id="383"/>
			<id id="384"/>
			<id id="385"/>
			<id id="386"/>
			<id id="387"/>
			<id id="388"/>
			<id id="389"/>
			<id id="390"/>
			<id id="391"/>
			<id id="392"/>
			<id id="393"/>
			<id id="394"/>
			<id id="395"/>
			<id id="396"/>
			<id id="397"/>
			<id id="398"/>
			<id id="399"/>
			<id id="400">
				<origin>\f812\魔物学者の助手ファートン\0000\痺れた薄皮って素材を得る方法ですか？\f801\あれはうずまきフグから採れますよ。\f801\\f802\うずまきフグは\f801\麻痺させておいて倒すのが\f801\ポイントです！\f801\\ffff\</origin>
				<translate>\f812\魔物学者の助手ファートン\0000\痺れた薄皮って素材を得る方法ですか？\f801\あれはうずまきフグから採れますよ。\f801\\f802\うずまきフグは\f801\麻痺させておいて倒すのが\f801\ポイントです！\f801\\ffff\</translate>
			</id>
			<id id="401"/>
			<id id="402"/>
			<id id="403"/>
			<id id="404"/>
			<id id="405"/>
			<id id="406"/>
			<id id="407"/>
			<id id="408"/>
			<id id="409"/>
			<id id="410"/>
			<id id="411"/>
			<id id="412"/>
			<id id="413"/>
			<id id="414"/>
			<id id="415"/>
			<id id="416"/>
			<id id="417"/>
			<id id="418"/>
			<id id="419"/>
			<id id="420"/>
			<id id="421"/>
			<id id="422"/>
			<id id="423"/>
			<id id="424"/>
			<id id="425"/>
			<id id="426"/>
			<id id="427"/>
			<id id="428"/>
			<id id="429"/>
			<id id="430"/>
			<id id="431"/>
			<id id="432"/>
			<id id="433"/>
			<id id="434"/>
			<id id="435"/>
			<id id="436"/>
			<id id="437"/>
			<id id="438"/>
			<id id="439"/>
			<id id="440"/>
			<id id="441"/>
			<id id="442"/>
			<id id="443"/>
			<id id="444"/>
			<id id="445"/>
			<id id="446"/>
			<id id="447"/>
			<id id="448"/>
			<id id="449"/>
			<id id="450">
				<origin>\f812\魔物学者の助手ファートン\0000\あなた方冒険者は勇敢で凄いと思います。\f801\僕はこの通りなので、本当に強い者には\f801\憧れちゃうんですよ。\f801\\f802\そういえば、魔物の中にも勇敢な\f801\ブルーワラビーというものがいます。\f801\\f802\このブルーワラビーを突攻撃で倒すと、\f801\貫かれた鉄拳という素材が得られることが\f801\あるようですね。\f801\\f802\鉄拳か……。\f801\それをお守りにしたら、僕も勇敢に\f801\なれるでしょうか？\f801\\ffff\</origin>
				<translate>\f812\魔物学者の助手ファートン\0000\あなた方冒険者は勇敢で凄いと思います。\f801\僕はこの通りなので、本当に強い者には\f801\憧れちゃうんですよ。\f801\\f802\そういえば、魔物の中にも勇敢な\f801\ブルーワラビーというものがいます。\f801\\f802\このブルーワラビーを突攻撃で倒すと、\f801\貫かれた鉄拳という素材が得られることが\f801\あるようですね。\f801\\f802\鉄拳か……。\f801\それをお守りにしたら、僕も勇敢に\f801\なれるでしょうか？\f801\\ffff\</translate>
			</id>
			<id id="451"/>
			<id id="452"/>
			<id id="453"/>
			<id id="454"/>
			<id id="455"/>
			<id id="456"/>
			<id id="457"/>
			<id id="458"/>
			<id id="459"/>
			<id id="460"/>
			<id id="461"/>
			<id id="462"/>
			<id id="463"/>
			<id id="464"/>
			<id id="465"/>
			<id id="466"/>
			<id id="467"/>
			<id id="468"/>
			<id id="469"/>
			<id id="470"/>
			<id id="471"/>
			<id id="472"/>
			<id id="473"/>
			<id id="474"/>
			<id id="475"/>
			<id id="476"/>
			<id id="477"/>
			<id id="478"/>
			<id id="479"/>
			<id id="480"/>
			<id id="481"/>
			<id id="482"/>
			<id id="483"/>
			<id id="484"/>
			<id id="485"/>
			<id id="486"/>
			<id id="487"/>
			<id id="488"/>
			<id id="489"/>
			<id id="490"/>
			<id id="491"/>
			<id id="492"/>
			<id id="493"/>
			<id id="494"/>
			<id id="495"/>
			<id id="496"/>
			<id id="497"/>
			<id id="498"/>
			<id id="499"/>
			<id id="500">
				<origin>\f812\魔物学者の助手ファートン\0000\紫色の狒狒のバブーンというのを\f801\知っていますか？\f801\すごい力が強い、あの大猿ですよ。\f801\\f802\あいつの力を支えているのは、\f801\丈夫な骨格なんですが、\f801\その骨が素材として重宝されるんです。\f801\\f802\あの硬い頭蓋骨をさらに固めた、\f801\狒狒の石頭って素材なんですけどね。\f801\文字通り石化状態で倒すことが必要です。\f801\\ffff\</origin>
				<translate>\f812\魔物学者の助手ファートン\0000\紫色の狒狒のバブーンというのを\f801\知っていますか？\f801\すごい力が強い、あの大猿ですよ。\f801\\f802\あいつの力を支えているのは、\f801\丈夫な骨格なんですが、\f801\その骨が素材として重宝されるんです。\f801\\f802\あの硬い頭蓋骨をさらに固めた、\f801\狒狒の石頭って素材なんですけどね。\f801\文字通り石化状態で倒すことが必要です。\f801\\ffff\</translate>
			</id>
			<id id="501"/>
			<id id="502"/>
			<id id="503"/>
			<id id="504"/>
			<id id="505"/>
			<id id="506"/>
			<id id="507"/>
			<id id="508"/>
			<id id="509"/>
			<id id="510"/>
			<id id="511"/>
			<id id="512"/>
			<id id="513"/>
			<id id="514"/>
			<id id="515"/>
			<id id="516"/>
			<id id="517"/>
			<id id="518"/>
			<id id="519"/>
			<id id="520"/>
			<id id="521"/>
			<id id="522"/>
			<id id="523"/>
			<id id="524"/>
			<id id="525"/>
			<id id="526"/>
			<id id="527"/>
			<id id="528"/>
			<id id="529"/>
			<id id="530"/>
			<id id="531"/>
			<id id="532"/>
			<id id="533"/>
			<id id="534"/>
			<id id="535"/>
			<id id="536"/>
			<id id="537"/>
			<id id="538"/>
			<id id="539"/>
			<id id="540"/>
			<id id="541"/>
			<id id="542"/>
			<id id="543"/>
			<id id="544"/>
			<id id="545"/>
			<id id="546"/>
			<id id="547"/>
			<id id="548"/>
			<id id="549"/>
			<id id="550">
				<origin>\f812\魔物学者の助手ファートン\0000\魔物というものは様々な特性を持っている、\f801\これはシーブル教授が常々言っていること\f801\なのですが、本当に驚きの連続です。\f801\\f802\樹海に現れる凶暴な植物である\f801\メデューサツリーの幹の中心部分が、\f801\貴重な素材として珍重されるそうです。\f801\\f802\ただそのまま倒したのではなく、芯まで\f801\毒を染み込ませないといけないらしく、\f801\これが手間だと聞きました。\f801\\f802\もしメデューサツリーに挑むことがあったら\f801\毒で倒してみてくださいね。\f801\\ffff\</origin>
				<translate>\f812\魔物学者の助手ファートン\0000\魔物というものは様々な特性を持っている、\f801\これはシーブル教授が常々言っていること\f801\なのですが、本当に驚きの連続です。\f801\\f802\樹海に現れる凶暴な植物である\f801\メデューサツリーの幹の中心部分が、\f801\貴重な素材として珍重されるそうです。\f801\\f802\ただそのまま倒したのではなく、芯まで\f801\毒を染み込ませないといけないらしく、\f801\これが手間だと聞きました。\f801\\f802\もしメデューサツリーに挑むことがあったら\f801\毒で倒してみてくださいね。\f801\\ffff\</translate>
			</id>
			<id id="551"/>
			<id id="552"/>
			<id id="553"/>
			<id id="554"/>
			<id id="555"/>
			<id id="556"/>
			<id id="557"/>
			<id id="558"/>
			<id id="559"/>
			<id id="560"/>
			<id id="561"/>
			<id id="562"/>
			<id id="563"/>
			<id id="564"/>
			<id id="565"/>
			<id id="566"/>
			<id id="567"/>
			<id id="568"/>
			<id id="569"/>
			<id id="570"/>
			<id id="571"/>
			<id id="572"/>
			<id id="573"/>
			<id id="574"/>
			<id id="575"/>
			<id id="576"/>
			<id id="577"/>
			<id id="578"/>
			<id id="579"/>
			<id id="580"/>
			<id id="581"/>
			<id id="582"/>
			<id id="583"/>
			<id id="584"/>
			<id id="585"/>
			<id id="586"/>
			<id id="587"/>
			<id id="588"/>
			<id id="589"/>
			<id id="590"/>
			<id id="591"/>
			<id id="592"/>
			<id id="593"/>
			<id id="594"/>
			<id id="595"/>
			<id id="596"/>
			<id id="597"/>
			<id id="598"/>
			<id id="599"/>
			<id id="600">
				<origin>\f812\魔物学者の助手ファートン\0000\魔物の武器である角とかを、人間用の武器に\f801\再利用するのは一般的なことですよね。\f801\\f802\でもそのまま使える素材というのは\f801\実は結構少なかったりします。\f801\\f802\そんな中でサウロポセイドンの角は、\f801\研磨するだけで刃物として使える優れもの\f801\なわけです。\f801\\f802\とはいえ、ひしゃげた竜角を得るためには\f801\すごい圧力を持った壊属性で倒さなければ\f801\いけないみたいですけどね！\f801\\ffff\</origin>
				<translate>\f812\魔物学者の助手ファートン\0000\魔物の武器である角とかを、人間用の武器に\f801\再利用するのは一般的なことですよね。\f801\\f802\でもそのまま使える素材というのは\f801\実は結構少なかったりします。\f801\\f802\そんな中でサウロポセイドンの角は、\f801\研磨するだけで刃物として使える優れもの\f801\なわけです。\f801\\f802\とはいえ、ひしゃげた竜角を得るためには\f801\すごい圧力を持った壊属性で倒さなければ\f801\いけないみたいですけどね！\f801\\ffff\</translate>
			</id>
			<id id="601"/>
			<id id="602"/>
			<id id="603"/>
			<id id="604"/>
			<id id="605"/>
			<id id="606"/>
			<id id="607"/>
			<id id="608"/>
			<id id="609"/>
			<id id="610"/>
			<id id="611"/>
			<id id="612"/>
			<id id="613"/>
			<id id="614"/>
			<id id="615"/>
			<id id="616"/>
			<id id="617"/>
			<id id="618"/>
			<id id="619"/>
			<id id="620"/>
			<id id="621"/>
			<id id="622"/>
			<id id="623"/>
			<id id="624"/>
			<id id="625"/>
			<id id="626"/>
			<id id="627"/>
			<id id="628"/>
			<id id="629"/>
			<id id="630"/>
			<id id="631"/>
			<id id="632"/>
			<id id="633"/>
			<id id="634"/>
			<id id="635"/>
			<id id="636"/>
			<id id="637"/>
			<id id="638"/>
			<id id="639"/>
			<id id="640"/>
			<id id="641"/>
			<id id="642"/>
			<id id="643"/>
			<id id="644"/>
			<id id="645"/>
			<id id="646"/>
			<id id="647"/>
			<id id="648"/>
			<id id="649"/>
			<id id="650">
				<origin>\f812\魔物学者の助手ファートン\0000\しかしわからない……どうしてあのタヌキは\f801\頭に葉っぱを乗せているんだろう？\f801\\f802\そんな謎のタヌキの葉っぱですが、\f801\とても珍重する素材でもあります。\f801\\f802\世界樹ノ迷宮の地下４階に現れるタヌキに\f801\炎属性の攻撃で\f801\とどめを刺してみてください。\f801\\f802\燃え残った葉っぱが焦げ臭い葉っぱとして\f801\手に入ると思います。\f801\\ffff\</origin>
				<translate>\f812\魔物学者の助手ファートン\0000\しかしわからない……どうしてあのタヌキは\f801\頭に葉っぱを乗せているんだろう？\f801\\f802\そんな謎のタヌキの葉っぱですが、\f801\とても珍重する素材でもあります。\f801\\f802\世界樹ノ迷宮の地下４階に現れるタヌキに\f801\炎属性の攻撃で\f801\とどめを刺してみてください。\f801\\f802\燃え残った葉っぱが焦げ臭い葉っぱとして\f801\手に入ると思います。\f801\\ffff\</translate>
			</id>
			<id id="651"/>
			<id id="652"/>
			<id id="653"/>
			<id id="654"/>
			<id id="655"/>
			<id id="656"/>
			<id id="657"/>
			<id id="658"/>
			<id id="659"/>
			<id id="660"/>
			<id id="661"/>
			<id id="662"/>
			<id id="663"/>
			<id id="664"/>
			<id id="665"/>
			<id id="666"/>
			<id id="667"/>
			<id id="668"/>
			<id id="669"/>
			<id id="670"/>
			<id id="671"/>
			<id id="672"/>
			<id id="673"/>
			<id id="674"/>
			<id id="675"/>
			<id id="676"/>
			<id id="677"/>
			<id id="678"/>
			<id id="679"/>
			<id id="680"/>
			<id id="681"/>
			<id id="682"/>
			<id id="683"/>
			<id id="684"/>
			<id id="685"/>
			<id id="686"/>
			<id id="687"/>
			<id id="688"/>
			<id id="689"/>
			<id id="690"/>
			<id id="691"/>
			<id id="692"/>
			<id id="693"/>
			<id id="694"/>
			<id id="695"/>
			<id id="696"/>
			<id id="697"/>
			<id id="698"/>
			<id id="699"/>
			<id id="700">
				<origin>\f812\魔物学者の助手ファートン\0000\獅子って怖いですけど、あのタテガミは\f801\格好いいですよね？\f801\特に赤獅子のタテガミは炎みたいです。\f801\\f802\ですがあのタテガミ、普通の状態だと\f801\刈り取ることが難しいんです。\f801\それでも得るにはどうするか？\f801\\f802\眠らせてから倒すと、刈り取りやすくなると\f801\シーブル教授が言っていました。\f801\その名も安らぎのタテガミ！\f801\\f802\赤獅子のタテガミが必要な時は、\f801\眠らせてから倒してみてくださいね！\f801\\ffff\</origin>
				<translate>\f812\魔物学者の助手ファートン\0000\獅子って怖いですけど、あのタテガミは\f801\格好いいですよね？\f801\特に赤獅子のタテガミは炎みたいです。\f801\\f802\ですがあのタテガミ、普通の状態だと\f801\刈り取ることが難しいんです。\f801\それでも得るにはどうするか？\f801\\f802\眠らせてから倒すと、刈り取りやすくなると\f801\シーブル教授が言っていました。\f801\その名も安らぎのタテガミ！\f801\\f802\赤獅子のタテガミが必要な時は、\f801\眠らせてから倒してみてくださいね！\f801\\ffff\</translate>
			</id>
		</body>
	</mbm>
