<?xml version="1.0" encoding="UTF-8"?>
	<mbm>
		<head>000000004d53473200000100</head>
		<size>86110000</size>
		<number>58020000</number>
		<j>200000000000000000000000</j>
		<body>
			<id id="0"/>
			<id id="1"/>
			<id id="2"/>
			<id id="3"/>
			<id id="4"/>
			<id id="5"/>
			<id id="6"/>
			<id id="7"/>
			<id id="8"/>
			<id id="9"/>
			<id id="10"/>
			<id id="11"/>
			<id id="12"/>
			<id id="13"/>
			<id id="14"/>
			<id id="15"/>
			<id id="16"/>
			<id id="17"/>
			<id id="18"/>
			<id id="19"/>
			<id id="20"/>
			<id id="21"/>
			<id id="22"/>
			<id id="23"/>
			<id id="24"/>
			<id id="25"/>
			<id id="26"/>
			<id id="27"/>
			<id id="28"/>
			<id id="29"/>
			<id id="30"/>
			<id id="31"/>
			<id id="32"/>
			<id id="33"/>
			<id id="34"/>
			<id id="35"/>
			<id id="36"/>
			<id id="37"/>
			<id id="38"/>
			<id id="39"/>
			<id id="40"/>
			<id id="41"/>
			<id id="42"/>
			<id id="43"/>
			<id id="44"/>
			<id id="45"/>
			<id id="46"/>
			<id id="47"/>
			<id id="48"/>
			<id id="49"/>
			<id id="50">
				<origin>\f812\女好事家コレック\0000\樹海の中にいる凶暴な魔物の\f801\ジャイアントモアとは\f801\戦ったことがあるかしら？\f801\\f802\なんでも特別な方法で倒すと、\f801\痺れた風切羽という貴重なアイテムが\f801\手に入るらしいのよ。\f801\\f802\飛べない鳥の風切羽……、\f801\なんて貴重な……。\f801\\f802\放っておいたら、いずれ退化して、\f801\完全になくなってしまうでしょうね！\f801\\f802\特別な方法ですって？\f801\だって、痺れた風切羽よ？\f801\麻痺させた状態で倒せばいいんじゃない？\f801\\ffff\</origin>
				<translate>\f812\女好事家コレック\0000\樹海の中にいる凶暴な魔物の\f801\ジャイアントモアとは\f801\戦ったことがあるかしら？\f801\\f802\なんでも特別な方法で倒すと、\f801\痺れた風切羽という貴重なアイテムが\f801\手に入るらしいのよ。\f801\\f802\飛べない鳥の風切羽……、\f801\なんて貴重な……。\f801\\f802\放っておいたら、いずれ退化して、\f801\完全になくなってしまうでしょうね！\f801\\f802\特別な方法ですって？\f801\だって、痺れた風切羽よ？\f801\麻痺させた状態で倒せばいいんじゃない？\f801\\ffff\</translate>
			</id>
			<id id="51"/>
			<id id="52"/>
			<id id="53"/>
			<id id="54"/>
			<id id="55"/>
			<id id="56"/>
			<id id="57"/>
			<id id="58"/>
			<id id="59"/>
			<id id="60"/>
			<id id="61"/>
			<id id="62"/>
			<id id="63"/>
			<id id="64"/>
			<id id="65"/>
			<id id="66"/>
			<id id="67"/>
			<id id="68"/>
			<id id="69"/>
			<id id="70"/>
			<id id="71"/>
			<id id="72"/>
			<id id="73"/>
			<id id="74"/>
			<id id="75"/>
			<id id="76"/>
			<id id="77"/>
			<id id="78"/>
			<id id="79"/>
			<id id="80"/>
			<id id="81"/>
			<id id="82"/>
			<id id="83"/>
			<id id="84"/>
			<id id="85"/>
			<id id="86"/>
			<id id="87"/>
			<id id="88"/>
			<id id="89"/>
			<id id="90"/>
			<id id="91"/>
			<id id="92"/>
			<id id="93"/>
			<id id="94"/>
			<id id="95"/>
			<id id="96"/>
			<id id="97"/>
			<id id="98"/>
			<id id="99"/>
			<id id="100">
				<origin>\f812\女好事家コレック\0000\あなた、毒色の夜空って見たことある？\f801\夜空って言っても、ホシゾラウミウシから\f801\取れる皮のことよ。\f801\\f802\毒々しい色と星のような点がきれいでね、\f801\見たらきっと魅了されると思うわ。\f801\\f802\でも毒で倒さないと、\f801\その色にはならないのよ。\f801\だから貴重なのだけれど。\f801\\f802\よかったら毒で倒してみてよ。\f801\そうすればあの皮がもっと市場に\f801\出回るものね！\f801\\ffff\</origin>
				<translate>\f812\女好事家コレック\0000\あなた、毒色の夜空って見たことある？\f801\夜空って言っても、ホシゾラウミウシから\f801\取れる皮のことよ。\f801\\f802\毒々しい色と星のような点がきれいでね、\f801\見たらきっと魅了されると思うわ。\f801\\f802\でも毒で倒さないと、\f801\その色にはならないのよ。\f801\だから貴重なのだけれど。\f801\\f802\よかったら毒で倒してみてよ。\f801\そうすればあの皮がもっと市場に\f801\出回るものね！\f801\\ffff\</translate>
			</id>
			<id id="101"/>
			<id id="102"/>
			<id id="103"/>
			<id id="104"/>
			<id id="105"/>
			<id id="106"/>
			<id id="107"/>
			<id id="108"/>
			<id id="109"/>
			<id id="110"/>
			<id id="111"/>
			<id id="112"/>
			<id id="113"/>
			<id id="114"/>
			<id id="115"/>
			<id id="116"/>
			<id id="117"/>
			<id id="118"/>
			<id id="119"/>
			<id id="120"/>
			<id id="121"/>
			<id id="122"/>
			<id id="123"/>
			<id id="124"/>
			<id id="125"/>
			<id id="126"/>
			<id id="127"/>
			<id id="128"/>
			<id id="129"/>
			<id id="130"/>
			<id id="131"/>
			<id id="132"/>
			<id id="133"/>
			<id id="134"/>
			<id id="135"/>
			<id id="136"/>
			<id id="137"/>
			<id id="138"/>
			<id id="139"/>
			<id id="140"/>
			<id id="141"/>
			<id id="142"/>
			<id id="143"/>
			<id id="144"/>
			<id id="145"/>
			<id id="146"/>
			<id id="147"/>
			<id id="148"/>
			<id id="149"/>
			<id id="150">
				<origin>\f812\女好事家コレック\0000\もう少し寒くなったら、毛皮のコートでも\f801\着ようかしら？\f801\\f802\でも毛皮って手触りが大切よね。\f801\寝入り狸の腰綿なんて、ステキな手触りよ？\f801\\f802\玉だぬきを安らかに眠らせた状態で倒すと\f801\ふわふわな夢見心地の毛皮が\f801\取れるんですって！\f801\\ffff\</origin>
				<translate>\f812\女好事家コレック\0000\もう少し寒くなったら、毛皮のコートでも\f801\着ようかしら？\f801\\f802\でも毛皮って手触りが大切よね。\f801\寝入り狸の腰綿なんて、ステキな手触りよ？\f801\\f802\玉だぬきを安らかに眠らせた状態で倒すと\f801\ふわふわな夢見心地の毛皮が\f801\取れるんですって！\f801\\ffff\</translate>
			</id>
			<id id="151"/>
			<id id="152"/>
			<id id="153"/>
			<id id="154"/>
			<id id="155"/>
			<id id="156"/>
			<id id="157"/>
			<id id="158"/>
			<id id="159"/>
			<id id="160"/>
			<id id="161"/>
			<id id="162"/>
			<id id="163"/>
			<id id="164"/>
			<id id="165"/>
			<id id="166"/>
			<id id="167"/>
			<id id="168"/>
			<id id="169"/>
			<id id="170"/>
			<id id="171"/>
			<id id="172"/>
			<id id="173"/>
			<id id="174"/>
			<id id="175"/>
			<id id="176"/>
			<id id="177"/>
			<id id="178"/>
			<id id="179"/>
			<id id="180"/>
			<id id="181"/>
			<id id="182"/>
			<id id="183"/>
			<id id="184"/>
			<id id="185"/>
			<id id="186"/>
			<id id="187"/>
			<id id="188"/>
			<id id="189"/>
			<id id="190"/>
			<id id="191"/>
			<id id="192"/>
			<id id="193"/>
			<id id="194"/>
			<id id="195"/>
			<id id="196"/>
			<id id="197"/>
			<id id="198"/>
			<id id="199"/>
			<id id="200">
				<origin>\f812\女好事家コレック\0000\美しい楽器の音色には、上質の素材が\f801\必要なのは誰でも分かるでしょう？\f801\\f802\私のお友達が、楽器の弦に使う素材を\f801\探しているのです。\f801\\f802\それはライチョウから採れる\f801\ぺたんこな腹羽という素材ですのよ。\f801\\f802\強い力で押しつぶさなければならないので\f801\ライチョウを壊属性で倒さなければ\f801\ならないのです。\f801\\f802\冒険者の方々には是非実践していただき、\f801\市場を潤してほしいものですわ。\f801\\ffff\</origin>
				<translate>\f812\女好事家コレック\0000\美しい楽器の音色には、上質の素材が\f801\必要なのは誰でも分かるでしょう？\f801\\f802\私のお友達が、楽器の弦に使う素材を\f801\探しているのです。\f801\\f802\それはライチョウから採れる\f801\ぺたんこな腹羽という素材ですのよ。\f801\\f802\強い力で押しつぶさなければならないので\f801\ライチョウを壊属性で倒さなければ\f801\ならないのです。\f801\\f802\冒険者の方々には是非実践していただき、\f801\市場を潤してほしいものですわ。\f801\\ffff\</translate>
			</id>
			<id id="201"/>
			<id id="202"/>
			<id id="203"/>
			<id id="204"/>
			<id id="205"/>
			<id id="206"/>
			<id id="207"/>
			<id id="208"/>
			<id id="209"/>
			<id id="210"/>
			<id id="211"/>
			<id id="212"/>
			<id id="213"/>
			<id id="214"/>
			<id id="215"/>
			<id id="216"/>
			<id id="217"/>
			<id id="218"/>
			<id id="219"/>
			<id id="220"/>
			<id id="221"/>
			<id id="222"/>
			<id id="223"/>
			<id id="224"/>
			<id id="225"/>
			<id id="226"/>
			<id id="227"/>
			<id id="228"/>
			<id id="229"/>
			<id id="230"/>
			<id id="231"/>
			<id id="232"/>
			<id id="233"/>
			<id id="234"/>
			<id id="235"/>
			<id id="236"/>
			<id id="237"/>
			<id id="238"/>
			<id id="239"/>
			<id id="240"/>
			<id id="241"/>
			<id id="242"/>
			<id id="243"/>
			<id id="244"/>
			<id id="245"/>
			<id id="246"/>
			<id id="247"/>
			<id id="248"/>
			<id id="249"/>
			<id id="250">
				<origin>\f812\女好事家コレック\0000\世の中にはわざわざ手間を掛けてこそ、\f801\価値が増すものもあるのです。\f801\そう、例えば千切れた爪のように。\f801\\f802\古跡ノ樹海で目撃される強力な魔物の\f801\駆け寄る襲撃者を、斬属性で倒し、\f801\魔物の爪を幾つもの破片として断つ。\f801\\f802\これに名工が特殊な加工をすることで、\f801\ランダムな模様が美しい逸品となるのです。\f801\ご理解いただけまして？\f801\\ffff\</origin>
				<translate>\f812\女好事家コレック\0000\世の中にはわざわざ手間を掛けてこそ、\f801\価値が増すものもあるのです。\f801\そう、例えば千切れた爪のように。\f801\\f802\古跡ノ樹海で目撃される強力な魔物の\f801\駆け寄る襲撃者を、斬属性で倒し、\f801\魔物の爪を幾つもの破片として断つ。\f801\\f802\これに名工が特殊な加工をすることで、\f801\ランダムな模様が美しい逸品となるのです。\f801\ご理解いただけまして？\f801\\ffff\</translate>
			</id>
			<id id="251"/>
			<id id="252"/>
			<id id="253"/>
			<id id="254"/>
			<id id="255"/>
			<id id="256"/>
			<id id="257"/>
			<id id="258"/>
			<id id="259"/>
			<id id="260"/>
			<id id="261"/>
			<id id="262"/>
			<id id="263"/>
			<id id="264"/>
			<id id="265"/>
			<id id="266"/>
			<id id="267"/>
			<id id="268"/>
			<id id="269"/>
			<id id="270"/>
			<id id="271"/>
			<id id="272"/>
			<id id="273"/>
			<id id="274"/>
			<id id="275"/>
			<id id="276"/>
			<id id="277"/>
			<id id="278"/>
			<id id="279"/>
			<id id="280"/>
			<id id="281"/>
			<id id="282"/>
			<id id="283"/>
			<id id="284"/>
			<id id="285"/>
			<id id="286"/>
			<id id="287"/>
			<id id="288"/>
			<id id="289"/>
			<id id="290"/>
			<id id="291"/>
			<id id="292"/>
			<id id="293"/>
			<id id="294"/>
			<id id="295"/>
			<id id="296"/>
			<id id="297"/>
			<id id="298"/>
			<id id="299"/>
			<id id="300">
				<origin>\f812\女好事家コレック\0000\お金持ちは甘いお菓子が大好物ですの。\f801\でも自然界にある甘さは様々で、\f801\どれも甲乙つけがたいですわ。\f801\\f802\そういえば人食いサンゴからも上質な砂糖が\f801\採れるらしいですのよ。\f801\\f802\何でも毒のダメージで倒す必要が\f801\あるらしいですわね。\f801\\f802\毒の成分がサンゴの中にあった砂を\f801\美味しい成分に変えるらしいですわ。\f801\その過程で毒は消えるので心配無用よ。\f801\\f802\その名も毒抜きの紅糖ですのよ！\f801\はぁ、あの甘さ……虜になりますわ。\f801\\ffff\</origin>
				<translate>\f812\女好事家コレック\0000\お金持ちは甘いお菓子が大好物ですの。\f801\でも自然界にある甘さは様々で、\f801\どれも甲乙つけがたいですわ。\f801\\f802\そういえば人食いサンゴからも上質な砂糖が\f801\採れるらしいですのよ。\f801\\f802\何でも毒のダメージで倒す必要が\f801\あるらしいですわね。\f801\\f802\毒の成分がサンゴの中にあった砂を\f801\美味しい成分に変えるらしいですわ。\f801\その過程で毒は消えるので心配無用よ。\f801\\f802\その名も毒抜きの紅糖ですのよ！\f801\はぁ、あの甘さ……虜になりますわ。\f801\\ffff\</translate>
			</id>
			<id id="301"/>
			<id id="302"/>
			<id id="303"/>
			<id id="304"/>
			<id id="305"/>
			<id id="306"/>
			<id id="307"/>
			<id id="308"/>
			<id id="309"/>
			<id id="310"/>
			<id id="311"/>
			<id id="312"/>
			<id id="313"/>
			<id id="314"/>
			<id id="315"/>
			<id id="316"/>
			<id id="317"/>
			<id id="318"/>
			<id id="319"/>
			<id id="320"/>
			<id id="321"/>
			<id id="322"/>
			<id id="323"/>
			<id id="324"/>
			<id id="325"/>
			<id id="326"/>
			<id id="327"/>
			<id id="328"/>
			<id id="329"/>
			<id id="330"/>
			<id id="331"/>
			<id id="332"/>
			<id id="333"/>
			<id id="334"/>
			<id id="335"/>
			<id id="336"/>
			<id id="337"/>
			<id id="338"/>
			<id id="339"/>
			<id id="340"/>
			<id id="341"/>
			<id id="342"/>
			<id id="343"/>
			<id id="344"/>
			<id id="345"/>
			<id id="346"/>
			<id id="347"/>
			<id id="348"/>
			<id id="349"/>
			<id id="350">
				<origin>\f812\女好事家コレック\0000\体内に雷の力を秘めた山猫をご存知かしら？\f801\ボルトキャットという魔物なのですが、\f801\その牙が好事家の間で流行っていますの。\f801\\f802\普通に倒してもただの牙のまま。\f801\ですが、混乱状態でとどめを刺すと、\f801\牙が帯電するのです！\f801\\f802\あの混沌の猫牙のほのかな光が、\f801\本当に美しいのですわ！\f801\\ffff\</origin>
				<translate>\f812\女好事家コレック\0000\体内に雷の力を秘めた山猫をご存知かしら？\f801\ボルトキャットという魔物なのですが、\f801\その牙が好事家の間で流行っていますの。\f801\\f802\普通に倒してもただの牙のまま。\f801\ですが、混乱状態でとどめを刺すと、\f801\牙が帯電するのです！\f801\\f802\あの混沌の猫牙のほのかな光が、\f801\本当に美しいのですわ！\f801\\ffff\</translate>
			</id>
			<id id="351"/>
			<id id="352"/>
			<id id="353"/>
			<id id="354"/>
			<id id="355"/>
			<id id="356"/>
			<id id="357"/>
			<id id="358"/>
			<id id="359"/>
			<id id="360"/>
			<id id="361"/>
			<id id="362"/>
			<id id="363"/>
			<id id="364"/>
			<id id="365"/>
			<id id="366"/>
			<id id="367"/>
			<id id="368"/>
			<id id="369"/>
			<id id="370"/>
			<id id="371"/>
			<id id="372"/>
			<id id="373"/>
			<id id="374"/>
			<id id="375"/>
			<id id="376"/>
			<id id="377"/>
			<id id="378"/>
			<id id="379"/>
			<id id="380"/>
			<id id="381"/>
			<id id="382"/>
			<id id="383"/>
			<id id="384"/>
			<id id="385"/>
			<id id="386"/>
			<id id="387"/>
			<id id="388"/>
			<id id="389"/>
			<id id="390"/>
			<id id="391"/>
			<id id="392"/>
			<id id="393"/>
			<id id="394"/>
			<id id="395"/>
			<id id="396"/>
			<id id="397"/>
			<id id="398"/>
			<id id="399"/>
			<id id="400">
				<origin>\f812\女好事家コレック\0000\体から切り離されたのに、まだ動いている。\f801\そんな物がこの世にはあるそうですね。\f801\とても奇妙で珍しいものだと思いますわ。\f801\\f802\噂では火炎ネズミの尻尾が、\f801\痺れた尻尾という珍しい状態で\f801\採れるそうなの。\f801\\f802\痺れたというからには、\f801\麻痺させて倒せばいいのかもしれませんが、\f801\私は危険なところには行きませんので。\f801\\f802\どなたか、たくさん集めてきて、\f801\市場に流してもらえないかしら……？\f801\\ffff\</origin>
				<translate>\f812\女好事家コレック\0000\体から切り離されたのに、まだ動いている。\f801\そんな物がこの世にはあるそうですね。\f801\とても奇妙で珍しいものだと思いますわ。\f801\\f802\噂では火炎ネズミの尻尾が、\f801\痺れた尻尾という珍しい状態で\f801\採れるそうなの。\f801\\f802\痺れたというからには、\f801\麻痺させて倒せばいいのかもしれませんが、\f801\私は危険なところには行きませんので。\f801\\f802\どなたか、たくさん集めてきて、\f801\市場に流してもらえないかしら……？\f801\\ffff\</translate>
			</id>
			<id id="401"/>
			<id id="402"/>
			<id id="403"/>
			<id id="404"/>
			<id id="405"/>
			<id id="406"/>
			<id id="407"/>
			<id id="408"/>
			<id id="409"/>
			<id id="410"/>
			<id id="411"/>
			<id id="412"/>
			<id id="413"/>
			<id id="414"/>
			<id id="415"/>
			<id id="416"/>
			<id id="417"/>
			<id id="418"/>
			<id id="419"/>
			<id id="420"/>
			<id id="421"/>
			<id id="422"/>
			<id id="423"/>
			<id id="424"/>
			<id id="425"/>
			<id id="426"/>
			<id id="427"/>
			<id id="428"/>
			<id id="429"/>
			<id id="430"/>
			<id id="431"/>
			<id id="432"/>
			<id id="433"/>
			<id id="434"/>
			<id id="435"/>
			<id id="436"/>
			<id id="437"/>
			<id id="438"/>
			<id id="439"/>
			<id id="440"/>
			<id id="441"/>
			<id id="442"/>
			<id id="443"/>
			<id id="444"/>
			<id id="445"/>
			<id id="446"/>
			<id id="447"/>
			<id id="448"/>
			<id id="449"/>
			<id id="450">
				<origin>\f812\女好事家コレック\0000\宝石や装飾品を加工するのにはそれなりの\f801\道具が必要となります。\f801\一流となれば道具も一流が必要ですわ。\f801\\f802\私の知り合いの彫金師は、惑いの手針という\f801\細く鋭い針を使っていましたの。\f801\\f802\何で出来ているのかと聞いたら、\f801\オオテントウの爪なんですって。\f801\\f802\混乱状態で倒したオオテントウからしか\f801\取れない貴重な素材らしいですわ。\f801\\ffff\</origin>
				<translate>\f812\女好事家コレック\0000\宝石や装飾品を加工するのにはそれなりの\f801\道具が必要となります。\f801\一流となれば道具も一流が必要ですわ。\f801\\f802\私の知り合いの彫金師は、惑いの手針という\f801\細く鋭い針を使っていましたの。\f801\\f802\何で出来ているのかと聞いたら、\f801\オオテントウの爪なんですって。\f801\\f802\混乱状態で倒したオオテントウからしか\f801\取れない貴重な素材らしいですわ。\f801\\ffff\</translate>
			</id>
			<id id="451"/>
			<id id="452"/>
			<id id="453"/>
			<id id="454"/>
			<id id="455"/>
			<id id="456"/>
			<id id="457"/>
			<id id="458"/>
			<id id="459"/>
			<id id="460"/>
			<id id="461"/>
			<id id="462"/>
			<id id="463"/>
			<id id="464"/>
			<id id="465"/>
			<id id="466"/>
			<id id="467"/>
			<id id="468"/>
			<id id="469"/>
			<id id="470"/>
			<id id="471"/>
			<id id="472"/>
			<id id="473"/>
			<id id="474"/>
			<id id="475"/>
			<id id="476"/>
			<id id="477"/>
			<id id="478"/>
			<id id="479"/>
			<id id="480"/>
			<id id="481"/>
			<id id="482"/>
			<id id="483"/>
			<id id="484"/>
			<id id="485"/>
			<id id="486"/>
			<id id="487"/>
			<id id="488"/>
			<id id="489"/>
			<id id="490"/>
			<id id="491"/>
			<id id="492"/>
			<id id="493"/>
			<id id="494"/>
			<id id="495"/>
			<id id="496"/>
			<id id="497"/>
			<id id="498"/>
			<id id="499"/>
			<id id="500">
				<origin>\f812\女好事家コレック\0000\キラキラとした宝石は普通に美しいと\f801\思いますが、好事家ともなるとそれでは\f801\満足できないものですわ。\f801\\f802\そう、すこし危険な香り……怪しい輝きが\f801\欲しいところですわね。\f801\\f802\そのためには使われる素材もそれなりの物が\f801\必要になるのは当然でしょう？\f801\\f802\死霊の兵士が持つ剣を特殊な方法で奪うと\f801\怪しい魔力をこめた穴空きの銀刃になると\f801\言われていますわね。\f801\\f802\その特別な方法は何か？\f801\たしか、魔物がその死を自覚できないほど、\f801\すごい勢いで突き刺すとか。\f801\\f802\試してごらんなさいな。\f801\\ffff\</origin>
				<translate>\f812\女好事家コレック\0000\キラキラとした宝石は普通に美しいと\f801\思いますが、好事家ともなるとそれでは\f801\満足できないものですわ。\f801\\f802\そう、すこし危険な香り……怪しい輝きが\f801\欲しいところですわね。\f801\\f802\そのためには使われる素材もそれなりの物が\f801\必要になるのは当然でしょう？\f801\\f802\死霊の兵士が持つ剣を特殊な方法で奪うと\f801\怪しい魔力をこめた穴空きの銀刃になると\f801\言われていますわね。\f801\\f802\その特別な方法は何か？\f801\たしか、魔物がその死を自覚できないほど、\f801\すごい勢いで突き刺すとか。\f801\\f802\試してごらんなさいな。\f801\\ffff\</translate>
			</id>
			<id id="501"/>
			<id id="502"/>
			<id id="503"/>
			<id id="504"/>
			<id id="505"/>
			<id id="506"/>
			<id id="507"/>
			<id id="508"/>
			<id id="509"/>
			<id id="510"/>
			<id id="511"/>
			<id id="512"/>
			<id id="513"/>
			<id id="514"/>
			<id id="515"/>
			<id id="516"/>
			<id id="517"/>
			<id id="518"/>
			<id id="519"/>
			<id id="520"/>
			<id id="521"/>
			<id id="522"/>
			<id id="523"/>
			<id id="524"/>
			<id id="525"/>
			<id id="526"/>
			<id id="527"/>
			<id id="528"/>
			<id id="529"/>
			<id id="530"/>
			<id id="531"/>
			<id id="532"/>
			<id id="533"/>
			<id id="534"/>
			<id id="535"/>
			<id id="536"/>
			<id id="537"/>
			<id id="538"/>
			<id id="539"/>
			<id id="540"/>
			<id id="541"/>
			<id id="542"/>
			<id id="543"/>
			<id id="544"/>
			<id id="545"/>
			<id id="546"/>
			<id id="547"/>
			<id id="548"/>
			<id id="549"/>
			<id id="550">
				<origin>\f812\女好事家コレック\0000\素材は色々なものに加工されて利用される。\f801\ですが、そのままでも美しい芸術作品に\f801\なりうる物もありますわ。\f801\\f802\そう、例えばホムラヤマネコの尻尾から\f801\得られる眠れる灯火とか。\f801\\f802\眠れる灯火という名称も美しいうえに、\f801\常に形を変える、形のない炎の\f801\一瞬の揺らめきを固めた芸術品！\f801\\f802\石のように静かな炎！\f801\ああ、なんと美しい！\f801\\ffff\</origin>
				<translate>\f812\女好事家コレック\0000\素材は色々なものに加工されて利用される。\f801\ですが、そのままでも美しい芸術作品に\f801\なりうる物もありますわ。\f801\\f802\そう、例えばホムラヤマネコの尻尾から\f801\得られる眠れる灯火とか。\f801\\f802\眠れる灯火という名称も美しいうえに、\f801\常に形を変える、形のない炎の\f801\一瞬の揺らめきを固めた芸術品！\f801\\f802\石のように静かな炎！\f801\ああ、なんと美しい！\f801\\ffff\</translate>
			</id>
			<id id="551"/>
			<id id="552"/>
			<id id="553"/>
			<id id="554"/>
			<id id="555"/>
			<id id="556"/>
			<id id="557"/>
			<id id="558"/>
			<id id="559"/>
			<id id="560"/>
			<id id="561"/>
			<id id="562"/>
			<id id="563"/>
			<id id="564"/>
			<id id="565"/>
			<id id="566"/>
			<id id="567"/>
			<id id="568"/>
			<id id="569"/>
			<id id="570"/>
			<id id="571"/>
			<id id="572"/>
			<id id="573"/>
			<id id="574"/>
			<id id="575"/>
			<id id="576"/>
			<id id="577"/>
			<id id="578"/>
			<id id="579"/>
			<id id="580"/>
			<id id="581"/>
			<id id="582"/>
			<id id="583"/>
			<id id="584"/>
			<id id="585"/>
			<id id="586"/>
			<id id="587"/>
			<id id="588"/>
			<id id="589"/>
			<id id="590"/>
			<id id="591"/>
			<id id="592"/>
			<id id="593"/>
			<id id="594"/>
			<id id="595"/>
			<id id="596"/>
			<id id="597"/>
			<id id="598"/>
			<id id="599"/>
			<id id="600">
				<origin>\f812\女好事家コレック\0000\甘くて美味しいものには、\f801\誰だって目がないと思いますが、\f801\植物の果汁はとても良いですよね。\f801\\f802\いけない果実を麻痺させて倒すと、\f801\果汁が凝縮されたパインシロップが\f801\取れるのだけど、とても美味しいのよ。\f801\\f802\ああ、またあれを口にしてみたいわね。\f801\\ffff\</origin>
				<translate>\f812\女好事家コレック\0000\甘くて美味しいものには、\f801\誰だって目がないと思いますが、\f801\植物の果汁はとても良いですよね。\f801\\f802\いけない果実を麻痺させて倒すと、\f801\果汁が凝縮されたパインシロップが\f801\取れるのだけど、とても美味しいのよ。\f801\\f802\ああ、またあれを口にしてみたいわね。\f801\\ffff\</translate>
			</id>
		</body>
	</mbm>
