<?xml version="1.0" encoding="UTF-8"?>
	<mbm>
		<head>000000004d53473200000100</head>
		<size>6a010000</size>
		<number>00000000</number>
		<j>200000000000000000000000</j>
		<body>
			<id id="0">
				<origin>\f812\猛々しい男\0000\ふむ、どうやらその面を見るに\f801\お前たち、まだひよっこのようだ。\f801\\f802\だが、その瞳は期待、希望に満ちている。\f801\冒険者を引退した身の俺には\f801\残っておらぬものだ。\f801\\f802\だが、そんな俺だからできる話も\f801\あるやもしれん。何か聞きたいことがあれば\f801\声をかけるがいい。\f801\\f802\俺の名はラッセル。\f801\元冒険者のただの男だ。\f801\\ffff\</origin>
				<translate>\f812\猛々しい男\0000\ふむ、どうやらその面を見るに\f801\お前たち、まだひよっこのようだ。\f801\\f802\だが、その瞳は期待、希望に満ちている。\f801\冒険者を引退した身の俺には\f801\残っておらぬものだ。\f801\\f802\だが、そんな俺だからできる話も\f801\あるやもしれん。何か聞きたいことがあれば\f801\声をかけるがいい。\f801\\f802\俺の名はラッセル。\f801\元冒険者のただの男だ。\f801\\ffff\</translate>
			</id>
		</body>
	</mbm>
