<?xml version="1.0" encoding="UTF-8"?>
	<mbm>
		<head>000000004d53473200000100</head>
		<size>9c000000</size>
		<number>02000000</number>
		<j>200000000000000000000000</j>
		<body>
			<id id="0"/>
			<id id="1">
				<origin>\f812\狩人の格好をした男\0000\テストデータ\f801\未使用\f801\\ffff\</origin>
				<translate>\f812\狩人の格好をした男\0000\テストデータ\f801\未使用\f801\\ffff\</translate>
			</id>
			<id id="2">
				<origin>\f812\狩人の格好をした男\0000\テストデータ\f801\未使用\f801\\ffff\</origin>
				<translate>\f812\狩人の格好をした男\0000\テストデータ\f801\未使用\f801\\ffff\</translate>
			</id>
		</body>
	</mbm>
