<?xml version="1.0" encoding="UTF-8"?>
	<mbm>
		<head>000000004d53473200000100</head>
		<size>22010000</size>
		<number>00000000</number>
		<j>200000000000000000000000</j>
		<body>
			<id id="0">
				<origin>\f812\ふくよかな女好事家\0000\あら、初めて見る顔ですこと。\f801\一攫千金を狙う冒険者ってところかしら？\f801\\f802\私はコレック。\f801\珍しいものを誰よりも早く集めたくて、\f801\このマギニアに乗り込みましたの。\f801\\f802\いったいどんな貴重な物が手に入るのか、\f801\楽しみですわ。\f801\\ffff\</origin>
				<translate>\f812\ふくよかな女好事家\0000\あら、初めて見る顔ですこと。\f801\一攫千金を狙う冒険者ってところかしら？\f801\\f802\私はコレック。\f801\珍しいものを誰よりも早く集めたくて、\f801\このマギニアに乗り込みましたの。\f801\\f802\いったいどんな貴重な物が手に入るのか、\f801\楽しみですわ。\f801\\ffff\</translate>
			</id>
		</body>
	</mbm>
