<?xml version="1.0" encoding="UTF-8"?>
	<mbm>
		<head>000000004d53473200000100</head>
		<size>2e0b0000</size>
		<number>11000000</number>
		<j>200000000000000000000000</j>
		<body>
			<id id="0">
				<origin>\f812\やせ気味の男\0000\うーん、まだかなまだかなー。\f801\依頼を受けてくれる人、まだかなー\f801\……おや？\f801\\f802\こっちを見ているそこの人！\f801\もしかして僕の依頼を受けてきて\f801\くれたのかい！？\f801\\ffff\</origin>
				<translate>\f812\やせ気味の男\0000\うーん、まだかなまだかなー。\f801\依頼を受けてくれる人、まだかなー\f801\……おや？\f801\\f802\こっちを見ているそこの人！\f801\もしかして僕の依頼を受けてきて\f801\くれたのかい！？\f801\\ffff\</translate>
			</id>
			<id id="1">
				<origin>\f804\\0500\何と答えますか？\f804\\0000\\f801\その通りだ\f801\依頼なんて受けていない\f801\\ffff\</origin>
				<translate>\f804\\0500\何と答えますか？\f804\\0000\\f801\その通りだ\f801\依頼なんて受けていない\f801\\ffff\</translate>
			</id>
			<id id="2">
				<origin>\f812\やせ気味の男\0000\やっぱり！ そうだと思ったんだー！\f801\いやー、待ってたよ～。\f801\\f802\依頼を受けてくれたってことは\f801\碧照ノ樹海を探索している\f801\冒険者ってことで合ってるよね？\f801\\f802\君たちはとってもプリティでキュートな\f801\マリモちゃんって知ってるかい？\f801\\f802\あの子は今もきっと碧照ノ樹海のどこかで\f801\僕のことを待っているはずなんだ！\f801\\f802\だからあなたたち冒険者さんたちには\f801\マリモちゃんを見つけたら、それが\f801\どこだったかを教えてほしいんだ！\f801\\f802\ああ、マリモちゃん…。\f801\寂しい思いをさせてごめんよ…。\f801\\f802\マリモちゃんはきっと\f804\\0500\碧照ノ樹海\f804\\0000\の\f801\\f804\\0500\水辺\f804\\0000\にいるはずだから、その付近を\f801\重点的に探してほしい。\f801\\f802\そしてマリモちゃんの見た目だけど、\f801\一番の特徴は丸さだね！ 丸いというか\f801\きれいな\f804\\0500\球形\f804\\0000\をしてるんだよ。\f801\\f802\それはもう見る人を魅了してやまない\f801\美しさと可愛さを兼ね備えたものでね…。\f801\\f802\ともかく！ マリモちゃんを碧照ノ樹海で\f801\見つけたら、また僕に声をかけてくれ！\f801\そしてどの辺にいたか教えてくれ！\f801\\ffff\</origin>
				<translate>\f812\やせ気味の男\0000\やっぱり！ そうだと思ったんだー！\f801\いやー、待ってたよ～。\f801\\f802\依頼を受けてくれたってことは\f801\碧照ノ樹海を探索している\f801\冒険者ってことで合ってるよね？\f801\\f802\君たちはとってもプリティでキュートな\f801\マリモちゃんって知ってるかい？\f801\\f802\あの子は今もきっと碧照ノ樹海のどこかで\f801\僕のことを待っているはずなんだ！\f801\\f802\だからあなたたち冒険者さんたちには\f801\マリモちゃんを見つけたら、それが\f801\どこだったかを教えてほしいんだ！\f801\\f802\ああ、マリモちゃん…。\f801\寂しい思いをさせてごめんよ…。\f801\\f802\マリモちゃんはきっと\f804\\0500\碧照ノ樹海\f804\\0000\の\f801\\f804\\0500\水辺\f804\\0000\にいるはずだから、その付近を\f801\重点的に探してほしい。\f801\\f802\そしてマリモちゃんの見た目だけど、\f801\一番の特徴は丸さだね！ 丸いというか\f801\きれいな\f804\\0500\球形\f804\\0000\をしてるんだよ。\f801\\f802\それはもう見る人を魅了してやまない\f801\美しさと可愛さを兼ね備えたものでね…。\f801\\f802\ともかく！ マリモちゃんを碧照ノ樹海で\f801\見つけたら、また僕に声をかけてくれ！\f801\そしてどの辺にいたか教えてくれ！\f801\\ffff\</translate>
			</id>
			<id id="3">
				<origin>\f812\やせ気味の男\0000\そうなのかい。じゃあ待ち人は\f801\いまだ来たらずか～。\f801\あー、早く早く来てくれー。\f801\\ffff\</origin>
				<translate>\f812\やせ気味の男\0000\そうなのかい。じゃあ待ち人は\f801\いまだ来たらずか～。\f801\あー、早く早く来てくれー。\f801\\ffff\</translate>
			</id>
			<id id="4"/>
			<id id="5"/>
			<id id="6"/>
			<id id="7"/>
			<id id="8"/>
			<id id="9"/>
			<id id="10">
				<origin>\f812\やせ気味の男\0000\あっ、冒険者さんたちじゃないか！\f801\もしかしてマリモちゃんの居場所が\f801\わかったのかい！？\f801\\ffff\</origin>
				<translate>\f812\やせ気味の男\0000\あっ、冒険者さんたちじゃないか！\f801\もしかしてマリモちゃんの居場所が\f801\わかったのかい！？\f801\\ffff\</translate>
			</id>
			<id id="11">
				<origin>\f804\\0500\どうしますか？\f804\\0000\\f801\マリモちゃんの居場所を教える\f801\マリモちゃんの情報を確認する\f801\なんでもない\f801\\ffff\</origin>
				<translate>\f804\\0500\どうしますか？\f804\\0000\\f801\マリモちゃんの居場所を教える\f801\マリモちゃんの情報を確認する\f801\なんでもない\f801\\ffff\</translate>
			</id>
			<id id="12">
				<origin>\f812\やせ気味の男\0000\おおお！ ついに見つけてくれたんだね！\f801\さあ、どこにいたのか教えておくれ！\f801\\ffff\</origin>
				<translate>\f812\やせ気味の男\0000\おおお！ ついに見つけてくれたんだね！\f801\さあ、どこにいたのか教えておくれ！\f801\\ffff\</translate>
			</id>
			<id id="13">
				<origin>\f812\やせ気味の男\0000\そこにいたんだね！？\f801\よしきた！ ひとっぱしり行ってくる！\f801\\ffff\</origin>
				<translate>\f812\やせ気味の男\0000\そこにいたんだね！？\f801\よしきた！ ひとっぱしり行ってくる！\f801\\ffff\</translate>
			</id>
			<id id="14">
				<origin>\f812\やせ気味の男\0000\冒険者さんたち！ いた！ いたよ！\f801\マリモちゃんが！\f801\\f802\いやー、よかったよ、この新天地でも\f801\マリモちゃんはやっぱりいてくれたねぇ。\f801\\f802\これでマリモの樹海での生態についての\f801\論文作成に移れるよ。\f801\\f802\今回は本当にありがとう！\f801\報酬は酒場の主人から受け取っておくれ！\f801\それでは！\f801\\ffff\</origin>
				<translate>\f812\やせ気味の男\0000\冒険者さんたち！ いた！ いたよ！\f801\マリモちゃんが！\f801\\f802\いやー、よかったよ、この新天地でも\f801\マリモちゃんはやっぱりいてくれたねぇ。\f801\\f802\これでマリモの樹海での生態についての\f801\論文作成に移れるよ。\f801\\f802\今回は本当にありがとう！\f801\報酬は酒場の主人から受け取っておくれ！\f801\それでは！\f801\\ffff\</translate>
			</id>
			<id id="15">
				<origin>\f812\やせ気味の男\0000\冒険者さ～ん、いないじゃないかー、\f801\どこにもー、マリモちゃんがー。\f801\\f802\お願いだ！ もう一度調査して\f801\マリモちゃんの居場所を\f801\探し出してきておくれ！\f801\\ffff\</origin>
				<translate>\f812\やせ気味の男\0000\冒険者さ～ん、いないじゃないかー、\f801\どこにもー、マリモちゃんがー。\f801\\f802\お願いだ！ もう一度調査して\f801\マリモちゃんの居場所を\f801\探し出してきておくれ！\f801\\ffff\</translate>
			</id>
			<id id="16">
				<origin>\f812\やせ気味の男\0000\了解。マリモちゃんはきっと\f804\\0500\碧照ノ樹海\f804\\0000\の\f801\\f804\\0500\水辺\f804\\0000\にいるはずだから、その付近を\f801\重点的に探してほしい。\f801\\f802\そしてマリモちゃんの見た目だけど、\f801\一番の特徴は丸さだね！ 丸いというか\f801\きれいな\f804\\0500\球形\f804\\0000\をしてるんだよ。\f801\\f802\それはもう見る人を魅了してやまない\f801\美しさと可愛さを兼ね備えたものでね…。\f801\\f802\ともかく！ マリモちゃんを碧照ノ樹海で\f801\見つけたら、また僕に声をかけてくれ！\f801\そしてどの辺にいたか教えてくれ！\f801\\ffff\</origin>
				<translate>\f812\やせ気味の男\0000\了解。マリモちゃんはきっと\f804\\0500\碧照ノ樹海\f804\\0000\の\f801\\f804\\0500\水辺\f804\\0000\にいるはずだから、その付近を\f801\重点的に探してほしい。\f801\\f802\そしてマリモちゃんの見た目だけど、\f801\一番の特徴は丸さだね！ 丸いというか\f801\きれいな\f804\\0500\球形\f804\\0000\をしてるんだよ。\f801\\f802\それはもう見る人を魅了してやまない\f801\美しさと可愛さを兼ね備えたものでね…。\f801\\f802\ともかく！ マリモちゃんを碧照ノ樹海で\f801\見つけたら、また僕に声をかけてくれ！\f801\そしてどの辺にいたか教えてくれ！\f801\\ffff\</translate>
			</id>
			<id id="17">
				<origin>\f812\やせ気味の男\0000\そうか。じゃあマリモちゃんを碧照ノ樹海で\f801\見つけたら、また僕に声をかけてくれ！\f801\そしてどの辺にいたか教えてくれ！\f801\\ffff\</origin>
				<translate>\f812\やせ気味の男\0000\そうか。じゃあマリモちゃんを碧照ノ樹海で\f801\見つけたら、また僕に声をかけてくれ！\f801\そしてどの辺にいたか教えてくれ！\f801\\ffff\</translate>
			</id>
		</body>
	</mbm>
