<?xml version="1.0" encoding="UTF-8"?>
	<mbm>
		<head>000000004d53473200000100</head>
		<size>b2040000</size>
		<number>3e000000</number>
		<j>200000000000000000000000</j>
		<body>
			<id id="0">
				<origin>\f812\服飾デザイナーの男\0000\ああ、君たちは！\f801\あの時はありがとう！\f801\また受けてくれるなんて、うれしいよ！\f801\\f802\前回、君たちに持ってきてもらった素材で\f801\立派なドレスができたんだけど、\f801\付属品を作りたくなってね。\f801\\f802\ヘッドドレスと指輪なんだ。\f801\従来のものだと、新しいドレスに\f801\合わないんだよ。\f801\\f802\\f804\\0500\金剛獣ノ岩窟\f804\\0000\で\f804\\0500\採掘\f804\\0000\できる\f804\\0500\翠玉\f804\\0000\が\f804\\0500\１つ\f804\\0000\と、\f801\\f804\\0500\変幻フクロウ\f804\\0000\の落とす\f804\\0500\発光する尾羽\f804\\0000\を\f801\\f804\\0500\３つ\f804\\0000\集めて欲しいんだ。\f801\\f802\よろしくお願いするよ！\f801\\ffff\</origin>
				<translate>\f812\服飾デザイナーの男\0000\ああ、君たちは！\f801\あの時はありがとう！\f801\また受けてくれるなんて、うれしいよ！\f801\\f802\前回、君たちに持ってきてもらった素材で\f801\立派なドレスができたんだけど、\f801\付属品を作りたくなってね。\f801\\f802\ヘッドドレスと指輪なんだ。\f801\従来のものだと、新しいドレスに\f801\合わないんだよ。\f801\\f802\\f804\\0500\金剛獣ノ岩窟\f804\\0000\で\f804\\0500\採掘\f804\\0000\できる\f804\\0500\翠玉\f804\\0000\が\f804\\0500\１つ\f804\\0000\と、\f801\\f804\\0500\変幻フクロウ\f804\\0000\の落とす\f804\\0500\発光する尾羽\f804\\0000\を\f801\\f804\\0500\３つ\f804\\0000\集めて欲しいんだ。\f801\\f802\よろしくお願いするよ！\f801\\ffff\</translate>
			</id>
			<id id="1"/>
			<id id="2"/>
			<id id="3"/>
			<id id="4"/>
			<id id="5"/>
			<id id="6"/>
			<id id="7"/>
			<id id="8"/>
			<id id="9"/>
			<id id="10"/>
			<id id="11"/>
			<id id="12"/>
			<id id="13"/>
			<id id="14"/>
			<id id="15"/>
			<id id="16"/>
			<id id="17"/>
			<id id="18"/>
			<id id="19"/>
			<id id="20"/>
			<id id="21"/>
			<id id="22"/>
			<id id="23"/>
			<id id="24"/>
			<id id="25"/>
			<id id="26"/>
			<id id="27"/>
			<id id="28"/>
			<id id="29"/>
			<id id="30"/>
			<id id="31"/>
			<id id="32"/>
			<id id="33"/>
			<id id="34"/>
			<id id="35"/>
			<id id="36"/>
			<id id="37"/>
			<id id="38"/>
			<id id="39"/>
			<id id="40"/>
			<id id="41"/>
			<id id="42"/>
			<id id="43"/>
			<id id="44"/>
			<id id="45"/>
			<id id="46"/>
			<id id="47"/>
			<id id="48"/>
			<id id="49"/>
			<id id="50">
				<origin>\f812\服飾デザイナーの男\0000\\f804\\0500\金剛獣ノ岩窟\f804\\0000\で\f804\\0500\採掘\f804\\0000\できる\f804\\0500\翠玉\f804\\0000\が\f804\\0500\１つ\f804\\0000\と、\f801\\f804\\0500\変幻フクロウ\f804\\0000\の落とす\f804\\0500\発光する尾羽\f804\\0000\を\f801\\f804\\0500\３つ\f804\\0000\集めて欲しいんだ。頼むよ。\f801\\ffff\</origin>
				<translate>\f812\服飾デザイナーの男\0000\\f804\\0500\金剛獣ノ岩窟\f804\\0000\で\f804\\0500\採掘\f804\\0000\できる\f804\\0500\翠玉\f804\\0000\が\f804\\0500\１つ\f804\\0000\と、\f801\\f804\\0500\変幻フクロウ\f804\\0000\の落とす\f804\\0500\発光する尾羽\f804\\0000\を\f801\\f804\\0500\３つ\f804\\0000\集めて欲しいんだ。頼むよ。\f801\\ffff\</translate>
			</id>
			<id id="51"/>
			<id id="52"/>
			<id id="53">
				<origin>\f812\服飾デザイナーの男\0000\あ、材料が集まったんですか？\f801\\ffff\</origin>
				<translate>\f812\服飾デザイナーの男\0000\あ、材料が集まったんですか？\f801\\ffff\</translate>
			</id>
			<id id="54"/>
			<id id="55"/>
			<id id="56">
				<origin>\f804\\0500\どうしますか？\f804\\0000\\f801\素材を渡す\f801\素材を渡さない\f801\\ffff\</origin>
				<translate>\f804\\0500\どうしますか？\f804\\0000\\f801\素材を渡す\f801\素材を渡さない\f801\\ffff\</translate>
			</id>
			<id id="57"/>
			<id id="58"/>
			<id id="59">
				<origin>\f812\服飾デザイナーの男\0000\おお、これだ！\f801\これであのドレスに合う指輪と\f801\ヘッドドレスが作れるよ！\f801\\f802\ドレスを注文した人も\f801\きっと喜ぶに違いない！\f801\\f802\ありがとう！\f801\報酬はクワシルさんに渡してあるので、\f801\受け取ってください！\f801\\ffff\</origin>
				<translate>\f812\服飾デザイナーの男\0000\おお、これだ！\f801\これであのドレスに合う指輪と\f801\ヘッドドレスが作れるよ！\f801\\f802\ドレスを注文した人も\f801\きっと喜ぶに違いない！\f801\\f802\ありがとう！\f801\報酬はクワシルさんに渡してあるので、\f801\受け取ってください！\f801\\ffff\</translate>
			</id>
			<id id="60"/>
			<id id="61"/>
			<id id="62">
				<origin>\f812\服飾デザイナーの男\0000\おや、まだそろっていませんか？\f801\では、そろったらお願いしますね。\f801\\ffff\</origin>
				<translate>\f812\服飾デザイナーの男\0000\おや、まだそろっていませんか？\f801\では、そろったらお願いしますね。\f801\\ffff\</translate>
			</id>
		</body>
	</mbm>
