<?xml version="1.0" encoding="UTF-8"?>
	<mbm>
		<head>000000004d53473200000100</head>
		<size>fa040000</size>
		<number>3e000000</number>
		<j>200000000000000000000000</j>
		<body>
			<id id="0">
				<origin>\f812\服飾デザイナーの男\0000\やあ、みなさん！\f801\今度こそ、最後になると思いますので、\f801\最後までよろしくお願いします。\f801\\f802\例の真っ赤で派手なドレスですが、\f801\やっぱり私の感性が単調なものを\f801\許さないのです。\f801\\f802\そこで赤に合う色をアクセントにして\f801\赤を引き立てたいと思うんです。\f801\\f802\\f804\\0500\奈落ノ霊堂\f804\\0000\の\f804\\0500\アヤカシアゲハ\f804\\0000\から\f801\\f804\\0500\凍結の翅\f804\\0000\を\f804\\0500\１枚\f804\\0000\、取ってきてくれませんか？\f801\\f802\特別な方法でないと手に入らないと聞き、\f801\これはあなた方にしか頼めないと思い\f801\こうして依頼に来ました。\f801\\f802\凍結の翅の入手、\f801\よろしくお願いしますね！\f801\\ffff\</origin>
				<translate>\f812\服飾デザイナーの男\0000\やあ、みなさん！\f801\今度こそ、最後になると思いますので、\f801\最後までよろしくお願いします。\f801\\f802\例の真っ赤で派手なドレスですが、\f801\やっぱり私の感性が単調なものを\f801\許さないのです。\f801\\f802\そこで赤に合う色をアクセントにして\f801\赤を引き立てたいと思うんです。\f801\\f802\\f804\\0500\奈落ノ霊堂\f804\\0000\の\f804\\0500\アヤカシアゲハ\f804\\0000\から\f801\\f804\\0500\凍結の翅\f804\\0000\を\f804\\0500\１枚\f804\\0000\、取ってきてくれませんか？\f801\\f802\特別な方法でないと手に入らないと聞き、\f801\これはあなた方にしか頼めないと思い\f801\こうして依頼に来ました。\f801\\f802\凍結の翅の入手、\f801\よろしくお願いしますね！\f801\\ffff\</translate>
			</id>
			<id id="1"/>
			<id id="2"/>
			<id id="3"/>
			<id id="4"/>
			<id id="5"/>
			<id id="6"/>
			<id id="7"/>
			<id id="8"/>
			<id id="9"/>
			<id id="10"/>
			<id id="11"/>
			<id id="12"/>
			<id id="13"/>
			<id id="14"/>
			<id id="15"/>
			<id id="16"/>
			<id id="17"/>
			<id id="18"/>
			<id id="19"/>
			<id id="20"/>
			<id id="21"/>
			<id id="22"/>
			<id id="23"/>
			<id id="24"/>
			<id id="25"/>
			<id id="26"/>
			<id id="27"/>
			<id id="28"/>
			<id id="29"/>
			<id id="30"/>
			<id id="31"/>
			<id id="32"/>
			<id id="33"/>
			<id id="34"/>
			<id id="35"/>
			<id id="36"/>
			<id id="37"/>
			<id id="38"/>
			<id id="39"/>
			<id id="40"/>
			<id id="41"/>
			<id id="42"/>
			<id id="43"/>
			<id id="44"/>
			<id id="45"/>
			<id id="46"/>
			<id id="47"/>
			<id id="48"/>
			<id id="49"/>
			<id id="50">
				<origin>\f812\服飾デザイナーの男\0000\\f804\\0500\奈落ノ霊堂\f804\\0000\の\f804\\0500\アヤカシアゲハ\f804\\0000\から\f801\\f804\\0500\凍結の翅\f804\\0000\を\f804\\0500\１枚\f804\\0000\、取ってきてください。\f801\よろしくお願いします。\f801\\ffff\</origin>
				<translate>\f812\服飾デザイナーの男\0000\\f804\\0500\奈落ノ霊堂\f804\\0000\の\f804\\0500\アヤカシアゲハ\f804\\0000\から\f801\\f804\\0500\凍結の翅\f804\\0000\を\f804\\0500\１枚\f804\\0000\、取ってきてください。\f801\よろしくお願いします。\f801\\ffff\</translate>
			</id>
			<id id="51"/>
			<id id="52"/>
			<id id="53">
				<origin>\f812\服飾デザイナーの男\0000\あ、材料が集まったんですか？\f801\\ffff\</origin>
				<translate>\f812\服飾デザイナーの男\0000\あ、材料が集まったんですか？\f801\\ffff\</translate>
			</id>
			<id id="54"/>
			<id id="55"/>
			<id id="56">
				<origin>\f804\\0500\どうしますか？\f804\\0000\\f801\素材を渡す\f801\素材を渡さない\f801\\ffff\</origin>
				<translate>\f804\\0500\どうしますか？\f804\\0000\\f801\素材を渡す\f801\素材を渡さない\f801\\ffff\</translate>
			</id>
			<id id="57"/>
			<id id="58"/>
			<id id="59">
				<origin>\f812\服飾デザイナーの男\0000\おお、ありがとうございます！\f801\さすがみなさんですね！\f801\\f802\……うん、この赤と黄色の具合、\f801\これなら赤いドレスを\f801\さらに引き立たせられる！\f801\\f802\やっぱり、みなさんに頼んでよかった！\f801\ありがとうございます。\f801\\f802\報酬はクワシルさんから\f801\受け取ってください！\f801\\ffff\</origin>
				<translate>\f812\服飾デザイナーの男\0000\おお、ありがとうございます！\f801\さすがみなさんですね！\f801\\f802\……うん、この赤と黄色の具合、\f801\これなら赤いドレスを\f801\さらに引き立たせられる！\f801\\f802\やっぱり、みなさんに頼んでよかった！\f801\ありがとうございます。\f801\\f802\報酬はクワシルさんから\f801\受け取ってください！\f801\\ffff\</translate>
			</id>
			<id id="60"/>
			<id id="61"/>
			<id id="62">
				<origin>\f812\服飾デザイナーの男\0000\おや、まだそろっていませんか？\f801\では、そろったらお願いしますね。\f801\\ffff\</origin>
				<translate>\f812\服飾デザイナーの男\0000\おや、まだそろっていませんか？\f801\では、そろったらお願いしますね。\f801\\ffff\</translate>
			</id>
		</body>
	</mbm>
