<?xml version="1.0" encoding="UTF-8"?>
	<mbm>
		<head>000000004d53473200000100</head>
		<size>b00a0000</size>
		<number>38000000</number>
		<j>200000000000000000000000</j>
		<body>
			<id id="0"/>
			<id id="1"/>
			<id id="2"/>
			<id id="3"/>
			<id id="4"/>
			<id id="5"/>
			<id id="6"/>
			<id id="7"/>
			<id id="8"/>
			<id id="9"/>
			<id id="10">
				<origin>\f812\白衣を着た女性\0000\あ、こんにちは。\f801\何かご用ですか？\f801\\ffff\</origin>
				<translate>\f812\白衣を着た女性\0000\あ、こんにちは。\f801\何かご用ですか？\f801\\ffff\</translate>
			</id>
			<id id="11">
				<origin>\f804\\0500\何と答えますか？\f804\\0000\\f801\依頼を受けてきた\f801\なんでもない\f801\\ffff\</origin>
				<translate>\f804\\0500\何と答えますか？\f804\\0000\\f801\依頼を受けてきた\f801\なんでもない\f801\\ffff\</translate>
			</id>
			<id id="12">
				<origin>\f812\白衣を着た女性\0000\そ、そうですか。\f801\それは大変失礼をば…。\f801\すみません。\f801\\ffff\</origin>
				<translate>\f812\白衣を着た女性\0000\そ、そうですか。\f801\それは大変失礼をば…。\f801\すみません。\f801\\ffff\</translate>
			</id>
			<id id="13">
				<origin>\f812\白衣を着た女性\0000\あ、本当ですか？\f801\うれしいです、ありがとうございます！\f801\\f802\私、小さな頃に化石を見つけたことが\f801\あるんです。それがきっかけで今も学校で\f801\研究してるんですけど…。\f801\\f802\あ、話が逸れそう…。えっと、それでその\f801\化石なんですけど、未だに正体が不明で\f801\困っていたんです。\f801\\f802\でも、最近ここで見つかった\f804\\0500\海嶺ノ水林\f804\\0000\に\f801\生息している\f804\\0500\襲来する鱗竜\f804\\0000\っていう魔物が\f801\それなんじゃないかって思ってて。\f801\\f802\他の冒険者の人に外見の特徴を聞いた時に\f801\私の想像していたものと一致してたんです！\f801\\f802\それがもし正しければ、その水竜はずっと\f801\昔から姿を変えずに生きていたって説も\f801\導き出せるかもしれません！\f801\\f802\みなさん、お願いです。\f804\\0500\海嶺ノ水林\f804\\0000\にいる\f801\\f804\\0500\襲来する鱗竜\f804\\0000\からとれる\f804\\0500\水竜の背骨\f804\\0000\を\f801\私に見せてください！\f801\\f802\見せていただけるまで、私は\f801\お店でお待ちしてますから！\f801\\ffff\</origin>
				<translate>\f812\白衣を着た女性\0000\あ、本当ですか？\f801\うれしいです、ありがとうございます！\f801\\f802\私、小さな頃に化石を見つけたことが\f801\あるんです。それがきっかけで今も学校で\f801\研究してるんですけど…。\f801\\f802\あ、話が逸れそう…。えっと、それでその\f801\化石なんですけど、未だに正体が不明で\f801\困っていたんです。\f801\\f802\でも、最近ここで見つかった\f804\\0500\海嶺ノ水林\f804\\0000\に\f801\生息している\f804\\0500\襲来する鱗竜\f804\\0000\っていう魔物が\f801\それなんじゃないかって思ってて。\f801\\f802\他の冒険者の人に外見の特徴を聞いた時に\f801\私の想像していたものと一致してたんです！\f801\\f802\それがもし正しければ、その水竜はずっと\f801\昔から姿を変えずに生きていたって説も\f801\導き出せるかもしれません！\f801\\f802\みなさん、お願いです。\f804\\0500\海嶺ノ水林\f804\\0000\にいる\f801\\f804\\0500\襲来する鱗竜\f804\\0000\からとれる\f804\\0500\水竜の背骨\f804\\0000\を\f801\私に見せてください！\f801\\f802\見せていただけるまで、私は\f801\お店でお待ちしてますから！\f801\\ffff\</translate>
			</id>
			<id id="14"/>
			<id id="15"/>
			<id id="16"/>
			<id id="17"/>
			<id id="18"/>
			<id id="19"/>
			<id id="20"/>
			<id id="21"/>
			<id id="22"/>
			<id id="23"/>
			<id id="24"/>
			<id id="25"/>
			<id id="26"/>
			<id id="27"/>
			<id id="28"/>
			<id id="29"/>
			<id id="30"/>
			<id id="31"/>
			<id id="32"/>
			<id id="33"/>
			<id id="34"/>
			<id id="35"/>
			<id id="36"/>
			<id id="37"/>
			<id id="38"/>
			<id id="39"/>
			<id id="40"/>
			<id id="41"/>
			<id id="42"/>
			<id id="43"/>
			<id id="44"/>
			<id id="45"/>
			<id id="46"/>
			<id id="47"/>
			<id id="48"/>
			<id id="49"/>
			<id id="50">
				<origin>\f812\白衣を着た女性\0000\あ、みなさん、どうですか？\f801\依頼の調子の方は。\f801\\ffff\</origin>
				<translate>\f812\白衣を着た女性\0000\あ、みなさん、どうですか？\f801\依頼の調子の方は。\f801\\ffff\</translate>
			</id>
			<id id="51">
				<origin>\f804\\0500\どうしますか？\f804\\0000\\f801\依頼されたものを見せる\f801\依頼されたものが何か確認する\f801\なんでもない\f801\\ffff\</origin>
				<translate>\f804\\0500\どうしますか？\f804\\0000\\f801\依頼されたものを見せる\f801\依頼されたものが何か確認する\f801\なんでもない\f801\\ffff\</translate>
			</id>
			<id id="52">
				<origin>\f812\白衣を着た女性\0000\ほ、本当ですか！\f801\じゃあ、確認しますね！\f801\\ffff\</origin>
				<translate>\f812\白衣を着た女性\0000\ほ、本当ですか！\f801\じゃあ、確認しますね！\f801\\ffff\</translate>
			</id>
			<id id="53">
				<origin>\f812\白衣を着た女性\0000\私の持っている化石と形が一致してる！\f801\やっぱりこの水竜、太古の昔から\f801\生きていたんだわ！\f801\\f802\すごいと思いませんか？ ずっと昔から\f801\生きてたってことは、生存競争に負けずに\f801\戦い抜いて今に至ってるんです！\f801\\f802\そういう生き物って格好いいですよね！\f801\あ、でもでも絶滅してもう会えない生き物も\f801\ロマンありますよね。\f801\\f802\今はもう会えないからこそ思いを馳せる\f801\感じの良さがあるっていうか…。\f801\\f802\でもやっぱりもういないって思うと\f801\残念だなぁ…。\f801\\f802\今度は絶滅しちゃった生き物について\f801\しっかり調査しようかしら…。\f801\\f802\ってす、すみません！\f801\１人でぶつぶつと…。\f801\\f802\でも、みなさんのおかげでいい結果が\f801\得られました！ これで私の思い出が\f801\もっといいものになりました！\f801\\f802\報酬は酒場の主人さんに渡してありますから\f801\受け取ってください！\f801\\f802\今回はみなさんのおかげで本当に有益な\f801\結果が得られました！ 本当に\f801\ありがとうございました！\f801\\ffff\</origin>
				<translate>\f812\白衣を着た女性\0000\私の持っている化石と形が一致してる！\f801\やっぱりこの水竜、太古の昔から\f801\生きていたんだわ！\f801\\f802\すごいと思いませんか？ ずっと昔から\f801\生きてたってことは、生存競争に負けずに\f801\戦い抜いて今に至ってるんです！\f801\\f802\そういう生き物って格好いいですよね！\f801\あ、でもでも絶滅してもう会えない生き物も\f801\ロマンありますよね。\f801\\f802\今はもう会えないからこそ思いを馳せる\f801\感じの良さがあるっていうか…。\f801\\f802\でもやっぱりもういないって思うと\f801\残念だなぁ…。\f801\\f802\今度は絶滅しちゃった生き物について\f801\しっかり調査しようかしら…。\f801\\f802\ってす、すみません！\f801\１人でぶつぶつと…。\f801\\f802\でも、みなさんのおかげでいい結果が\f801\得られました！ これで私の思い出が\f801\もっといいものになりました！\f801\\f802\報酬は酒場の主人さんに渡してありますから\f801\受け取ってください！\f801\\f802\今回はみなさんのおかげで本当に有益な\f801\結果が得られました！ 本当に\f801\ありがとうございました！\f801\\ffff\</translate>
			</id>
			<id id="54">
				<origin>\f812\白衣を着た女性\0000\あ、あのそれっぽいものが\f801\見当たらないのですが…。\f801\\f802\私が見せて欲しいのは\f804\\0500\海嶺ノ水林\f804\\0000\にいる\f801\\f804\\0500\襲来する鱗竜\f804\\0000\からとれる\f804\\0500\水竜の背骨\f804\\0000\\f801\ですので、よろしくお願いしますね。\f801\\ffff\</origin>
				<translate>\f812\白衣を着た女性\0000\あ、あのそれっぽいものが\f801\見当たらないのですが…。\f801\\f802\私が見せて欲しいのは\f804\\0500\海嶺ノ水林\f804\\0000\にいる\f801\\f804\\0500\襲来する鱗竜\f804\\0000\からとれる\f804\\0500\水竜の背骨\f804\\0000\\f801\ですので、よろしくお願いしますね。\f801\\ffff\</translate>
			</id>
			<id id="55">
				<origin>\f812\白衣を着た女性\0000\はい、わかりました！\f801\\f802\私が見せて欲しいのは\f804\\0500\海嶺ノ水林\f804\\0000\にいる\f801\\f804\\0500\襲来する鱗竜\f804\\0000\からとれる\f804\\0500\水竜の背骨\f804\\0000\\f801\ですので、よろしくお願いしますね。\f801\\ffff\</origin>
				<translate>\f812\白衣を着た女性\0000\はい、わかりました！\f801\\f802\私が見せて欲しいのは\f804\\0500\海嶺ノ水林\f804\\0000\にいる\f801\\f804\\0500\襲来する鱗竜\f804\\0000\からとれる\f804\\0500\水竜の背骨\f804\\0000\\f801\ですので、よろしくお願いしますね。\f801\\ffff\</translate>
			</id>
			<id id="56">
				<origin>\f812\白衣を着た女性\0000\そうですか。\f801\私、みなさんが依頼したものを持ち帰るまで\f801\ここで待ってますからお願いしますね！\f801\\ffff\</origin>
				<translate>\f812\白衣を着た女性\0000\そうですか。\f801\私、みなさんが依頼したものを持ち帰るまで\f801\ここで待ってますからお願いしますね！\f801\\ffff\</translate>
			</id>
		</body>
	</mbm>
