<?xml version="1.0" encoding="UTF-8"?>
	<mbm>
		<head>000000004d53473200000100</head>
		<size>4e070000</size>
		<number>0c000000</number>
		<j>200000000000000000000000</j>
		<body>
			<id id="0">
				<origin>\f812\不安そうな女冒険者\0000\あなた方が、私の依頼を\f801\受けてくれるのですね？\f801\ありがとうございます！\f801\\f802\私、まだ冒険者として経験が浅くて、\f801\所属していたギルドでも足手まといだから\f801\今回は連れて行って貰えなかったんです。\f801\\f802\それだけなら、たまにあるから良いんです。\f801\でも、今回は結構待っているのに、\f801\誰も帰ってこなくて……心配で……。\f801\\f802\お願いです！\f801\\f804\\0500\終わりの森\f804\\0000\に行って、\f801\様子を見てきてくれませんか？\f801\\f802\私は、ここでずっと待っています。\f801\よろしくお願いします。\f801\\ffff\</origin>
				<translate>\f812\不安そうな女冒険者\0000\あなた方が、私の依頼を\f801\受けてくれるのですね？\f801\ありがとうございます！\f801\\f802\私、まだ冒険者として経験が浅くて、\f801\所属していたギルドでも足手まといだから\f801\今回は連れて行って貰えなかったんです。\f801\\f802\それだけなら、たまにあるから良いんです。\f801\でも、今回は結構待っているのに、\f801\誰も帰ってこなくて……心配で……。\f801\\f802\お願いです！\f801\\f804\\0500\終わりの森\f804\\0000\に行って、\f801\様子を見てきてくれませんか？\f801\\f802\私は、ここでずっと待っています。\f801\よろしくお願いします。\f801\\ffff\</translate>
			</id>
			<id id="1"/>
			<id id="2"/>
			<id id="3">
				<origin>\f812\不安そうな女冒険者\0000\あの……みんなは！？\f801\ギルドのみんなは見つかりましたか？\f801\\f802\……これは……はい、\f801\確かにこれはメンバーのカバンです。\f801\\f802\こんなに傷だらけになって……。\f801\これじゃ、メンバーの無事も……。\f801\\f802\……これは……なんだろう？\f801\鍵……みたいですね。\f801\\f802\迷宮の奥に鍵のかかった扉が？\f801\それではこの鍵は、ひょっとして……。\f801\\f802\すみません、この鍵を持ってもう一度\f801\迷宮に行ってくれませんか？\f801\もし扉の先にメンバーがいたら……。\f801\\f802\報酬は上乗せしますので、\f801\よろしくお願いします！\f801\\ffff\</origin>
				<translate>\f812\不安そうな女冒険者\0000\あの……みんなは！？\f801\ギルドのみんなは見つかりましたか？\f801\\f802\……これは……はい、\f801\確かにこれはメンバーのカバンです。\f801\\f802\こんなに傷だらけになって……。\f801\これじゃ、メンバーの無事も……。\f801\\f802\……これは……なんだろう？\f801\鍵……みたいですね。\f801\\f802\迷宮の奥に鍵のかかった扉が？\f801\それではこの鍵は、ひょっとして……。\f801\\f802\すみません、この鍵を持ってもう一度\f801\迷宮に行ってくれませんか？\f801\もし扉の先にメンバーがいたら……。\f801\\f802\報酬は上乗せしますので、\f801\よろしくお願いします！\f801\\ffff\</translate>
			</id>
			<id id="4"/>
			<id id="5"/>
			<id id="6">
				<origin>\f812\不安そうな女冒険者\0000\もし扉の先にメンバーがいたら……。\f801\\f802\報酬は上乗せしますので、\f801\よろしくお願いします！\f801\\ffff\</origin>
				<translate>\f812\不安そうな女冒険者\0000\もし扉の先にメンバーがいたら……。\f801\\f802\報酬は上乗せしますので、\f801\よろしくお願いします！\f801\\ffff\</translate>
			</id>
			<id id="7"/>
			<id id="8"/>
			<id id="9">
				<origin>\f812\不安そうな女冒険者\0000\あ、みなさん！\f801\本当にありがとうございました。\f801\結果は戻ったリーダーから聞きました。\f801\\f802\他のみんなのことは本当に残念ですが、\f801\リーダーの命が助かったことだけでも\f801\喜ぶべきことですね。\f801\\f802\リーダーは部屋でケガを癒やしています。\f801\本当はあなた方にお礼がしたいから、\f801\ここで待つって言っていたんですが……、\f801\\f802\お医者さんに絶対安静って言われて、\f801\仕方なく……。\f801\でも、本当に感謝していました。\f801\\f802\報酬はマスターに渡してあります。\f801\私もリーダーのお見舞いに行くので、\f801\これで失礼しますね。\f801\\ffff\</origin>
				<translate>\f812\不安そうな女冒険者\0000\あ、みなさん！\f801\本当にありがとうございました。\f801\結果は戻ったリーダーから聞きました。\f801\\f802\他のみんなのことは本当に残念ですが、\f801\リーダーの命が助かったことだけでも\f801\喜ぶべきことですね。\f801\\f802\リーダーは部屋でケガを癒やしています。\f801\本当はあなた方にお礼がしたいから、\f801\ここで待つって言っていたんですが……、\f801\\f802\お医者さんに絶対安静って言われて、\f801\仕方なく……。\f801\でも、本当に感謝していました。\f801\\f802\報酬はマスターに渡してあります。\f801\私もリーダーのお見舞いに行くので、\f801\これで失礼しますね。\f801\\ffff\</translate>
			</id>
			<id id="10"/>
			<id id="11"/>
			<id id="12">
				<origin>\f812\不安そうな女冒険者\0000\ああ、みなさん！\f801\やっぱり依頼を受けていただけるんですね！\f801\ありがとうございます！\f801\\f802\あの鍵で開く扉の先に、\f801\メンバーがいるかもしれません！\f801\よろしくお願いします！\f801\\ffff\</origin>
				<translate>\f812\不安そうな女冒険者\0000\ああ、みなさん！\f801\やっぱり依頼を受けていただけるんですね！\f801\ありがとうございます！\f801\\f802\あの鍵で開く扉の先に、\f801\メンバーがいるかもしれません！\f801\よろしくお願いします！\f801\\ffff\</translate>
			</id>
		</body>
	</mbm>
