<?xml version="1.0" encoding="UTF-8"?>
	<mbm>
		<head>000000004d53473200000100</head>
		<size>0e020000</size>
		<number>00000000</number>
		<j>200000000000000000000000</j>
		<body>
			<id id="0">
				<origin>\f812\細身の冒険者\0000\いや～、危ないところだったぜ！\f801\……ん？ 新顔か？\f801\それじゃ一つ、自己紹介と行こう。\f801\\f802\オレ様はダットン！\f801\見ての通りの冒険者だ。\f801\\f802\オレ様の自慢は樹海の探索で、\f801\一度も大怪我をしたことがないことだ。\f801\すごいだろ？\f801\\f802\コツは見極めだ。\f801\戦う相手が強かったら無理せずに逃げる。\f801\誰が呼んだか、逃げ足のダットンだ。\f801\\f802\言っておくが、バカにするなよ？\f801\冒険者は、生きて帰ってこその職業だぞ？\f801\\f802\お前が聞きたいっていうなら、\f801\オレ様が戦った魔物の特徴を教えてやるぜ？\f801\\ffff\</origin>
				<translate>\f812\細身の冒険者\0000\いや～、危ないところだったぜ！\f801\……ん？ 新顔か？\f801\それじゃ一つ、自己紹介と行こう。\f801\\f802\オレ様はダットン！\f801\見ての通りの冒険者だ。\f801\\f802\オレ様の自慢は樹海の探索で、\f801\一度も大怪我をしたことがないことだ。\f801\すごいだろ？\f801\\f802\コツは見極めだ。\f801\戦う相手が強かったら無理せずに逃げる。\f801\誰が呼んだか、逃げ足のダットンだ。\f801\\f802\言っておくが、バカにするなよ？\f801\冒険者は、生きて帰ってこその職業だぞ？\f801\\f802\お前が聞きたいっていうなら、\f801\オレ様が戦った魔物の特徴を教えてやるぜ？\f801\\ffff\</translate>
			</id>
		</body>
	</mbm>
