<?xml version="1.0" encoding="UTF-8"?>
	<mbm>
		<head>000000004d53473200000100</head>
		<size>3a3c0000</size>
		<number>52030000</number>
		<j>200000000000000000000000</j>
		<body>
			<id id="0">
				<origin>\f859\\0400\\f81b\\565f\\4348\\4152\\5f31\\3033\\2f45\\5645\\4e54\\2f67\\7569\\5f32\\3138\\0000\では頼んだぞ、\f840\。\f801\姫を…世界を救ってくれ！\f801\\ffff\</origin>
				<translate>\f859\\0400\\f81b\\565f\\4348\\4152\\5f31\\3033\\2f45\\5645\\4e54\\2f67\\7569\\5f32\\3138\\0000\では頼んだぞ、\f840\。\f801\姫を…世界を救ってくれ！\f801\\ffff\</translate>
			</id>
			<id id="1"/>
			<id id="2"/>
			<id id="3"/>
			<id id="4"/>
			<id id="5"/>
			<id id="6"/>
			<id id="7"/>
			<id id="8"/>
			<id id="9"/>
			<id id="10"/>
			<id id="11"/>
			<id id="12"/>
			<id id="13"/>
			<id id="14"/>
			<id id="15"/>
			<id id="16"/>
			<id id="17"/>
			<id id="18"/>
			<id id="19"/>
			<id id="20"/>
			<id id="21"/>
			<id id="22"/>
			<id id="23"/>
			<id id="24"/>
			<id id="25"/>
			<id id="26"/>
			<id id="27"/>
			<id id="28"/>
			<id id="29"/>
			<id id="30"/>
			<id id="31"/>
			<id id="32"/>
			<id id="33"/>
			<id id="34"/>
			<id id="35"/>
			<id id="36"/>
			<id id="37"/>
			<id id="38"/>
			<id id="39"/>
			<id id="40"/>
			<id id="41"/>
			<id id="42"/>
			<id id="43"/>
			<id id="44"/>
			<id id="45"/>
			<id id="46"/>
			<id id="47"/>
			<id id="48"/>
			<id id="49"/>
			<id id="50">
				<origin>\f859\\0500\\f81b\\565f\\4348\\4152\\5f31\\3035\\2f53\\5953\\5445\\4d2f\\5245\\504f\\5254\\2f67\\6f76\\5f31\\3235\\0000\…ふむ、改めて聞いても凄い話だ。\f801\\f802\目覚めて間もないヨルムンガンド故に\f801\倒せる可能性を見いだし挑んだのか。\f801\\f802\だがそうはいっても相手は\f801\古代レムリアが生んだ兵器だ。\f801\簡単に勝てる相手ではなかったはず。\f801\\f802\それに見事打ち勝った汝らの力と勇気\f801\そして優しさに敬意を表し\f801\司令部からこれを託そうと思う。\f801\\f802\\f81b\\565f\\4348\\4152\\5f31\\3035\\2f45\\5645\\4e54\\2f67\\6f76\\5f32\\3132\\0000\マギニアに古くから伝わるものだ。\f801\ぜひ受けとってほしい。\f801\\ffff\</origin>
				<translate>\f859\\0500\\f81b\\565f\\4348\\4152\\5f31\\3035\\2f53\\5953\\5445\\4d2f\\5245\\504f\\5254\\2f67\\6f76\\5f31\\3235\\0000\…ふむ、改めて聞いても凄い話だ。\f801\\f802\目覚めて間もないヨルムンガンド故に\f801\倒せる可能性を見いだし挑んだのか。\f801\\f802\だがそうはいっても相手は\f801\古代レムリアが生んだ兵器だ。\f801\簡単に勝てる相手ではなかったはず。\f801\\f802\それに見事打ち勝った汝らの力と勇気\f801\そして優しさに敬意を表し\f801\司令部からこれを託そうと思う。\f801\\f802\\f81b\\565f\\4348\\4152\\5f31\\3035\\2f45\\5645\\4e54\\2f67\\6f76\\5f32\\3132\\0000\マギニアに古くから伝わるものだ。\f801\ぜひ受けとってほしい。\f801\\ffff\</translate>
			</id>
			<id id="51">
				<origin>\f859\\0500\\f81b\\565f\\4348\\4152\\5f31\\3035\\2f45\\5645\\4e54\\2f67\\6f76\\5f32\\3034\\0000\汝らのお蔭で、海の一族とも\f801\少しは分かり合えた気がする。\f801\\f802\ヨルムンガンドの脅威が消えた今\f801\あの者たちとも分かり合える…\f801\いつか手を取り合う日がくるだろう。\f801\\f802\その日が来るまでしばらくは\f801\あの者たちとも協力しながら\f801\レムリア探索を続けるつもりだ。\f801\\f802\国を永遠に繁栄させる秘宝はなくとも\f801\各地の樹海からなるこの島には\f801\珍しい品々が眠っている。\f801\\f802\それを集め、調査することが\f801\今後のマギニアに役立つと思うのだ。\f801\\f802\\f81b\\565f\\4348\\4152\\5f31\\3035\\2f53\\5953\\5445\\4d2f\\4558\\4954\\335f\\4e4f\\524d\\414c\\2f67\\6f76\\5f30\\3238\\0000\\f840\よ。\f801\汝らも協力してくれると嬉しく思うぞ。\f801\\ffff\</origin>
				<translate>\f859\\0500\\f81b\\565f\\4348\\4152\\5f31\\3035\\2f45\\5645\\4e54\\2f67\\6f76\\5f32\\3034\\0000\汝らのお蔭で、海の一族とも\f801\少しは分かり合えた気がする。\f801\\f802\ヨルムンガンドの脅威が消えた今\f801\あの者たちとも分かり合える…\f801\いつか手を取り合う日がくるだろう。\f801\\f802\その日が来るまでしばらくは\f801\あの者たちとも協力しながら\f801\レムリア探索を続けるつもりだ。\f801\\f802\国を永遠に繁栄させる秘宝はなくとも\f801\各地の樹海からなるこの島には\f801\珍しい品々が眠っている。\f801\\f802\それを集め、調査することが\f801\今後のマギニアに役立つと思うのだ。\f801\\f802\\f81b\\565f\\4348\\4152\\5f31\\3035\\2f53\\5953\\5445\\4d2f\\4558\\4954\\335f\\4e4f\\524d\\414c\\2f67\\6f76\\5f30\\3238\\0000\\f840\よ。\f801\汝らも協力してくれると嬉しく思うぞ。\f801\\ffff\</translate>
			</id>
			<id id="52"/>
			<id id="53"/>
			<id id="54"/>
			<id id="55"/>
			<id id="56"/>
			<id id="57"/>
			<id id="58"/>
			<id id="59"/>
			<id id="60"/>
			<id id="61"/>
			<id id="62"/>
			<id id="63"/>
			<id id="64"/>
			<id id="65"/>
			<id id="66"/>
			<id id="67"/>
			<id id="68"/>
			<id id="69"/>
			<id id="70"/>
			<id id="71"/>
			<id id="72"/>
			<id id="73"/>
			<id id="74"/>
			<id id="75"/>
			<id id="76"/>
			<id id="77"/>
			<id id="78"/>
			<id id="79"/>
			<id id="80"/>
			<id id="81"/>
			<id id="82"/>
			<id id="83"/>
			<id id="84"/>
			<id id="85"/>
			<id id="86"/>
			<id id="87"/>
			<id id="88"/>
			<id id="89"/>
			<id id="90"/>
			<id id="91"/>
			<id id="92"/>
			<id id="93"/>
			<id id="94"/>
			<id id="95"/>
			<id id="96"/>
			<id id="97"/>
			<id id="98"/>
			<id id="99"/>
			<id id="100">
				<origin>\f842\\2a01\を討伐する。\f801\\ffff\</origin>
				<translate>\f842\\2a01\を討伐する。\f801\\ffff\</translate>
			</id>
			<id id="101">
				<origin>司令部に報告する。\f801\\ffff\</origin>
				<translate>司令部に報告する。\f801\\ffff\</translate>
			</id>
			<id id="102"/>
			<id id="103"/>
			<id id="104"/>
			<id id="105"/>
			<id id="106"/>
			<id id="107"/>
			<id id="108"/>
			<id id="109"/>
			<id id="110"/>
			<id id="111"/>
			<id id="112"/>
			<id id="113"/>
			<id id="114"/>
			<id id="115"/>
			<id id="116"/>
			<id id="117"/>
			<id id="118"/>
			<id id="119"/>
			<id id="120"/>
			<id id="121"/>
			<id id="122"/>
			<id id="123"/>
			<id id="124"/>
			<id id="125"/>
			<id id="126"/>
			<id id="127"/>
			<id id="128"/>
			<id id="129"/>
			<id id="130"/>
			<id id="131"/>
			<id id="132"/>
			<id id="133"/>
			<id id="134"/>
			<id id="135"/>
			<id id="136"/>
			<id id="137"/>
			<id id="138"/>
			<id id="139"/>
			<id id="140"/>
			<id id="141"/>
			<id id="142"/>
			<id id="143"/>
			<id id="144"/>
			<id id="145"/>
			<id id="146"/>
			<id id="147"/>
			<id id="148"/>
			<id id="149"/>
			<id id="150">
				<origin>君たちは世界樹の麓にある新たな遺跡へと\f801\足を踏み入れる。\f801\\f802\ヨルムンガンドの目覚めの影響か、\f801\君たちの決意を削ごうとするかのように\f801\周囲には瘴気が満ちている。\f801\\f802\ペルセフォネは、この中を\f801\ヨルムンガンドの下へと進んだのだろう。\f801\\f802\君たちは、今までの冒険の終わりが待つ\f801\世界樹の遺跡の中へと\f801\歩みを進めることにする。\f801\\ffff\</origin>
				<translate>君たちは世界樹の麓にある新たな遺跡へと\f801\足を踏み入れる。\f801\\f802\ヨルムンガンドの目覚めの影響か、\f801\君たちの決意を削ごうとするかのように\f801\周囲には瘴気が満ちている。\f801\\f802\ペルセフォネは、この中を\f801\ヨルムンガンドの下へと進んだのだろう。\f801\\f802\君たちは、今までの冒険の終わりが待つ\f801\世界樹の遺跡の中へと\f801\歩みを進めることにする。\f801\\ffff\</translate>
			</id>
			<id id="151"/>
			<id id="152"/>
			<id id="153"/>
			<id id="154"/>
			<id id="155"/>
			<id id="156"/>
			<id id="157"/>
			<id id="158"/>
			<id id="159"/>
			<id id="160"/>
			<id id="161"/>
			<id id="162"/>
			<id id="163"/>
			<id id="164"/>
			<id id="165"/>
			<id id="166"/>
			<id id="167"/>
			<id id="168"/>
			<id id="169"/>
			<id id="170"/>
			<id id="171"/>
			<id id="172"/>
			<id id="173"/>
			<id id="174"/>
			<id id="175"/>
			<id id="176"/>
			<id id="177"/>
			<id id="178"/>
			<id id="179"/>
			<id id="180"/>
			<id id="181"/>
			<id id="182"/>
			<id id="183"/>
			<id id="184"/>
			<id id="185"/>
			<id id="186"/>
			<id id="187"/>
			<id id="188"/>
			<id id="189"/>
			<id id="190"/>
			<id id="191"/>
			<id id="192"/>
			<id id="193"/>
			<id id="194"/>
			<id id="195"/>
			<id id="196"/>
			<id id="197"/>
			<id id="198"/>
			<id id="199"/>
			<id id="200">
				<origin>\f812\？？？\0000\「お待ち下さい、\f801\\f840\のみなさん！」\f801\\ffff\</origin>
				<translate>\f812\？？？\0000\「お待ち下さい、\f801\\f840\のみなさん！」\f801\\ffff\</translate>
			</id>
			<id id="201">
				<origin>遺跡を進む君たちは、背後から声をかけられ\f801\歩みを止める。\f801\\ffff\</origin>
				<translate>遺跡を進む君たちは、背後から声をかけられ\f801\歩みを止める。\f801\\ffff\</translate>
			</id>
			<id id="202">
				<origin>振り返ると、入口から大勢の衛兵が\f801\駆け込んでくるのが見える。\f801\\f802\衛兵の一人は君たちの前で姿勢を正し\f801\敬礼する。\f801\\ffff\</origin>
				<translate>振り返ると、入口から大勢の衛兵が\f801\駆け込んでくるのが見える。\f801\\f802\衛兵の一人は君たちの前で姿勢を正し\f801\敬礼する。\f801\\ffff\</translate>
			</id>
			<id id="203">
				<origin>\f859\\0700\「ミュラー様の指示で\f840\の\f801\お手伝いに参りました！」\f801\\ffff\</origin>
				<translate>\f859\\0700\「ミュラー様の指示で\f840\の\f801\お手伝いに参りました！」\f801\\ffff\</translate>
			</id>
			<id id="204">
				<origin>遺跡の先を探索し、可能な限り危険を\f801\排除するのが自分たちの役目です、\f801\衛兵はそう告げる。\f801\\ffff\</origin>
				<translate>遺跡の先を探索し、可能な限り危険を\f801\排除するのが自分たちの役目です、\f801\衛兵はそう告げる。\f801\\ffff\</translate>
			</id>
			<id id="205">
				<origin>\f859\\0700\「とはいえ、\f840\が我々に\f801\頼るような事態になど、\f801\ならないかもしれませんが」\f801\\f802\「それでも精一杯お手伝いします。\f801\では！」\f801\\ffff\</origin>
				<translate>\f859\\0700\「とはいえ、\f840\が我々に\f801\頼るような事態になど、\f801\ならないかもしれませんが」\f801\\f802\「それでも精一杯お手伝いします。\f801\では！」\f801\\ffff\</translate>
			</id>
			<id id="206">
				<origin>衛兵は再度、敬礼をして遺跡の奥へと\f801\駆け去っていく。\f801\\ffff\</origin>
				<translate>衛兵は再度、敬礼をして遺跡の奥へと\f801\駆け去っていく。\f801\\ffff\</translate>
			</id>
			<id id="207">
				<origin>君たちは、この困難なミッションを\f801\絶対に成し遂げねばならないと、\f801\決意を新たに奥へと進むことにする。\f801\\ffff\</origin>
				<translate>君たちは、この困難なミッションを\f801\絶対に成し遂げねばならないと、\f801\決意を新たに奥へと進むことにする。\f801\\ffff\</translate>
			</id>
			<id id="208"/>
			<id id="209"/>
			<id id="210"/>
			<id id="211"/>
			<id id="212"/>
			<id id="213"/>
			<id id="214"/>
			<id id="215"/>
			<id id="216"/>
			<id id="217"/>
			<id id="218"/>
			<id id="219"/>
			<id id="220"/>
			<id id="221"/>
			<id id="222"/>
			<id id="223"/>
			<id id="224"/>
			<id id="225"/>
			<id id="226"/>
			<id id="227"/>
			<id id="228"/>
			<id id="229"/>
			<id id="230"/>
			<id id="231"/>
			<id id="232"/>
			<id id="233"/>
			<id id="234"/>
			<id id="235"/>
			<id id="236"/>
			<id id="237"/>
			<id id="238"/>
			<id id="239"/>
			<id id="240"/>
			<id id="241"/>
			<id id="242"/>
			<id id="243"/>
			<id id="244"/>
			<id id="245"/>
			<id id="246"/>
			<id id="247"/>
			<id id="248"/>
			<id id="249"/>
			<id id="250">
				<origin>遺跡を探索する君たちは、\f801\階段を下って新しい階に到着する。\f801\\f802\するとそんな君たちの背後から\f801\ドタバタと駆けてくる足音が響いてくる。\f801\\ffff\</origin>
				<translate>遺跡を探索する君たちは、\f801\階段を下って新しい階に到着する。\f801\\f802\するとそんな君たちの背後から\f801\ドタバタと駆けてくる足音が響いてくる。\f801\\ffff\</translate>
			</id>
			<id id="251">
				<origin>\f812\？？？\0000\\f81b\\565f\\4348\\4152\\5f31\\3931\\2f42\\4154\\544c\\452f\\4c56\\5f55\\502f\\6f6c\\695f\\3137\\3200\\0000\「見つけたぞ、\f840\」\f801\\ffff\</origin>
				<translate>\f812\？？？\0000\\f81b\\565f\\4348\\4152\\5f31\\3931\\2f42\\4154\\544c\\452f\\4c56\\5f55\\502f\\6f6c\\695f\\3137\\3200\\0000\「見つけたぞ、\f840\」\f801\\ffff\</translate>
			</id>
			<id id="252">
				<origin>\f812\？？？\0000\\f81b\\565f\\4348\\4152\\5f31\\3931\\2f42\\4154\\544c\\452f\\4e50\\435f\\5649\\435f\\4841\\5244\\2f6d\\6172\\5f31\\3638\\0000\「やっと追いつけたようだね」\f801\\ffff\</origin>
				<translate>\f812\？？？\0000\\f81b\\565f\\4348\\4152\\5f31\\3931\\2f42\\4154\\544c\\452f\\4e50\\435f\\5649\\435f\\4841\\5244\\2f6d\\6172\\5f31\\3638\\0000\「やっと追いつけたようだね」\f801\\ffff\</translate>
			</id>
			<id id="253">
				<origin>相次いでそう話すのは\f801\オリバーとマルコだった。\f801\\ffff\</origin>
				<translate>相次いでそう話すのは\f801\オリバーとマルコだった。\f801\\ffff\</translate>
			</id>
			<id id="254">
				<origin>\f859\\0b00\\f81b\\565f\\4348\\4152\\5f31\\3931\\2f42\\4154\\544c\\452f\\4e50\\435f\\5649\\435f\\4541\\5359\\2f6d\\6172\\5f31\\3635\\0000\「聞いたよ、ペルセフォネ姫を\f801\助ける方法を見つけたって」\f801\\ffff\</origin>
				<translate>\f859\\0b00\\f81b\\565f\\4348\\4152\\5f31\\3931\\2f42\\4154\\544c\\452f\\4e50\\435f\\5649\\435f\\4541\\5359\\2f6d\\6172\\5f31\\3635\\0000\「聞いたよ、ペルセフォネ姫を\f801\助ける方法を見つけたって」\f801\\ffff\</translate>
			</id>
			<id id="255">
				<origin>\f859\\0a00\\f81b\\565f\\4348\\4152\\5f31\\3838\\2f45\\5645\\4e54\\2f6f\\6c69\\5f32\\3137\\0000\「諦めたらそこで冒険は終了だった。\f801\諦めずに努力する大事さを\f801\お前らが教えてくれたんだ」\f801\\ffff\</origin>
				<translate>\f859\\0a00\\f81b\\565f\\4348\\4152\\5f31\\3838\\2f45\\5645\\4e54\\2f6f\\6c69\\5f32\\3137\\0000\「諦めたらそこで冒険は終了だった。\f801\諦めずに努力する大事さを\f801\お前らが教えてくれたんだ」\f801\\ffff\</translate>
			</id>
			<id id="256">
				<origin>\f859\\0a00\「だから俺たちも協力したいんだ。\f801\もしよかったら同行させてくれ。\f801\何かの役には立つと思うぜ」\f801\\ffff\</origin>
				<translate>\f859\\0a00\「だから俺たちも協力したいんだ。\f801\もしよかったら同行させてくれ。\f801\何かの役には立つと思うぜ」\f801\\ffff\</translate>
			</id>
			<id id="257">
				<origin>二人は君たちに同行を申し出る。\f801\もし望むなら、彼らと一緒に\f801\遺跡を探索してもいい。\f801\\ffff\</origin>
				<translate>二人は君たちに同行を申し出る。\f801\もし望むなら、彼らと一緒に\f801\遺跡を探索してもいい。\f801\\ffff\</translate>
			</id>
			<id id="258">
				<origin>\f804\\0500\どうしますか？\f804\\0000\\f801\オリバーとマルコを同行させる\f801\オリバーとマルコを同行させない\f801\\ffff\</origin>
				<translate>\f804\\0500\どうしますか？\f804\\0000\\f801\オリバーとマルコを同行させる\f801\オリバーとマルコを同行させない\f801\\ffff\</translate>
			</id>
			<id id="259">
				<origin>\f859\\0a00\\f81b\\565f\\4348\\4152\\5f31\\3838\\2f45\\5645\\4e54\\2f6f\\6c69\\5f32\\3038\\0000\「そう来なくっちゃな！\f801\それじゃあ行こうぜ！」\f801\\ffff\</origin>
				<translate>\f859\\0a00\\f81b\\565f\\4348\\4152\\5f31\\3838\\2f45\\5645\\4e54\\2f6f\\6c69\\5f32\\3038\\0000\「そう来なくっちゃな！\f801\それじゃあ行こうぜ！」\f801\\ffff\</translate>
			</id>
			<id id="260">
				<origin>\f859\\0b00\\f81b\\565f\\4348\\4152\\5f31\\3931\\2f42\\4154\\544c\\452f\\4e50\\435f\\5649\\435f\\4841\\5244\\2f6d\\6172\\5f31\\3638\\0000\「それは残念だ…。\f801\じゃあ、僕たちはここで衛兵たちの\f801\支援をすることにするよ」\f801\\f802\「しばらくはここにいるから、\f801\気が変わったら声をかけて欲しい」\f801\\ffff\</origin>
				<translate>\f859\\0b00\\f81b\\565f\\4348\\4152\\5f31\\3931\\2f42\\4154\\544c\\452f\\4e50\\435f\\5649\\435f\\4841\\5244\\2f6d\\6172\\5f31\\3638\\0000\「それは残念だ…。\f801\じゃあ、僕たちはここで衛兵たちの\f801\支援をすることにするよ」\f801\\f802\「しばらくはここにいるから、\f801\気が変わったら声をかけて欲しい」\f801\\ffff\</translate>
			</id>
			<id id="261">
				<origin>\f859\\0a00\\f81b\\565f\\4348\\4152\\5f31\\3838\\2f45\\5645\\4e54\\2f6f\\6c69\\5f32\\3131\\0000\「どうした\f840\、\f801\俺たちと一緒に行くか？」\f801\\ffff\</origin>
				<translate>\f859\\0a00\\f81b\\565f\\4348\\4152\\5f31\\3838\\2f45\\5645\\4e54\\2f6f\\6c69\\5f32\\3131\\0000\「どうした\f840\、\f801\俺たちと一緒に行くか？」\f801\\ffff\</translate>
			</id>
			<id id="262"/>
			<id id="263"/>
			<id id="264"/>
			<id id="265"/>
			<id id="266"/>
			<id id="267"/>
			<id id="268"/>
			<id id="269"/>
			<id id="270"/>
			<id id="271"/>
			<id id="272"/>
			<id id="273"/>
			<id id="274"/>
			<id id="275"/>
			<id id="276"/>
			<id id="277"/>
			<id id="278"/>
			<id id="279"/>
			<id id="280"/>
			<id id="281"/>
			<id id="282"/>
			<id id="283"/>
			<id id="284"/>
			<id id="285"/>
			<id id="286"/>
			<id id="287"/>
			<id id="288"/>
			<id id="289"/>
			<id id="290"/>
			<id id="291"/>
			<id id="292"/>
			<id id="293"/>
			<id id="294"/>
			<id id="295"/>
			<id id="296"/>
			<id id="297"/>
			<id id="298"/>
			<id id="299"/>
			<id id="300">
				<origin>遺跡を歩く君たちの前に\f801\更なる深層に続く階段が姿を現す。\f801\\ffff\</origin>
				<translate>遺跡を歩く君たちの前に\f801\更なる深層に続く階段が姿を現す。\f801\\ffff\</translate>
			</id>
			<id id="301">
				<origin>\f859\\0a00\\f81b\\565f\\4348\\4152\\5f31\\3838\\2f45\\5645\\4e54\\2f6f\\6c69\\5f32\\3130\\0000\「それじゃあ俺たちはこの辺りで…」\f801\\ffff\</origin>
				<translate>\f859\\0a00\\f81b\\565f\\4348\\4152\\5f31\\3838\\2f45\\5645\\4e54\\2f6f\\6c69\\5f32\\3130\\0000\「それじゃあ俺たちはこの辺りで…」\f801\\ffff\</translate>
			</id>
			<id id="302">
				<origin>ここまで共に探索を続けてきた\f801\オリバーがそう告げる。\f801\\ffff\</origin>
				<translate>ここまで共に探索を続けてきた\f801\オリバーがそう告げる。\f801\\ffff\</translate>
			</id>
			<id id="303">
				<origin>\f859\\0b00\\f81b\\565f\\4348\\4152\\5f31\\3931\\2f42\\4154\\544c\\452f\\4e50\\435f\\5649\\435f\\4841\\5244\\2f6d\\6172\\5f31\\3638\\0000\「姫を助けようと遺跡に来てくれた\f801\衛兵たちだが…、見た所やはり\f801\苦戦をしているようだからね」\f801\\ffff\</origin>
				<translate>\f859\\0b00\\f81b\\565f\\4348\\4152\\5f31\\3931\\2f42\\4154\\544c\\452f\\4e50\\435f\\5649\\435f\\4841\\5244\\2f6d\\6172\\5f31\\3638\\0000\「姫を助けようと遺跡に来てくれた\f801\衛兵たちだが…、見た所やはり\f801\苦戦をしているようだからね」\f801\\ffff\</translate>
			</id>
			<id id="304">
				<origin>自分とオリバーは衛兵たちの\f801\援護に回ろうと思うと\f801\マルコは告げる。\f801\\ffff\</origin>
				<translate>自分とオリバーは衛兵たちの\f801\援護に回ろうと思うと\f801\マルコは告げる。\f801\\ffff\</translate>
			</id>
			<id id="305">
				<origin>\f859\\0b00\\f81b\\565f\\4348\\4152\\5f31\\3839\\2f45\\5645\\4e54\\2f6d\\6172\\5f32\\3039\\0000\「君たちはこのまま先へ進んで\f801\ペルセフォネ姫を救ってくれ」\f801\\ffff\</origin>
				<translate>\f859\\0b00\\f81b\\565f\\4348\\4152\\5f31\\3839\\2f45\\5645\\4e54\\2f6d\\6172\\5f32\\3039\\0000\「君たちはこのまま先へ進んで\f801\ペルセフォネ姫を救ってくれ」\f801\\ffff\</translate>
			</id>
			<id id="306">
				<origin>二人はそう告げて立ち去っていく。\f801\君たちはその言葉に頷いた後\f801\下への階段へ向かうことにする。\f801\\ffff\</origin>
				<translate>二人はそう告げて立ち去っていく。\f801\君たちはその言葉に頷いた後\f801\下への階段へ向かうことにする。\f801\\ffff\</translate>
			</id>
			<id id="307"/>
			<id id="308"/>
			<id id="309"/>
			<id id="310"/>
			<id id="311"/>
			<id id="312"/>
			<id id="313"/>
			<id id="314"/>
			<id id="315"/>
			<id id="316"/>
			<id id="317"/>
			<id id="318"/>
			<id id="319"/>
			<id id="320"/>
			<id id="321"/>
			<id id="322"/>
			<id id="323"/>
			<id id="324"/>
			<id id="325"/>
			<id id="326"/>
			<id id="327"/>
			<id id="328"/>
			<id id="329"/>
			<id id="330"/>
			<id id="331"/>
			<id id="332"/>
			<id id="333"/>
			<id id="334"/>
			<id id="335"/>
			<id id="336"/>
			<id id="337"/>
			<id id="338"/>
			<id id="339"/>
			<id id="340"/>
			<id id="341"/>
			<id id="342"/>
			<id id="343"/>
			<id id="344"/>
			<id id="345"/>
			<id id="346"/>
			<id id="347"/>
			<id id="348"/>
			<id id="349"/>
			<id id="350">
				<origin>遺跡を探索する君たちは、\f801\階段を下って新しい階に到着する。\f801\\f802\するとそんな君たちに\f801\近づいてくる一人の人影がある。\f801\\ffff\</origin>
				<translate>遺跡を探索する君たちは、\f801\階段を下って新しい階に到着する。\f801\\f802\するとそんな君たちに\f801\近づいてくる一人の人影がある。\f801\\ffff\</translate>
			</id>
			<id id="351">
				<origin>\f859\\1000\\f81b\\565f\\4348\\4152\\5f31\\3939\\2f45\\5645\\4e54\\2f6c\\6541\\5f32\\3230\\0000\「\f840\、やっと会えた…」\f801\\f802\「ボクは姫様にも、君たちにも\f801\恩返しをしたいと思っているんだ」\f801\\f802\「だから、ここからの探索を\f801\ボクにも協力させてほしい」\f801\\ffff\</origin>
				<translate>\f859\\1000\\f81b\\565f\\4348\\4152\\5f31\\3939\\2f45\\5645\\4e54\\2f6c\\6541\\5f32\\3230\\0000\「\f840\、やっと会えた…」\f801\\f802\「ボクは姫様にも、君たちにも\f801\恩返しをしたいと思っているんだ」\f801\\f802\「だから、ここからの探索を\f801\ボクにも協力させてほしい」\f801\\ffff\</translate>
			</id>
			<id id="352">
				<origin>レオは君たちに同行を申し出る。\f801\もし望むなら、彼と一緒に\f801\遺跡を探索してもいい。\f801\\ffff\</origin>
				<translate>レオは君たちに同行を申し出る。\f801\もし望むなら、彼と一緒に\f801\遺跡を探索してもいい。\f801\\ffff\</translate>
			</id>
			<id id="353">
				<origin>\f804\\0500\どうしますか？\f804\\0000\\f801\レオを同行させる\f801\レオを同行させない\f801\\ffff\</origin>
				<translate>\f804\\0500\どうしますか？\f804\\0000\\f801\レオを同行させる\f801\レオを同行させない\f801\\ffff\</translate>
			</id>
			<id id="354">
				<origin>\f859\\1000\\f81b\\565f\\4348\\4152\\5f31\\3939\\2f45\\5645\\4e54\\2f6c\\6541\\5f32\\3235\\0000\「ありがとう\f840\、\f801\さっそく行こう！」\f801\\ffff\</origin>
				<translate>\f859\\1000\\f81b\\565f\\4348\\4152\\5f31\\3939\\2f45\\5645\\4e54\\2f6c\\6541\\5f32\\3235\\0000\「ありがとう\f840\、\f801\さっそく行こう！」\f801\\ffff\</translate>
			</id>
			<id id="355">
				<origin>\f859\\1000\\f81b\\565f\\4348\\4152\\5f31\\3939\\2f45\\5645\\4e54\\2f6c\\6541\\5f32\\3234\\0000\「そうか……。\f801\\f840\がそう言うなら、\f801\ボクはこの付近を調べてみるよ」\f801\\ffff\</origin>
				<translate>\f859\\1000\\f81b\\565f\\4348\\4152\\5f31\\3939\\2f45\\5645\\4e54\\2f6c\\6541\\5f32\\3234\\0000\「そうか……。\f801\\f840\がそう言うなら、\f801\ボクはこの付近を調べてみるよ」\f801\\ffff\</translate>
			</id>
			<id id="356">
				<origin>\f859\\1000\「途中で一緒に探索してもいいってなったら\f801\ボクに教えて欲しい」\f801\\ffff\</origin>
				<translate>\f859\\1000\「途中で一緒に探索してもいいってなったら\f801\ボクに教えて欲しい」\f801\\ffff\</translate>
			</id>
			<id id="357">
				<origin>\f859\\1000\\f81b\\565f\\4348\\4152\\5f31\\3939\\2f45\\5645\\4e54\\2f6c\\6541\\5f32\\3134\\0000\「やあ\f840\、\f801\ボクも一緒に行っていいかい？」\f801\\ffff\</origin>
				<translate>\f859\\1000\\f81b\\565f\\4348\\4152\\5f31\\3939\\2f45\\5645\\4e54\\2f6c\\6541\\5f32\\3134\\0000\「やあ\f840\、\f801\ボクも一緒に行っていいかい？」\f801\\ffff\</translate>
			</id>
			<id id="358"/>
			<id id="359"/>
			<id id="360"/>
			<id id="361"/>
			<id id="362"/>
			<id id="363"/>
			<id id="364"/>
			<id id="365"/>
			<id id="366"/>
			<id id="367"/>
			<id id="368"/>
			<id id="369"/>
			<id id="370"/>
			<id id="371"/>
			<id id="372"/>
			<id id="373"/>
			<id id="374"/>
			<id id="375"/>
			<id id="376"/>
			<id id="377"/>
			<id id="378"/>
			<id id="379"/>
			<id id="380"/>
			<id id="381"/>
			<id id="382"/>
			<id id="383"/>
			<id id="384"/>
			<id id="385"/>
			<id id="386"/>
			<id id="387"/>
			<id id="388"/>
			<id id="389"/>
			<id id="390"/>
			<id id="391"/>
			<id id="392"/>
			<id id="393"/>
			<id id="394"/>
			<id id="395"/>
			<id id="396"/>
			<id id="397"/>
			<id id="398"/>
			<id id="399"/>
			<id id="400">
				<origin>遺跡を歩く君たちの前に\f801\更なる深層に続く階段が姿を現す。\f801\\ffff\</origin>
				<translate>遺跡を歩く君たちの前に\f801\更なる深層に続く階段が姿を現す。\f801\\ffff\</translate>
			</id>
			<id id="401">
				<origin>\f859\\1000\\f81b\\565f\\4348\\4152\\5f31\\3939\\2f45\\5645\\4e54\\2f6c\\6541\\5f32\\3138\\0000\「この迷宮…さらに下があるんだね」\f801\\ffff\</origin>
				<translate>\f859\\1000\\f81b\\565f\\4348\\4152\\5f31\\3939\\2f45\\5645\\4e54\\2f6c\\6541\\5f32\\3138\\0000\「この迷宮…さらに下があるんだね」\f801\\ffff\</translate>
			</id>
			<id id="402">
				<origin>ひたいの汗をぬぐったレオが\f801\不意に背後の扉を向いて口を開く。\f801\\ffff\</origin>
				<translate>ひたいの汗をぬぐったレオが\f801\不意に背後の扉を向いて口を開く。\f801\\ffff\</translate>
			</id>
			<id id="403">
				<origin>\f859\\1000\\f81b\\565f\\4348\\4152\\5f31\\3939\\2f45\\5645\\4e54\\2f6c\\6541\\5f32\\3238\\0000\「…魔物たちが来ている？」\f801\\ffff\</origin>
				<translate>\f859\\1000\\f81b\\565f\\4348\\4152\\5f31\\3939\\2f45\\5645\\4e54\\2f6c\\6541\\5f32\\3238\\0000\「…魔物たちが来ている？」\f801\\ffff\</translate>
			</id>
			<id id="404">
				<origin>レオの言葉通り、君たちも\f801\背後から魔物が近づいてくる\f801\気配を感じ取る。\f801\\ffff\</origin>
				<translate>レオの言葉通り、君たちも\f801\背後から魔物が近づいてくる\f801\気配を感じ取る。\f801\\ffff\</translate>
			</id>
			<id id="405">
				<origin>\f859\\1000\「大丈夫…魔物はボクが相手をするよ。\f801\だから、君たちはこのまま先へ進んで\f801\一刻も早くペルセフォネ姫を！」\f801\\ffff\</origin>
				<translate>\f859\\1000\「大丈夫…魔物はボクが相手をするよ。\f801\だから、君たちはこのまま先へ進んで\f801\一刻も早くペルセフォネ姫を！」\f801\\ffff\</translate>
			</id>
			<id id="406">
				<origin>レオはそう叫ぶと\f801\武器を構え背後へと駆けだす。\f801\\ffff\</origin>
				<translate>レオはそう叫ぶと\f801\武器を構え背後へと駆けだす。\f801\\ffff\</translate>
			</id>
			<id id="407">
				<origin>\f859\\1000\「ここを片付けたらすぐ後を追うから。\f801\だから、先へ進んで下さい」\f801\\ffff\</origin>
				<translate>\f859\\1000\「ここを片付けたらすぐ後を追うから。\f801\だから、先へ進んで下さい」\f801\\ffff\</translate>
			</id>
			<id id="408">
				<origin>レオはそう告げて扉の向こうへ消える。\f801\すぐに魔物の悲鳴とレオの雄叫びが\f801\君たちの耳に届く…。\f801\\f802\ここでじっとしていてはレオの努力を\f801\無駄にしてしまう。君たちは彼に感謝し\f801\この先へと進むことにする。\f801\\ffff\</origin>
				<translate>レオはそう告げて扉の向こうへ消える。\f801\すぐに魔物の悲鳴とレオの雄叫びが\f801\君たちの耳に届く…。\f801\\f802\ここでじっとしていてはレオの努力を\f801\無駄にしてしまう。君たちは彼に感謝し\f801\この先へと進むことにする。\f801\\ffff\</translate>
			</id>
			<id id="409"/>
			<id id="410"/>
			<id id="411"/>
			<id id="412"/>
			<id id="413"/>
			<id id="414"/>
			<id id="415"/>
			<id id="416"/>
			<id id="417"/>
			<id id="418"/>
			<id id="419"/>
			<id id="420"/>
			<id id="421"/>
			<id id="422"/>
			<id id="423"/>
			<id id="424"/>
			<id id="425"/>
			<id id="426"/>
			<id id="427"/>
			<id id="428"/>
			<id id="429"/>
			<id id="430"/>
			<id id="431"/>
			<id id="432"/>
			<id id="433"/>
			<id id="434"/>
			<id id="435"/>
			<id id="436"/>
			<id id="437"/>
			<id id="438"/>
			<id id="439"/>
			<id id="440"/>
			<id id="441"/>
			<id id="442"/>
			<id id="443"/>
			<id id="444"/>
			<id id="445"/>
			<id id="446"/>
			<id id="447"/>
			<id id="448"/>
			<id id="449"/>
			<id id="450">
				<origin>遺跡を探索する君たちは、\f801\階段を下って新しい階に到着する。\f801\\f802\すると目の前には\f801\見覚えのある二人組が待っていた。\f801\\ffff\</origin>
				<translate>遺跡を探索する君たちは、\f801\階段を下って新しい階に到着する。\f801\\f802\すると目の前には\f801\見覚えのある二人組が待っていた。\f801\\ffff\</translate>
			</id>
			<id id="451">
				<origin>\f859\\0d00\\f81b\\565f\\4348\\4152\\5f31\\3934\\2f45\\5645\\4e54\\2f63\\6172\\5f32\\3136\\0000\「\f840\さん！\f801\待ってたデス！」\f801\\ffff\</origin>
				<translate>\f859\\0d00\\f81b\\565f\\4348\\4152\\5f31\\3934\\2f45\\5645\\4e54\\2f63\\6172\\5f32\\3136\\0000\「\f840\さん！\f801\待ってたデス！」\f801\\ffff\</translate>
			</id>
			<id id="452">
				<origin>\f859\\0e00\\f81b\\565f\\4348\\4152\\5f31\\3935\\2f45\\5645\\4e54\\2f72\\6f62\\5f32\\3136\\0000\「オレたちも…協力しにきたぜ」\f801\\ffff\</origin>
				<translate>\f859\\0e00\\f81b\\565f\\4348\\4152\\5f31\\3935\\2f45\\5645\\4e54\\2f72\\6f62\\5f32\\3136\\0000\「オレたちも…協力しにきたぜ」\f801\\ffff\</translate>
			</id>
			<id id="453">
				<origin>笑顔を浮かべるカリスと\f801\どこかぶっきらぼうな様子のロブ。\f801\\ffff\</origin>
				<translate>笑顔を浮かべるカリスと\f801\どこかぶっきらぼうな様子のロブ。\f801\\ffff\</translate>
			</id>
			<id id="454">
				<origin>だが二人が姫と君たちの身を\f801\案じているのは確かな事だ。\f801\\f802\二人は君たちに同行を申し出る。\f801\もし望むなら、二人と一緒に\f801\遺跡を探索してもいい。\f801\\ffff\</origin>
				<translate>だが二人が姫と君たちの身を\f801\案じているのは確かな事だ。\f801\\f802\二人は君たちに同行を申し出る。\f801\もし望むなら、二人と一緒に\f801\遺跡を探索してもいい。\f801\\ffff\</translate>
			</id>
			<id id="455">
				<origin>\f804\\0500\どうしますか？\f804\\0000\\f801\カリスとロブを同行させる\f801\カリスとロブを同行させない\f801\\ffff\</origin>
				<translate>\f804\\0500\どうしますか？\f804\\0000\\f801\カリスとロブを同行させる\f801\カリスとロブを同行させない\f801\\ffff\</translate>
			</id>
			<id id="456">
				<origin>\f859\\0e00\\f81b\\565f\\4348\\4152\\5f31\\3935\\2f45\\5645\\4e54\\2f72\\6f62\\5f32\\3232\\0000\「フッ…、感謝するぞ\f840\」\f801\\ffff\</origin>
				<translate>\f859\\0e00\\f81b\\565f\\4348\\4152\\5f31\\3935\\2f45\\5645\\4e54\\2f72\\6f62\\5f32\\3232\\0000\「フッ…、感謝するぞ\f840\」\f801\\ffff\</translate>
			</id>
			<id id="457">
				<origin>\f859\\0d00\\f81b\\565f\\4348\\4152\\5f31\\3934\\2f45\\5645\\4e54\\2f63\\6172\\5f32\\3234\\0000\「そ、そんなー…かなしいデス……。\f801\だけど、仕方ないデス」\f801\\ffff\</origin>
				<translate>\f859\\0d00\\f81b\\565f\\4348\\4152\\5f31\\3934\\2f45\\5645\\4e54\\2f63\\6172\\5f32\\3234\\0000\「そ、そんなー…かなしいデス……。\f801\だけど、仕方ないデス」\f801\\ffff\</translate>
			</id>
			<id id="458">
				<origin>\f859\\0d00\「アタシたちはここで出来ることを\f801\やってるデス！」\f801\\f802\「…あ、もし『連れて行ってもいいかなー』\f801\ってなったら、教えて欲しいデス！」\f801\\ffff\</origin>
				<translate>\f859\\0d00\「アタシたちはここで出来ることを\f801\やってるデス！」\f801\\f802\「…あ、もし『連れて行ってもいいかなー』\f801\ってなったら、教えて欲しいデス！」\f801\\ffff\</translate>
			</id>
			<id id="459">
				<origin>\f859\\0d00\\f81b\\565f\\4348\\4152\\5f31\\3934\\2f45\\5645\\4e54\\2f63\\6172\\5f32\\3135\\0000\「あ、\f840\さん！\f801\お供させてくれるんデスか？」\f801\\ffff\</origin>
				<translate>\f859\\0d00\\f81b\\565f\\4348\\4152\\5f31\\3934\\2f45\\5645\\4e54\\2f63\\6172\\5f32\\3135\\0000\「あ、\f840\さん！\f801\お供させてくれるんデスか？」\f801\\ffff\</translate>
			</id>
			<id id="460"/>
			<id id="461"/>
			<id id="462"/>
			<id id="463"/>
			<id id="464"/>
			<id id="465"/>
			<id id="466"/>
			<id id="467"/>
			<id id="468"/>
			<id id="469"/>
			<id id="470"/>
			<id id="471"/>
			<id id="472"/>
			<id id="473"/>
			<id id="474"/>
			<id id="475"/>
			<id id="476"/>
			<id id="477"/>
			<id id="478"/>
			<id id="479"/>
			<id id="480"/>
			<id id="481"/>
			<id id="482"/>
			<id id="483"/>
			<id id="484"/>
			<id id="485"/>
			<id id="486"/>
			<id id="487"/>
			<id id="488"/>
			<id id="489"/>
			<id id="490"/>
			<id id="491"/>
			<id id="492"/>
			<id id="493"/>
			<id id="494"/>
			<id id="495"/>
			<id id="496"/>
			<id id="497"/>
			<id id="498"/>
			<id id="499"/>
			<id id="500">
				<origin>遺跡を歩く君たちの前に\f801\更なる深層に続く階段が姿を現す。\f801\\f802\やっと次の階に行ける…そう感じ\f801\一瞬意識を緩めた君たちに向かい\f801\不意に現れた魔物が突撃してくる。\f801\\ffff\</origin>
				<translate>遺跡を歩く君たちの前に\f801\更なる深層に続く階段が姿を現す。\f801\\f802\やっと次の階に行ける…そう感じ\f801\一瞬意識を緩めた君たちに向かい\f801\不意に現れた魔物が突撃してくる。\f801\\ffff\</translate>
			</id>
			<id id="501">
				<origin>\f859\\0d00\\f81b\\565f\\4348\\4152\\5f31\\3934\\2f45\\5645\\4e54\\2f63\\6172\\5f32\\3237\\0000\「危ない！」\f801\\ffff\</origin>
				<translate>\f859\\0d00\\f81b\\565f\\4348\\4152\\5f31\\3934\\2f45\\5645\\4e54\\2f63\\6172\\5f32\\3237\\0000\「危ない！」\f801\\ffff\</translate>
			</id>
			<id id="502">
				<origin>魔物と君たちの間にカリスが割って入る！\f801\魔物の攻撃は彼女の盾で防がれる！\f801\\ffff\</origin>
				<translate>魔物と君たちの間にカリスが割って入る！\f801\魔物の攻撃は彼女の盾で防がれる！\f801\\ffff\</translate>
			</id>
			<id id="503">
				<origin>\f859\\0d00\「大丈夫デスか、\f840\さん？」\f801\\ffff\</origin>
				<translate>\f859\\0d00\「大丈夫デスか、\f840\さん？」\f801\\ffff\</translate>
			</id>
			<id id="504">
				<origin>そう叫ぶカリスだが\f801\魔物の攻撃は盾で留まらず\f801\カリスの体から鮮血を散らす！\f801\\ffff\</origin>
				<translate>そう叫ぶカリスだが\f801\魔物の攻撃は盾で留まらず\f801\カリスの体から鮮血を散らす！\f801\\ffff\</translate>
			</id>
			<id id="505">
				<origin>\f859\\0e00\「てやっ！」\f801\\ffff\</origin>
				<translate>\f859\\0e00\「てやっ！」\f801\\ffff\</translate>
			</id>
			<id id="506">
				<origin>カリスをかばうように\f801\ロブが鋭い攻撃を放ち魔物を倒す！\f801\\ffff\</origin>
				<translate>カリスをかばうように\f801\ロブが鋭い攻撃を放ち魔物を倒す！\f801\\ffff\</translate>
			</id>
			<id id="507">
				<origin>\f859\\0d00\\f81b\\565f\\4348\\4152\\5f31\\3934\\2f45\\5645\\4e54\\2f63\\6172\\5f32\\3235\\0000\「ロブ…ありがとうデス！」\f801\\ffff\</origin>
				<translate>\f859\\0d00\\f81b\\565f\\4348\\4152\\5f31\\3934\\2f45\\5645\\4e54\\2f63\\6172\\5f32\\3235\\0000\「ロブ…ありがとうデス！」\f801\\ffff\</translate>
			</id>
			<id id="508">
				<origin>傷ついたカリスに近づくと\f801\ロブは君たちに向かい言葉を発する。\f801\\ffff\</origin>
				<translate>傷ついたカリスに近づくと\f801\ロブは君たちに向かい言葉を発する。\f801\\ffff\</translate>
			</id>
			<id id="509">
				<origin>\f859\\0e00\\f81b\\565f\\4348\\4152\\5f31\\3935\\2f45\\5645\\4e54\\2f72\\6f62\\5f32\\3230\\0000\「悪いがオレたちはここまでにさせてくれ。\f801\こいつのケガ…一度街まで戻って\f801\手当てをしたほうがよさそうだ」\f801\\ffff\</origin>
				<translate>\f859\\0e00\\f81b\\565f\\4348\\4152\\5f31\\3935\\2f45\\5645\\4e54\\2f72\\6f62\\5f32\\3230\\0000\「悪いがオレたちはここまでにさせてくれ。\f801\こいつのケガ…一度街まで戻って\f801\手当てをしたほうがよさそうだ」\f801\\ffff\</translate>
			</id>
			<id id="510">
				<origin>自分は大丈夫だというカリスだが\f801\確かにそのケガは深く見える。\f801\\f802\君たちはここまでついてきた\f801\二人に礼をいうと、\f801\この先へと進むことにする。\f801\\ffff\</origin>
				<translate>自分は大丈夫だというカリスだが\f801\確かにそのケガは深く見える。\f801\\f802\君たちはここまでついてきた\f801\二人に礼をいうと、\f801\この先へと進むことにする。\f801\\ffff\</translate>
			</id>
			<id id="511"/>
			<id id="512"/>
			<id id="513"/>
			<id id="514"/>
			<id id="515"/>
			<id id="516"/>
			<id id="517"/>
			<id id="518"/>
			<id id="519"/>
			<id id="520"/>
			<id id="521"/>
			<id id="522"/>
			<id id="523"/>
			<id id="524"/>
			<id id="525"/>
			<id id="526"/>
			<id id="527"/>
			<id id="528"/>
			<id id="529"/>
			<id id="530"/>
			<id id="531"/>
			<id id="532"/>
			<id id="533"/>
			<id id="534"/>
			<id id="535"/>
			<id id="536"/>
			<id id="537"/>
			<id id="538"/>
			<id id="539"/>
			<id id="540"/>
			<id id="541"/>
			<id id="542"/>
			<id id="543"/>
			<id id="544"/>
			<id id="545"/>
			<id id="546"/>
			<id id="547"/>
			<id id="548"/>
			<id id="549"/>
			<id id="550">
				<origin>遺跡を探索する君たちは、\f801\階段を下って新しい階に到着する。\f801\\f802\すると、そんな君たちの前に\f801\見覚えのある二人と一匹が現れる。\f801\\ffff\</origin>
				<translate>遺跡を探索する君たちは、\f801\階段を下って新しい階に到着する。\f801\\f802\すると、そんな君たちの前に\f801\見覚えのある二人と一匹が現れる。\f801\\ffff\</translate>
			</id>
			<id id="551">
				<origin>\f859\\1300\\f81b\\565f\\4348\\4152\\5f31\\3936\\2f45\\5645\\4e54\\2f65\\6e72\\5f32\\3136\\0000\「フフッ、主役は遅れてくるものよ」\f801\\ffff\</origin>
				<translate>\f859\\1300\\f81b\\565f\\4348\\4152\\5f31\\3936\\2f45\\5645\\4e54\\2f65\\6e72\\5f32\\3136\\0000\「フフッ、主役は遅れてくるものよ」\f801\\ffff\</translate>
			</id>
			<id id="552">
				<origin>そう告げて笑うのはエンリーカ。\f801\その横でヤレヤレと苦笑しているのは\f801\アーテリンデとクロガネＪｒ．だ。\f801\\ffff\</origin>
				<translate>そう告げて笑うのはエンリーカ。\f801\その横でヤレヤレと苦笑しているのは\f801\アーテリンデとクロガネＪｒ．だ。\f801\\ffff\</translate>
			</id>
			<id id="553">
				<origin>\f859\\1200\「ヨルムンガンドに立ち向かう冒険、\f801\あたしたちにも協力させてほしい。\f801\少しでも…君たちの役に立ちたいんだ」\f801\\ffff\</origin>
				<translate>\f859\\1200\「ヨルムンガンドに立ち向かう冒険、\f801\あたしたちにも協力させてほしい。\f801\少しでも…君たちの役に立ちたいんだ」\f801\\ffff\</translate>
			</id>
			<id id="554">
				<origin>アーテリンデは真剣な表情でそう告げる。\f801\もし望むなら、二人と一匹を\f801\同行させてもいい。\f801\\ffff\</origin>
				<translate>アーテリンデは真剣な表情でそう告げる。\f801\もし望むなら、二人と一匹を\f801\同行させてもいい。\f801\\ffff\</translate>
			</id>
			<id id="555">
				<origin>\f804\\0500\どうしますか？\f804\\0000\\f801\エンリーカたちを同行させる\f801\エンリーカたちを同行させない\f801\\ffff\</origin>
				<translate>\f804\\0500\どうしますか？\f804\\0000\\f801\エンリーカたちを同行させる\f801\エンリーカたちを同行させない\f801\\ffff\</translate>
			</id>
			<id id="556">
				<origin>\f859\\1300\\f81b\\565f\\4348\\4152\\5f31\\3936\\2f45\\5645\\4e54\\2f65\\6e72\\5f32\\3230\\0000\「とーぜんよね！\f801\ほら\f840\、グズグズしないで\f801\行きましょう！」\f801\\ffff\</origin>
				<translate>\f859\\1300\\f81b\\565f\\4348\\4152\\5f31\\3936\\2f45\\5645\\4e54\\2f65\\6e72\\5f32\\3230\\0000\「とーぜんよね！\f801\ほら\f840\、グズグズしないで\f801\行きましょう！」\f801\\ffff\</translate>
			</id>
			<id id="557">
				<origin>\f859\\1300\\f81b\\565f\\4348\\4152\\5f31\\3936\\2f45\\5645\\4e54\\2f65\\6e72\\5f32\\3238\\0000\「え！？ ちょっと…」\f801\\ffff\</origin>
				<translate>\f859\\1300\\f81b\\565f\\4348\\4152\\5f31\\3936\\2f45\\5645\\4e54\\2f65\\6e72\\5f32\\3238\\0000\「え！？ ちょっと…」\f801\\ffff\</translate>
			</id>
			<id id="558">
				<origin>もの言いたげなエンリーカを\f801\アーテリンデが制す。\f801\\ffff\</origin>
				<translate>もの言いたげなエンリーカを\f801\アーテリンデが制す。\f801\\ffff\</translate>
			</id>
			<id id="559">
				<origin>\f859\\1200\\f81b\\565f\\4348\\4152\\5f31\\3937\\2f45\\5645\\4e54\\2f61\\7472\\5f32\\3231\\0000\「…わかったわ\f840\、\f801\君たちがそう言うなら\f801\私たちはここにいる」\f801\\ffff\</origin>
				<translate>\f859\\1200\\f81b\\565f\\4348\\4152\\5f31\\3937\\2f45\\5645\\4e54\\2f61\\7472\\5f32\\3231\\0000\「…わかったわ\f840\、\f801\君たちがそう言うなら\f801\私たちはここにいる」\f801\\ffff\</translate>
			</id>
			<id id="560">
				<origin>\f859\\1300\\f81b\\565f\\4348\\4152\\5f31\\3936\\2f45\\5645\\4e54\\2f65\\6e72\\5f32\\3234\\0000\「もー……仕方ないわね。\f801\アーテリンデがそう言うならそうするわ」\f801\\f802\「でも、後で\f840\が私たちと\f801\一緒に行きたくなった時のために\f801\待つとしましょう」\f801\\ffff\</origin>
				<translate>\f859\\1300\\f81b\\565f\\4348\\4152\\5f31\\3936\\2f45\\5645\\4e54\\2f65\\6e72\\5f32\\3234\\0000\「もー……仕方ないわね。\f801\アーテリンデがそう言うならそうするわ」\f801\\f802\「でも、後で\f840\が私たちと\f801\一緒に行きたくなった時のために\f801\待つとしましょう」\f801\\ffff\</translate>
			</id>
			<id id="561">
				<origin>\f859\\1300\\f81b\\565f\\4348\\4152\\5f31\\3936\\2f45\\5645\\4e54\\2f65\\6e72\\5f32\\3134\\0000\「あ、\f840\！\f801\私たちを連れて行く気になったの？」\f801\\ffff\</origin>
				<translate>\f859\\1300\\f81b\\565f\\4348\\4152\\5f31\\3936\\2f45\\5645\\4e54\\2f65\\6e72\\5f32\\3134\\0000\「あ、\f840\！\f801\私たちを連れて行く気になったの？」\f801\\ffff\</translate>
			</id>
			<id id="562"/>
			<id id="563"/>
			<id id="564"/>
			<id id="565"/>
			<id id="566"/>
			<id id="567"/>
			<id id="568"/>
			<id id="569"/>
			<id id="570"/>
			<id id="571"/>
			<id id="572"/>
			<id id="573"/>
			<id id="574"/>
			<id id="575"/>
			<id id="576"/>
			<id id="577"/>
			<id id="578"/>
			<id id="579"/>
			<id id="580"/>
			<id id="581"/>
			<id id="582"/>
			<id id="583"/>
			<id id="584"/>
			<id id="585"/>
			<id id="586"/>
			<id id="587"/>
			<id id="588"/>
			<id id="589"/>
			<id id="590"/>
			<id id="591"/>
			<id id="592"/>
			<id id="593"/>
			<id id="594"/>
			<id id="595"/>
			<id id="596"/>
			<id id="597"/>
			<id id="598"/>
			<id id="599"/>
			<id id="600">
				<origin>遺跡を歩く君たちがまた一つ扉を抜けた時\f801\不意に大きく大地が揺れる…。\f801\\ffff\</origin>
				<translate>遺跡を歩く君たちがまた一つ扉を抜けた時\f801\不意に大きく大地が揺れる…。\f801\\ffff\</translate>
			</id>
			<id id="601">
				<origin>\f859\\1300\\f81b\\565f\\4348\\4152\\5f31\\3936\\2f45\\5645\\4e54\\2f65\\6e72\\5f32\\3234\\0000\「これは…ヨルムンガンドの影響？」\f801\\ffff\</origin>
				<translate>\f859\\1300\\f81b\\565f\\4348\\4152\\5f31\\3936\\2f45\\5645\\4e54\\2f65\\6e72\\5f32\\3234\\0000\「これは…ヨルムンガンドの影響？」\f801\\ffff\</translate>
			</id>
			<id id="602">
				<origin>周囲を見回し呟くエンリーカに対し\f801\奥の扉を睨むアーテリンデが言葉を発する。\f801\\ffff\</origin>
				<translate>周囲を見回し呟くエンリーカに対し\f801\奥の扉を睨むアーテリンデが言葉を発する。\f801\\ffff\</translate>
			</id>
			<id id="603">
				<origin>\f859\\1200\\f81b\\565f\\4348\\4152\\5f31\\3937\\2f45\\5645\\4e54\\2f61\\7472\\5f32\\3138\\0000\「ええ、どうやら…近くまで来たようです。\f801\扉の向こうから異質な気配を感じます……」\f801\\ffff\</origin>
				<translate>\f859\\1200\\f81b\\565f\\4348\\4152\\5f31\\3937\\2f45\\5645\\4e54\\2f61\\7472\\5f32\\3138\\0000\「ええ、どうやら…近くまで来たようです。\f801\扉の向こうから異質な気配を感じます……」\f801\\ffff\</translate>
			</id>
			<id id="604">
				<origin>緊張した様子のアーテリンデは\f801\君たちに向かい顔を寄せる。\f801\\ffff\</origin>
				<translate>緊張した様子のアーテリンデは\f801\君たちに向かい顔を寄せる。\f801\\ffff\</translate>
			</id>
			<id id="605">
				<origin>\f859\\1200\「\f840\、あたしたちの同行は\f801\ここまでにしたほうがよさそうだ。\f801\これ以上は…役に立てそうにない」\f801\\ffff\</origin>
				<translate>\f859\\1200\「\f840\、あたしたちの同行は\f801\ここまでにしたほうがよさそうだ。\f801\これ以上は…役に立てそうにない」\f801\\ffff\</translate>
			</id>
			<id id="606">
				<origin>それを聞き、不服そうな顔をする\f801\エンリーカだが足手まといになると知り\f801\しぶしぶ同意する。\f801\\ffff\</origin>
				<translate>それを聞き、不服そうな顔をする\f801\エンリーカだが足手まといになると知り\f801\しぶしぶ同意する。\f801\\ffff\</translate>
			</id>
			<id id="607">
				<origin>\f859\\1300\\f81b\\565f\\4348\\4152\\5f31\\3936\\2f45\\5645\\4e54\\2f65\\6e72\\5f32\\3231\\0000\「わかったわ。じゃあここで待ってるから…\f801\\f840\、頑張りなさいっ！」\f801\\ffff\</origin>
				<translate>\f859\\1300\\f81b\\565f\\4348\\4152\\5f31\\3936\\2f45\\5645\\4e54\\2f65\\6e72\\5f32\\3231\\0000\「わかったわ。じゃあここで待ってるから…\f801\\f840\、頑張りなさいっ！」\f801\\ffff\</translate>
			</id>
			<id id="608">
				<origin>エンリーカとアーテリンデ\f801\そしてクロガネＪｒ．が見守る中\f801\君たちは最後の決戦に向けて先へ進む。\f801\\ffff\</origin>
				<translate>エンリーカとアーテリンデ\f801\そしてクロガネＪｒ．が見守る中\f801\君たちは最後の決戦に向けて先へ進む。\f801\\ffff\</translate>
			</id>
			<id id="609">
				<origin>それはこの先に待ち構えているものの\f801\力を物語っているようにも感じた。\f801\\f802\決戦の時は近いのだろう、\f801\気を引き締めて進みたまえ！\f801\\ffff\</origin>
				<translate>それはこの先に待ち構えているものの\f801\力を物語っているようにも感じた。\f801\\f802\決戦の時は近いのだろう、\f801\気を引き締めて進みたまえ！\f801\\ffff\</translate>
			</id>
			<id id="610"/>
			<id id="611"/>
			<id id="612"/>
			<id id="613"/>
			<id id="614"/>
			<id id="615"/>
			<id id="616"/>
			<id id="617"/>
			<id id="618"/>
			<id id="619"/>
			<id id="620"/>
			<id id="621"/>
			<id id="622"/>
			<id id="623"/>
			<id id="624"/>
			<id id="625"/>
			<id id="626"/>
			<id id="627"/>
			<id id="628"/>
			<id id="629"/>
			<id id="630"/>
			<id id="631"/>
			<id id="632"/>
			<id id="633"/>
			<id id="634"/>
			<id id="635"/>
			<id id="636"/>
			<id id="637"/>
			<id id="638"/>
			<id id="639"/>
			<id id="640"/>
			<id id="641"/>
			<id id="642"/>
			<id id="643"/>
			<id id="644"/>
			<id id="645"/>
			<id id="646"/>
			<id id="647"/>
			<id id="648"/>
			<id id="649"/>
			<id id="650">
				<origin>君たちは遺跡最深部へとつながる\f801\特別な扉の前に立っている。\f801\\f802\ヨルムンガンドのものだろうか？\f801\内部からは禍々しい気配が扉を通して\f801\伝わってくる。\f801\\f802\今まで君たちが経験したいかなる敵よりも\f801\強大な存在が、この中で待ち受けている。\f801\\f802\準備はいいか？\f801\やり残したことはないか？\f801\\f802\覚悟が決まったら、この扉を開きたまえ。\f801\\ffff\</origin>
				<translate>君たちは遺跡最深部へとつながる\f801\特別な扉の前に立っている。\f801\\f802\ヨルムンガンドのものだろうか？\f801\内部からは禍々しい気配が扉を通して\f801\伝わってくる。\f801\\f802\今まで君たちが経験したいかなる敵よりも\f801\強大な存在が、この中で待ち受けている。\f801\\f802\準備はいいか？\f801\やり残したことはないか？\f801\\f802\覚悟が決まったら、この扉を開きたまえ。\f801\\ffff\</translate>
			</id>
			<id id="651"/>
			<id id="652"/>
			<id id="653"/>
			<id id="654"/>
			<id id="655"/>
			<id id="656"/>
			<id id="657"/>
			<id id="658"/>
			<id id="659"/>
			<id id="660"/>
			<id id="661"/>
			<id id="662"/>
			<id id="663"/>
			<id id="664"/>
			<id id="665"/>
			<id id="666"/>
			<id id="667"/>
			<id id="668"/>
			<id id="669"/>
			<id id="670"/>
			<id id="671"/>
			<id id="672"/>
			<id id="673"/>
			<id id="674"/>
			<id id="675"/>
			<id id="676"/>
			<id id="677"/>
			<id id="678"/>
			<id id="679"/>
			<id id="680"/>
			<id id="681"/>
			<id id="682"/>
			<id id="683"/>
			<id id="684"/>
			<id id="685"/>
			<id id="686"/>
			<id id="687"/>
			<id id="688"/>
			<id id="689"/>
			<id id="690"/>
			<id id="691"/>
			<id id="692"/>
			<id id="693"/>
			<id id="694"/>
			<id id="695"/>
			<id id="696"/>
			<id id="697"/>
			<id id="698"/>
			<id id="699"/>
			<id id="700">
				<origin>扉を抜けた君たちは、倒れた一人の青年と\f801\その傍らに座り込む女性の姿を発見する。\f801\\f802\それは傷つき倒れている\f801\カースメーカーのブロートと\f801\それを見つめるペルセフォネ姫だった。\f801\\ffff\</origin>
				<translate>扉を抜けた君たちは、倒れた一人の青年と\f801\その傍らに座り込む女性の姿を発見する。\f801\\f802\それは傷つき倒れている\f801\カースメーカーのブロートと\f801\それを見つめるペルセフォネ姫だった。\f801\\ffff\</translate>
			</id>
			<id id="701">
				<origin>\f859\\0500\\f81b\\565f\\4348\\4152\\5f31\\3035\\2f45\\5645\\4e54\\2f67\\6f76\\5f32\\3131\\0000\「…\f840\！？」\f801\\ffff\</origin>
				<translate>\f859\\0500\\f81b\\565f\\4348\\4152\\5f31\\3035\\2f45\\5645\\4e54\\2f67\\6f76\\5f32\\3131\\0000\「…\f840\！？」\f801\\ffff\</translate>
			</id>
			<id id="702">
				<origin>君たちを見て、驚いた声を姫があげる。\f801\\ffff\</origin>
				<translate>君たちを見て、驚いた声を姫があげる。\f801\\ffff\</translate>
			</id>
			<id id="703">
				<origin>\f859\\0500\「汝らがなぜここに？」\f801\\ffff\</origin>
				<translate>\f859\\0500\「汝らがなぜここに？」\f801\\ffff\</translate>
			</id>
			<id id="704">
				<origin>姫はそう問いかけるも、君たちの視線に\f801\気づくと俯いて言葉を続ける。\f801\\ffff\</origin>
				<translate>姫はそう問いかけるも、君たちの視線に\f801\気づくと俯いて言葉を続ける。\f801\\ffff\</translate>
			</id>
			<id id="705">
				<origin>\f859\\0500\「ああ、彼は…ブロートは\f801\ヨルムンガンドの復活を\f801\自らの目で確かめるため、ここに来たのだ」\f801\\ffff\</origin>
				<translate>\f859\\0500\「ああ、彼は…ブロートは\f801\ヨルムンガンドの復活を\f801\自らの目で確かめるため、ここに来たのだ」\f801\\ffff\</translate>
			</id>
			<id id="706">
				<origin>\f859\\0500\「彼らが望んだ未来…\f801\人を恐怖でまとめあげる力が\f801\本当にあるのかどうか知りたいといってな」\f801\\ffff\</origin>
				<translate>\f859\\0500\「彼らが望んだ未来…\f801\人を恐怖でまとめあげる力が\f801\本当にあるのかどうか知りたいといってな」\f801\\ffff\</translate>
			</id>
			<id id="707">
				<origin>\f859\\0500\\f81b\\565f\\4348\\4152\\5f31\\3035\\2f53\\5953\\5445\\4d2f\\4d45\\4e55\\5f54\\4f50\\2f67\\6f76\\5f30\\3430\\0000\「ヨルムンガンドを封じるつもりだと\f801\告げる私に激昂し、そんな事は許さないと\f801\叫んだ時…地下からヤツが現れたのだ」\f801\\f802\「レムリアの民を守る兵器\f801\ヨルムンガンドが……」\f801\\ffff\</origin>
				<translate>\f859\\0500\\f81b\\565f\\4348\\4152\\5f31\\3035\\2f53\\5953\\5445\\4d2f\\4d45\\4e55\\5f54\\4f50\\2f67\\6f76\\5f30\\3430\\0000\「ヨルムンガンドを封じるつもりだと\f801\告げる私に激昂し、そんな事は許さないと\f801\叫んだ時…地下からヤツが現れたのだ」\f801\\f802\「レムリアの民を守る兵器\f801\ヨルムンガンドが……」\f801\\ffff\</translate>
			</id>
			<id id="708">
				<origin>\f859\\0500\「ヨルムンガンドの一撃で\f801\カースメーカーのブロートは\f801\ひん死の重傷を負った…」\f801\\ffff\</origin>
				<translate>\f859\\0500\「ヨルムンガンドの一撃で\f801\カースメーカーのブロートは\f801\ひん死の重傷を負った…」\f801\\ffff\</translate>
			</id>
			<id id="709">
				<origin>\f859\\0500\「傷ついた兄を庇おうとした弟も\f801\ヨルムンガンドの次の一撃を受け…\f801\そのまま地下深くに消えてしまった」\f801\\ffff\</origin>
				<translate>\f859\\0500\「傷ついた兄を庇おうとした弟も\f801\ヨルムンガンドの次の一撃を受け…\f801\そのまま地下深くに消えてしまった」\f801\\ffff\</translate>
			</id>
			<id id="710">
				<origin>\f859\\0500\「傷ついたブロートは…笑っていた。\f801\『この力、これこそ人類を平和に導く力だ。\f801\姫よ、この力の使い方を誤るな』と」\f801\\ffff\</origin>
				<translate>\f859\\0500\「傷ついたブロートは…笑っていた。\f801\『この力、これこそ人類を平和に導く力だ。\f801\姫よ、この力の使い方を誤るな』と」\f801\\ffff\</translate>
			</id>
			<id id="711">
				<origin>\f859\\0500\「そう告げて、彼は死んだ。\f801\自身の考えに従って行動したのだ。\f801\満足の行く最期だったのだろう」\f801\\ffff\</origin>
				<translate>\f859\\0500\「そう告げて、彼は死んだ。\f801\自身の考えに従って行動したのだ。\f801\満足の行く最期だったのだろう」\f801\\ffff\</translate>
			</id>
			<id id="712">
				<origin>\f859\\0500\「だが、やはり私には\f801\彼らのやり方が正しいとは思えぬ」\f801\\ffff\</origin>
				<translate>\f859\\0500\「だが、やはり私には\f801\彼らのやり方が正しいとは思えぬ」\f801\\ffff\</translate>
			</id>
			<id id="713">
				<origin>\f859\\0500\「恐怖で人を団結させるのも\f801\その為に犠牲を生むのも、どちらも\f801\私は間違っていると思うのだ」\f801\\ffff\</origin>
				<translate>\f859\\0500\「恐怖で人を団結させるのも\f801\その為に犠牲を生むのも、どちらも\f801\私は間違っていると思うのだ」\f801\\ffff\</translate>
			</id>
			<id id="714">
				<origin>\f859\\0500\「\f840\よ\f801\私は今から奴を封印する」\f801\\ffff\</origin>
				<translate>\f859\\0500\「\f840\よ\f801\私は今から奴を封印する」\f801\\ffff\</translate>
			</id>
			<id id="715">
				<origin>\f859\\0500\「汝らがここに来る必要はない。\f801\案じてくれるのは嬉しいが…帰るがいい」\f801\\ffff\</origin>
				<translate>\f859\\0500\「汝らがここに来る必要はない。\f801\案じてくれるのは嬉しいが…帰るがいい」\f801\\ffff\</translate>
			</id>
			<id id="716">
				<origin>そう告げるペルセフォネに、君たちは\f801\目覚めたばかりのヨルムンガンドを\f801\打ち倒すことを告げる。\f801\\ffff\</origin>
				<translate>そう告げるペルセフォネに、君たちは\f801\目覚めたばかりのヨルムンガンドを\f801\打ち倒すことを告げる。\f801\\ffff\</translate>
			</id>
			<id id="717">
				<origin>\f859\\0500\「バカな……。\f801\ヤツを人の身で倒すというのか…」\f801\\f802\「ヨルムンガンドを作った者たちですら\f801\倒すことを諦めたあの恐るべき兵器を……」\f801\\ffff\</origin>
				<translate>\f859\\0500\「バカな……。\f801\ヤツを人の身で倒すというのか…」\f801\\f802\「ヨルムンガンドを作った者たちですら\f801\倒すことを諦めたあの恐るべき兵器を……」\f801\\ffff\</translate>
			</id>
			<id id="718">
				<origin>驚くペルセフォネだが\f801\君たちの決意に満ちた表情を見つめた後\f801\納得したかのように大きく頷く。\f801\\ffff\</origin>
				<translate>驚くペルセフォネだが\f801\君たちの決意に満ちた表情を見つめた後\f801\納得したかのように大きく頷く。\f801\\ffff\</translate>
			</id>
			<id id="719">
				<origin>\f859\\0500\\f81b\\565f\\4348\\4152\\5f31\\3035\\2f45\\5645\\4e54\\2f67\\6f76\\5f32\\3037\\0000\「まったく…汝らは\f801\私の想像をはるかに超えた事をしてくれる」\f801\\ffff\</origin>
				<translate>\f859\\0500\\f81b\\565f\\4348\\4152\\5f31\\3035\\2f45\\5645\\4e54\\2f67\\6f76\\5f32\\3037\\0000\「まったく…汝らは\f801\私の想像をはるかに超えた事をしてくれる」\f801\\ffff\</translate>
			</id>
			<id id="720">
				<origin>\f859\\0500\「……よし、では\f840\よ。\f801\ここで最終ミッションを発令する！」\f801\\ffff\</origin>
				<translate>\f859\\0500\「……よし、では\f840\よ。\f801\ここで最終ミッションを発令する！」\f801\\ffff\</translate>
			</id>
			<id id="721">
				<origin>\f859\\0500\\f81b\\565f\\4348\\4152\\5f31\\3035\\2f45\\5645\\4e54\\2f4d\\4953\\5349\\4f4e\\2f52\\4543\\5f4c\\4153\\542f\\676f\\765f\\3130\\3800\\0000\「古の過ちを正し、人類の未来を守るために\f801\全力をもってヨルムンガンドを撃破せよ！」\f801\\ffff\</origin>
				<translate>\f859\\0500\\f81b\\565f\\4348\\4152\\5f31\\3035\\2f45\\5645\\4e54\\2f4d\\4953\\5349\\4f4e\\2f52\\4543\\5f4c\\4153\\542f\\676f\\765f\\3130\\3800\\0000\「古の過ちを正し、人類の未来を守るために\f801\全力をもってヨルムンガンドを撃破せよ！」\f801\\ffff\</translate>
			</id>
			<id id="722">
				<origin>\f804\\0500\何と答えますか？\f804\\0000\\f801\すでにミッションは受けていると告げる\f801\ミュラーと同じようなセリフですと教える\f801\\ffff\</origin>
				<translate>\f804\\0500\何と答えますか？\f804\\0000\\f801\すでにミッションは受けていると告げる\f801\ミュラーと同じようなセリフですと教える\f801\\ffff\</translate>
			</id>
			<id id="723">
				<origin>\f859\\0500\\f81b\\565f\\4348\\4152\\5f31\\3035\\2f53\\5953\\5445\\4d2f\\5245\\504f\\5254\\2f67\\6f76\\5f31\\3235\\0000\「何？ 司令部でミュラーから\f801\同じようにミッションを受けた、だと？」\f801\\ffff\</origin>
				<translate>\f859\\0500\\f81b\\565f\\4348\\4152\\5f31\\3035\\2f53\\5953\\5445\\4d2f\\5245\\504f\\5254\\2f67\\6f76\\5f31\\3235\\0000\「何？ 司令部でミュラーから\f801\同じようにミッションを受けた、だと？」\f801\\ffff\</translate>
			</id>
			<id id="724">
				<origin>\f859\\0500\\f81b\\565f\\4348\\4152\\5f31\\3035\\2f45\\5645\\4e54\\2f67\\6f76\\5f32\\3031\\0000\「フフッ、つい普段のクセでな…」\f801\\ffff\</origin>
				<translate>\f859\\0500\\f81b\\565f\\4348\\4152\\5f31\\3035\\2f45\\5645\\4e54\\2f67\\6f76\\5f32\\3031\\0000\「フフッ、つい普段のクセでな…」\f801\\ffff\</translate>
			</id>
			<id id="725">
				<origin>照れたように笑うペルセフォネは\f801\そのまま柔らかい笑顔を浮かべて\f801\君たちに声をかける。\f801\\ffff\</origin>
				<translate>照れたように笑うペルセフォネは\f801\そのまま柔らかい笑顔を浮かべて\f801\君たちに声をかける。\f801\\ffff\</translate>
			</id>
			<id id="726">
				<origin>\f859\\0500\\f81b\\565f\\4348\\4152\\5f31\\3035\\2f53\\5953\\5445\\4d2f\\4558\\4954\\335f\\4e4f\\524d\\414c\\2f67\\6f76\\5f30\\3238\\0000\「\f840\、頼んだぞ」\f801\\ffff\</origin>
				<translate>\f859\\0500\\f81b\\565f\\4348\\4152\\5f31\\3035\\2f53\\5953\\5445\\4d2f\\4558\\4954\\335f\\4e4f\\524d\\414c\\2f67\\6f76\\5f30\\3238\\0000\「\f840\、頼んだぞ」\f801\\ffff\</translate>
			</id>
			<id id="727">
				<origin>頷く君たちの耳に、地下から大きな何かが\f801\動く音が響いてくる…。\f801\\ffff\</origin>
				<translate>頷く君たちの耳に、地下から大きな何かが\f801\動く音が響いてくる…。\f801\\ffff\</translate>
			</id>
			<id id="728">
				<origin>君たちを侵入者と判断したヨルムンガンドが\f801\その排除のため向かってきたのだ！\f801\\ffff\</origin>
				<translate>君たちを侵入者と判断したヨルムンガンドが\f801\その排除のため向かってきたのだ！\f801\\ffff\</translate>
			</id>
			<id id="729"/>
			<id id="730"/>
			<id id="731"/>
			<id id="732"/>
			<id id="733"/>
			<id id="734"/>
			<id id="735"/>
			<id id="736"/>
			<id id="737"/>
			<id id="738"/>
			<id id="739"/>
			<id id="740"/>
			<id id="741"/>
			<id id="742"/>
			<id id="743"/>
			<id id="744"/>
			<id id="745"/>
			<id id="746"/>
			<id id="747"/>
			<id id="748"/>
			<id id="749"/>
			<id id="750">
				<origin>冒険者の決死の一撃を受けた世界蛇は\f801\苦しげに俯き、その巨体をくねらせる。\f801\\f802\その口からはレムリア全土に響く\f801\大きな断末魔の叫びが漏れる。\f801\\f802\全身からもうもうと瘴気の煙を上げ\f801\ヨルムンガンドの体はゆっくりと\f801\地の底へと沈んでいく…。\f801\\ffff\</origin>
				<translate>冒険者の決死の一撃を受けた世界蛇は\f801\苦しげに俯き、その巨体をくねらせる。\f801\\f802\その口からはレムリア全土に響く\f801\大きな断末魔の叫びが漏れる。\f801\\f802\全身からもうもうと瘴気の煙を上げ\f801\ヨルムンガンドの体はゆっくりと\f801\地の底へと沈んでいく…。\f801\\ffff\</translate>
			</id>
			<id id="751">
				<origin>\f859\\0500\\f81b\\565f\\4348\\4152\\5f31\\3035\\2f53\\5953\\5445\\4d2f\\5245\\504f\\5254\\322f\\676f\\765f\\3133\\3900\\0000\「これが……冒険者の力か……」\f801\\ffff\</origin>
				<translate>\f859\\0500\\f81b\\565f\\4348\\4152\\5f31\\3035\\2f53\\5953\\5445\\4d2f\\5245\\504f\\5254\\322f\\676f\\765f\\3133\\3900\\0000\「これが……冒険者の力か……」\f801\\ffff\</translate>
			</id>
			<id id="752">
				<origin>落下する世界蛇を見送ったペルセフォネが\f801\ゆっくりと振り向くと笑顔を浮かべる。\f801\\ffff\</origin>
				<translate>落下する世界蛇を見送ったペルセフォネが\f801\ゆっくりと振り向くと笑顔を浮かべる。\f801\\ffff\</translate>
			</id>
			<id id="753">
				<origin>\f859\\0500\\f81b\\565f\\4348\\4152\\5f31\\3035\\2f53\\5953\\5445\\4d2f\\5245\\504f\\5254\\322f\\676f\\765f\\3134\\3000\\0000\「フフッ、思えば初めから終わりまで…\f801\いつも助けてもらってきたな」\f801\\ffff\</origin>
				<translate>\f859\\0500\\f81b\\565f\\4348\\4152\\5f31\\3035\\2f53\\5953\\5445\\4d2f\\5245\\504f\\5254\\322f\\676f\\765f\\3134\\3000\\0000\「フフッ、思えば初めから終わりまで…\f801\いつも助けてもらってきたな」\f801\\ffff\</translate>
			</id>
			<id id="754">
				<origin>彼女はゆっくりと近づいてくると\f801\感謝の念を込めて君たちを抱きしめる。\f801\\ffff\</origin>
				<translate>彼女はゆっくりと近づいてくると\f801\感謝の念を込めて君たちを抱きしめる。\f801\\ffff\</translate>
			</id>
			<id id="755">
				<origin>\f859\\0500\\f81b\\565f\\4348\\4152\\5f31\\3035\\2f53\\5953\\5445\\4d2f\\5245\\504f\\5254\\322f\\676f\\765f\\3134\\3100\\0000\「ありがとう、\f840\。\f801\感謝しているよ。汝らが世界と…\f801\そして私を、救ってくれたのだから」\f801\\ffff\</origin>
				<translate>\f859\\0500\\f81b\\565f\\4348\\4152\\5f31\\3035\\2f53\\5953\\5445\\4d2f\\5245\\504f\\5254\\322f\\676f\\765f\\3134\\3100\\0000\「ありがとう、\f840\。\f801\感謝しているよ。汝らが世界と…\f801\そして私を、救ってくれたのだから」\f801\\ffff\</translate>
			</id>
			<id id="756"/>
			<id id="757"/>
			<id id="758"/>
			<id id="759"/>
			<id id="760"/>
			<id id="761"/>
			<id id="762"/>
			<id id="763"/>
			<id id="764"/>
			<id id="765"/>
			<id id="766"/>
			<id id="767"/>
			<id id="768"/>
			<id id="769"/>
			<id id="770"/>
			<id id="771"/>
			<id id="772"/>
			<id id="773"/>
			<id id="774"/>
			<id id="775"/>
			<id id="776"/>
			<id id="777"/>
			<id id="778"/>
			<id id="779"/>
			<id id="780"/>
			<id id="781"/>
			<id id="782"/>
			<id id="783"/>
			<id id="784"/>
			<id id="785"/>
			<id id="786"/>
			<id id="787"/>
			<id id="788"/>
			<id id="789"/>
			<id id="790"/>
			<id id="791"/>
			<id id="792"/>
			<id id="793"/>
			<id id="794"/>
			<id id="795"/>
			<id id="796"/>
			<id id="797"/>
			<id id="798"/>
			<id id="799"/>
			<id id="800">
				<origin>\f859\\0500\\f81b\\565f\\4348\\4152\\5f31\\3035\\2f45\\5645\\4e54\\2f67\\6f76\\5f32\\3031\\0000\\f840\か、待っていたぞ。\f801\\f802\先日はお祭り騒ぎで失念していたが…\f801\汝らに課したミッションの報告を\f801\行ってもらいたいのだ。\f801\\f802\汝らの言葉は司令部で記録され\f801\後世に語り継がれる文書となる。\f801\そのためにもぜひ報告してほしい。\f801\\ffff\</origin>
				<translate>\f859\\0500\\f81b\\565f\\4348\\4152\\5f31\\3035\\2f45\\5645\\4e54\\2f67\\6f76\\5f32\\3031\\0000\\f840\か、待っていたぞ。\f801\\f802\先日はお祭り騒ぎで失念していたが…\f801\汝らに課したミッションの報告を\f801\行ってもらいたいのだ。\f801\\f802\汝らの言葉は司令部で記録され\f801\後世に語り継がれる文書となる。\f801\そのためにもぜひ報告してほしい。\f801\\ffff\</translate>
			</id>
			<id id="801"/>
			<id id="802"/>
			<id id="803"/>
			<id id="804"/>
			<id id="805"/>
			<id id="806"/>
			<id id="807"/>
			<id id="808"/>
			<id id="809"/>
			<id id="810"/>
			<id id="811"/>
			<id id="812"/>
			<id id="813"/>
			<id id="814"/>
			<id id="815"/>
			<id id="816"/>
			<id id="817"/>
			<id id="818"/>
			<id id="819"/>
			<id id="820"/>
			<id id="821"/>
			<id id="822"/>
			<id id="823"/>
			<id id="824"/>
			<id id="825"/>
			<id id="826"/>
			<id id="827"/>
			<id id="828"/>
			<id id="829"/>
			<id id="830"/>
			<id id="831"/>
			<id id="832"/>
			<id id="833"/>
			<id id="834"/>
			<id id="835"/>
			<id id="836"/>
			<id id="837"/>
			<id id="838"/>
			<id id="839"/>
			<id id="840"/>
			<id id="841"/>
			<id id="842"/>
			<id id="843"/>
			<id id="844"/>
			<id id="845"/>
			<id id="846"/>
			<id id="847"/>
			<id id="848"/>
			<id id="849"/>
			<id id="850">
				<origin>\f859\\0500\\f81b\\565f\\4348\\4152\\5f31\\3035\\2f45\\5645\\4e54\\2f67\\6f76\\5f32\\3131\\0000\\f840\よ、待つんだ！\f801\汝らの活躍を後世に語り継ぐためにも、\f801\ミッションの報告をしてほしい。\f801\\ffff\</origin>
				<translate>\f859\\0500\\f81b\\565f\\4348\\4152\\5f31\\3035\\2f45\\5645\\4e54\\2f67\\6f76\\5f32\\3131\\0000\\f840\よ、待つんだ！\f801\汝らの活躍を後世に語り継ぐためにも、\f801\ミッションの報告をしてほしい。\f801\\ffff\</translate>
			</id>
		</body>
	</mbm>
