<?xml version="1.0" encoding="UTF-8"?>
	<mbm>
		<head>000000004d53473200000100</head>
		<size>501e0000</size>
		<number>f1020000</number>
		<j>200000000000000000000000</j>
		<body>
			<id id="0">
				<origin>\f859\\0500\\f81b\\565f\\4348\\4152\\5f31\\3035\\2f53\\5953\\5445\\4d2f\\5245\\504f\\5254\\2f67\\6f76\\5f31\\3235\\0000\今回の任務は真南ノ霊堂の磁軸発見だ。\f801\\f802\それがあれば次なる島\f801\\f804\\0500\飛泉ノ水島\f804\\0000\にたどり着けるであろう。\f801\\ffff\</origin>
				<translate>\f859\\0500\\f81b\\565f\\4348\\4152\\5f31\\3035\\2f53\\5953\\5445\\4d2f\\5245\\504f\\5254\\2f67\\6f76\\5f31\\3235\\0000\今回の任務は真南ノ霊堂の磁軸発見だ。\f801\\f802\それがあれば次なる島\f801\\f804\\0500\飛泉ノ水島\f804\\0000\にたどり着けるであろう。\f801\\ffff\</translate>
			</id>
			<id id="1">
				<origin>\f859\\0500\ただし以前の霊堂には魔物がいたな。\f801\今回の霊堂にも危険な相手が鎮座し\f801\汝らの行く手を阻むはずだ。\f801\\f802\\f81b\\565f\\4348\\4152\\5f31\\3035\\2f53\\5953\\5445\\4d2f\\4558\\4954\\315f\\4e4f\\5f55\\5345\\2f67\\6f76\\5f30\\3233\\0000\だが、世界樹探索のためには\f801\避けて通れぬ道だろう。\f801\\f840\よ、よろしく頼む。\f801\\ffff\</origin>
				<translate>\f859\\0500\ただし以前の霊堂には魔物がいたな。\f801\今回の霊堂にも危険な相手が鎮座し\f801\汝らの行く手を阻むはずだ。\f801\\f802\\f81b\\565f\\4348\\4152\\5f31\\3035\\2f53\\5953\\5445\\4d2f\\4558\\4954\\315f\\4e4f\\5f55\\5345\\2f67\\6f76\\5f30\\3233\\0000\だが、世界樹探索のためには\f801\避けて通れぬ道だろう。\f801\\f840\よ、よろしく頼む。\f801\\ffff\</translate>
			</id>
			<id id="2"/>
			<id id="3"/>
			<id id="4"/>
			<id id="5"/>
			<id id="6"/>
			<id id="7"/>
			<id id="8"/>
			<id id="9"/>
			<id id="10"/>
			<id id="11"/>
			<id id="12"/>
			<id id="13"/>
			<id id="14"/>
			<id id="15"/>
			<id id="16"/>
			<id id="17"/>
			<id id="18"/>
			<id id="19"/>
			<id id="20"/>
			<id id="21"/>
			<id id="22"/>
			<id id="23"/>
			<id id="24"/>
			<id id="25"/>
			<id id="26"/>
			<id id="27"/>
			<id id="28"/>
			<id id="29"/>
			<id id="30"/>
			<id id="31"/>
			<id id="32"/>
			<id id="33"/>
			<id id="34"/>
			<id id="35"/>
			<id id="36"/>
			<id id="37"/>
			<id id="38"/>
			<id id="39"/>
			<id id="40"/>
			<id id="41"/>
			<id id="42"/>
			<id id="43"/>
			<id id="44"/>
			<id id="45"/>
			<id id="46"/>
			<id id="47"/>
			<id id="48"/>
			<id id="49"/>
			<id id="50">
				<origin>\f859\\0400\\f81b\\565f\\4348\\4152\\5f31\\3033\\2f45\\5645\\4e54\\2f67\\7569\\5f32\\3031\\0000\…なんだって！？ 本当に\f801\次の島に繋がる磁軸を見つけてくれたのか！\f801\\f802\よくやってくれた。姫に代わって\f801\私が君たちの働きを賞しよう！\f801\\ffff\</origin>
				<translate>\f859\\0400\\f81b\\565f\\4348\\4152\\5f31\\3033\\2f45\\5645\\4e54\\2f67\\7569\\5f32\\3031\\0000\…なんだって！？ 本当に\f801\次の島に繋がる磁軸を見つけてくれたのか！\f801\\f802\よくやってくれた。姫に代わって\f801\私が君たちの働きを賞しよう！\f801\\ffff\</translate>
			</id>
			<id id="51">
				<origin>\f859\\0400\\f81b\\565f\\4348\\4152\\5f31\\3033\\2f45\\5645\\4e54\\2f67\\7569\\5f32\\3034\\0000\これで…世界樹へ至る道も\f801\半ばを越えるはずだ。\f801\\f802\次の島を抜ければ…もうすぐあの大樹に\f801\たどり着けるだろう。\f801\\f802\…え？ 姫はどうしたって？\f801\\ffff\</origin>
				<translate>\f859\\0400\\f81b\\565f\\4348\\4152\\5f31\\3033\\2f45\\5645\\4e54\\2f67\\7569\\5f32\\3034\\0000\これで…世界樹へ至る道も\f801\半ばを越えるはずだ。\f801\\f802\次の島を抜ければ…もうすぐあの大樹に\f801\たどり着けるだろう。\f801\\f802\…え？ 姫はどうしたって？\f801\\ffff\</translate>
			</id>
			<id id="52">
				<origin>\f859\\0400\\f81b\\565f\\4348\\4152\\5f31\\3033\\2f45\\5645\\4e54\\2f67\\7569\\5f32\\3036\\0000\そうか、聞いていなかったのか。\f801\姫は少し体調を崩していてね……。\f801\\f802\今も安静にしないといけないため\f801\司令部の業務も私が代行している。\f801\\f802\だが…そんなにひどい症状ではないと\f801\聞いている。\f801\しばらくすれば回復されるだろう。\f801\\f802\それを待つ間に\f804\\0500\飛泉ノ水島\f804\\0000\の探索を\f801\進める事ができれば姫も喜ばれるだろう。\f801\準備ができたら向かってくれたまえ。\f801\\ffff\</origin>
				<translate>\f859\\0400\\f81b\\565f\\4348\\4152\\5f31\\3033\\2f45\\5645\\4e54\\2f67\\7569\\5f32\\3036\\0000\そうか、聞いていなかったのか。\f801\姫は少し体調を崩していてね……。\f801\\f802\今も安静にしないといけないため\f801\司令部の業務も私が代行している。\f801\\f802\だが…そんなにひどい症状ではないと\f801\聞いている。\f801\しばらくすれば回復されるだろう。\f801\\f802\それを待つ間に\f804\\0500\飛泉ノ水島\f804\\0000\の探索を\f801\進める事ができれば姫も喜ばれるだろう。\f801\準備ができたら向かってくれたまえ。\f801\\ffff\</translate>
			</id>
			<id id="53"/>
			<id id="54"/>
			<id id="55"/>
			<id id="56"/>
			<id id="57"/>
			<id id="58"/>
			<id id="59"/>
			<id id="60"/>
			<id id="61"/>
			<id id="62"/>
			<id id="63"/>
			<id id="64"/>
			<id id="65"/>
			<id id="66"/>
			<id id="67"/>
			<id id="68"/>
			<id id="69"/>
			<id id="70"/>
			<id id="71"/>
			<id id="72"/>
			<id id="73"/>
			<id id="74"/>
			<id id="75"/>
			<id id="76"/>
			<id id="77"/>
			<id id="78"/>
			<id id="79"/>
			<id id="80"/>
			<id id="81"/>
			<id id="82"/>
			<id id="83"/>
			<id id="84"/>
			<id id="85"/>
			<id id="86"/>
			<id id="87"/>
			<id id="88"/>
			<id id="89"/>
			<id id="90"/>
			<id id="91"/>
			<id id="92"/>
			<id id="93"/>
			<id id="94"/>
			<id id="95"/>
			<id id="96"/>
			<id id="97"/>
			<id id="98"/>
			<id id="99"/>
			<id id="100">
				<origin>真南ノ霊堂で樹海磁軸を捜す。\f801\\ffff\</origin>
				<translate>真南ノ霊堂で樹海磁軸を捜す。\f801\\ffff\</translate>
			</id>
			<id id="101">
				<origin>司令部に報告する。\f801\\ffff\</origin>
				<translate>司令部に報告する。\f801\\ffff\</translate>
			</id>
			<id id="102"/>
			<id id="103"/>
			<id id="104"/>
			<id id="105"/>
			<id id="106"/>
			<id id="107"/>
			<id id="108"/>
			<id id="109"/>
			<id id="110"/>
			<id id="111"/>
			<id id="112"/>
			<id id="113"/>
			<id id="114"/>
			<id id="115"/>
			<id id="116"/>
			<id id="117"/>
			<id id="118"/>
			<id id="119"/>
			<id id="120"/>
			<id id="121"/>
			<id id="122"/>
			<id id="123"/>
			<id id="124"/>
			<id id="125"/>
			<id id="126"/>
			<id id="127"/>
			<id id="128"/>
			<id id="129"/>
			<id id="130"/>
			<id id="131"/>
			<id id="132"/>
			<id id="133"/>
			<id id="134"/>
			<id id="135"/>
			<id id="136"/>
			<id id="137"/>
			<id id="138"/>
			<id id="139"/>
			<id id="140"/>
			<id id="141"/>
			<id id="142"/>
			<id id="143"/>
			<id id="144"/>
			<id id="145"/>
			<id id="146"/>
			<id id="147"/>
			<id id="148"/>
			<id id="149"/>
			<id id="150">
				<origin>君たちがミッションを受け遺跡に戻ると\f801\その足音に気づいた二人組が顔を上げる。\f801\\ffff\</origin>
				<translate>君たちがミッションを受け遺跡に戻ると\f801\その足音に気づいた二人組が顔を上げる。\f801\\ffff\</translate>
			</id>
			<id id="151">
				<origin>\f859\\0b00\\f81b\\565f\\4348\\4152\\5f31\\3839\\2f45\\5645\\4e54\\2f6d\\6172\\5f32\\3039\\0000\「ミッションを引き受けたようだね」\f801\\ffff\</origin>
				<translate>\f859\\0b00\\f81b\\565f\\4348\\4152\\5f31\\3839\\2f45\\5645\\4e54\\2f6d\\6172\\5f32\\3039\\0000\「ミッションを引き受けたようだね」\f801\\ffff\</translate>
			</id>
			<id id="152">
				<origin>君たちの表情から読み取ったのかマルコが\f801\そう告げると、オリバーが眉をひそめながら\f801\言葉を続ける。\f801\\ffff\</origin>
				<translate>君たちの表情から読み取ったのかマルコが\f801\そう告げると、オリバーが眉をひそめながら\f801\言葉を続ける。\f801\\ffff\</translate>
			</id>
			<id id="153">
				<origin>\f859\\0a00\\f81b\\565f\\4348\\4152\\5f31\\3838\\2f45\\5645\\4e54\\2f6f\\6c69\\5f32\\3134\\0000\「結局、最後はお前らに頼っちまった」\f801\\ffff\</origin>
				<translate>\f859\\0a00\\f81b\\565f\\4348\\4152\\5f31\\3838\\2f45\\5645\\4e54\\2f6f\\6c69\\5f32\\3134\\0000\「結局、最後はお前らに頼っちまった」\f801\\ffff\</translate>
			</id>
			<id id="154">
				<origin>ま、気をつけていってくれ、と励ます\f801\二人組を後に君たちは探索を再開する。\f801\\ffff\</origin>
				<translate>ま、気をつけていってくれ、と励ます\f801\二人組を後に君たちは探索を再開する。\f801\\ffff\</translate>
			</id>
			<id id="155"/>
			<id id="156"/>
			<id id="157"/>
			<id id="158"/>
			<id id="159"/>
			<id id="160"/>
			<id id="161"/>
			<id id="162"/>
			<id id="163"/>
			<id id="164"/>
			<id id="165"/>
			<id id="166"/>
			<id id="167"/>
			<id id="168"/>
			<id id="169"/>
			<id id="170"/>
			<id id="171"/>
			<id id="172"/>
			<id id="173"/>
			<id id="174"/>
			<id id="175"/>
			<id id="176"/>
			<id id="177"/>
			<id id="178"/>
			<id id="179"/>
			<id id="180"/>
			<id id="181"/>
			<id id="182"/>
			<id id="183"/>
			<id id="184"/>
			<id id="185"/>
			<id id="186"/>
			<id id="187"/>
			<id id="188"/>
			<id id="189"/>
			<id id="190"/>
			<id id="191"/>
			<id id="192"/>
			<id id="193"/>
			<id id="194"/>
			<id id="195"/>
			<id id="196"/>
			<id id="197"/>
			<id id="198"/>
			<id id="199"/>
			<id id="200">
				<origin>遺跡を歩く君たちは、目の前にある低い壁の\f801\向こう側から恐ろしい気配を感じる…。\f801\\f802\あの壁を越えたら、その気配を発する相手を\f801\視認することができるだろう。\f801\\ffff\</origin>
				<translate>遺跡を歩く君たちは、目の前にある低い壁の\f801\向こう側から恐ろしい気配を感じる…。\f801\\f802\あの壁を越えたら、その気配を発する相手を\f801\視認することができるだろう。\f801\\ffff\</translate>
			</id>
			<id id="201"/>
			<id id="202"/>
			<id id="203"/>
			<id id="204"/>
			<id id="205"/>
			<id id="206"/>
			<id id="207"/>
			<id id="208"/>
			<id id="209"/>
			<id id="210"/>
			<id id="211"/>
			<id id="212"/>
			<id id="213"/>
			<id id="214"/>
			<id id="215"/>
			<id id="216"/>
			<id id="217"/>
			<id id="218"/>
			<id id="219"/>
			<id id="220"/>
			<id id="221"/>
			<id id="222"/>
			<id id="223"/>
			<id id="224"/>
			<id id="225"/>
			<id id="226"/>
			<id id="227"/>
			<id id="228"/>
			<id id="229"/>
			<id id="230"/>
			<id id="231"/>
			<id id="232"/>
			<id id="233"/>
			<id id="234"/>
			<id id="235"/>
			<id id="236"/>
			<id id="237"/>
			<id id="238"/>
			<id id="239"/>
			<id id="240"/>
			<id id="241"/>
			<id id="242"/>
			<id id="243"/>
			<id id="244"/>
			<id id="245"/>
			<id id="246"/>
			<id id="247"/>
			<id id="248"/>
			<id id="249"/>
			<id id="250">
				<origin>低い壁を上った君たちは、その向こう側に\f801\巨大で…異形な魔物の姿を発見する。\f801\\ffff\</origin>
				<translate>低い壁を上った君たちは、その向こう側に\f801\巨大で…異形な魔物の姿を発見する。\f801\\ffff\</translate>
			</id>
			<id id="251">
				<origin>巨体でデコボコした甲羅を背負うその魔物は\f801\悪魔のように醜悪で恐ろしい魔物に見える。\f801\\f802\あれが、この遺跡の主なのだろうか？\f801\\ffff\</origin>
				<translate>巨体でデコボコした甲羅を背負うその魔物は\f801\悪魔のように醜悪で恐ろしい魔物に見える。\f801\\f802\あれが、この遺跡の主なのだろうか？\f801\\ffff\</translate>
			</id>
			<id id="252">
				<origin>君たちは不気味な相手を警戒しつつ\f801\先へと進むことにする。\f801\\ffff\</origin>
				<translate>君たちは不気味な相手を警戒しつつ\f801\先へと進むことにする。\f801\\ffff\</translate>
			</id>
			<id id="253"/>
			<id id="254"/>
			<id id="255"/>
			<id id="256"/>
			<id id="257"/>
			<id id="258"/>
			<id id="259"/>
			<id id="260"/>
			<id id="261"/>
			<id id="262"/>
			<id id="263"/>
			<id id="264"/>
			<id id="265"/>
			<id id="266"/>
			<id id="267"/>
			<id id="268"/>
			<id id="269"/>
			<id id="270"/>
			<id id="271"/>
			<id id="272"/>
			<id id="273"/>
			<id id="274"/>
			<id id="275"/>
			<id id="276"/>
			<id id="277"/>
			<id id="278"/>
			<id id="279"/>
			<id id="280"/>
			<id id="281"/>
			<id id="282"/>
			<id id="283"/>
			<id id="284"/>
			<id id="285"/>
			<id id="286"/>
			<id id="287"/>
			<id id="288"/>
			<id id="289"/>
			<id id="290"/>
			<id id="291"/>
			<id id="292"/>
			<id id="293"/>
			<id id="294"/>
			<id id="295"/>
			<id id="296"/>
			<id id="297"/>
			<id id="298"/>
			<id id="299"/>
			<id id="300">
				<origin>君たちが歩き出すと、異形の魔物は\f801\それに気づいたかのように反応する。\f801\\f802\巨体を大きく動かしたのだ！\f801\\f802\あの魔物は思った以上に鋭敏な感覚を\f801\持っているのかもしれない。\f801\\f802\このフロアで低い壁の上を歩く際は\f801\近づかれないよう注意をしたほうが\f801\いいだろう。\f801\\ffff\</origin>
				<translate>君たちが歩き出すと、異形の魔物は\f801\それに気づいたかのように反応する。\f801\\f802\巨体を大きく動かしたのだ！\f801\\f802\あの魔物は思った以上に鋭敏な感覚を\f801\持っているのかもしれない。\f801\\f802\このフロアで低い壁の上を歩く際は\f801\近づかれないよう注意をしたほうが\f801\いいだろう。\f801\\ffff\</translate>
			</id>
			<id id="301"/>
			<id id="302"/>
			<id id="303"/>
			<id id="304"/>
			<id id="305"/>
			<id id="306"/>
			<id id="307"/>
			<id id="308"/>
			<id id="309"/>
			<id id="310"/>
			<id id="311"/>
			<id id="312"/>
			<id id="313"/>
			<id id="314"/>
			<id id="315"/>
			<id id="316"/>
			<id id="317"/>
			<id id="318"/>
			<id id="319"/>
			<id id="320"/>
			<id id="321"/>
			<id id="322"/>
			<id id="323"/>
			<id id="324"/>
			<id id="325"/>
			<id id="326"/>
			<id id="327"/>
			<id id="328"/>
			<id id="329"/>
			<id id="330"/>
			<id id="331"/>
			<id id="332"/>
			<id id="333"/>
			<id id="334"/>
			<id id="335"/>
			<id id="336"/>
			<id id="337"/>
			<id id="338"/>
			<id id="339"/>
			<id id="340"/>
			<id id="341"/>
			<id id="342"/>
			<id id="343"/>
			<id id="344"/>
			<id id="345"/>
			<id id="346"/>
			<id id="347"/>
			<id id="348"/>
			<id id="349"/>
			<id id="350"/>
			<id id="351"/>
			<id id="352"/>
			<id id="353"/>
			<id id="354"/>
			<id id="355"/>
			<id id="356"/>
			<id id="357"/>
			<id id="358"/>
			<id id="359"/>
			<id id="360"/>
			<id id="361"/>
			<id id="362"/>
			<id id="363"/>
			<id id="364"/>
			<id id="365"/>
			<id id="366"/>
			<id id="367"/>
			<id id="368"/>
			<id id="369"/>
			<id id="370"/>
			<id id="371"/>
			<id id="372"/>
			<id id="373"/>
			<id id="374"/>
			<id id="375"/>
			<id id="376"/>
			<id id="377"/>
			<id id="378"/>
			<id id="379"/>
			<id id="380"/>
			<id id="381"/>
			<id id="382"/>
			<id id="383"/>
			<id id="384"/>
			<id id="385"/>
			<id id="386"/>
			<id id="387"/>
			<id id="388"/>
			<id id="389"/>
			<id id="390"/>
			<id id="391"/>
			<id id="392"/>
			<id id="393"/>
			<id id="394"/>
			<id id="395"/>
			<id id="396"/>
			<id id="397"/>
			<id id="398"/>
			<id id="399"/>
			<id id="400">
				<origin>複雑な構造をした遺跡の内部を進む君たちは\f801\正方形の広間へと到達する。\f801\\f802\するとその広間の北西で、二人の冒険者が\f801\たき火の前で休憩しているのを発見した。\f801\\f802\気になるのならば見に行ってもいいし、\f801\そのまま通り過ぎてもいい。\f801\\ffff\</origin>
				<translate>複雑な構造をした遺跡の内部を進む君たちは\f801\正方形の広間へと到達する。\f801\\f802\するとその広間の北西で、二人の冒険者が\f801\たき火の前で休憩しているのを発見した。\f801\\f802\気になるのならば見に行ってもいいし、\f801\そのまま通り過ぎてもいい。\f801\\ffff\</translate>
			</id>
			<id id="401"/>
			<id id="402"/>
			<id id="403"/>
			<id id="404"/>
			<id id="405"/>
			<id id="406"/>
			<id id="407"/>
			<id id="408"/>
			<id id="409"/>
			<id id="410"/>
			<id id="411"/>
			<id id="412"/>
			<id id="413"/>
			<id id="414"/>
			<id id="415"/>
			<id id="416"/>
			<id id="417"/>
			<id id="418"/>
			<id id="419"/>
			<id id="420"/>
			<id id="421"/>
			<id id="422"/>
			<id id="423"/>
			<id id="424"/>
			<id id="425"/>
			<id id="426"/>
			<id id="427"/>
			<id id="428"/>
			<id id="429"/>
			<id id="430"/>
			<id id="431"/>
			<id id="432"/>
			<id id="433"/>
			<id id="434"/>
			<id id="435"/>
			<id id="436"/>
			<id id="437"/>
			<id id="438"/>
			<id id="439"/>
			<id id="440"/>
			<id id="441"/>
			<id id="442"/>
			<id id="443"/>
			<id id="444"/>
			<id id="445"/>
			<id id="446"/>
			<id id="447"/>
			<id id="448"/>
			<id id="449"/>
			<id id="450">
				<origin>\f859\\0d00\\f81b\\565f\\4348\\4152\\5f31\\3934\\2f45\\5645\\4e54\\2f63\\6172\\5f32\\3135\\0000\「みなさん…、探索は順調デスか？」\f801\\ffff\</origin>
				<translate>\f859\\0d00\\f81b\\565f\\4348\\4152\\5f31\\3934\\2f45\\5645\\4e54\\2f63\\6172\\5f32\\3135\\0000\「みなさん…、探索は順調デスか？」\f801\\ffff\</translate>
			</id>
			<id id="451">
				<origin>そう声をかけてきたのはたき火で焼いた\f801\芋を頬張っているカリスだった。\f801\\ffff\</origin>
				<translate>そう声をかけてきたのはたき火で焼いた\f801\芋を頬張っているカリスだった。\f801\\ffff\</translate>
			</id>
			<id id="452">
				<origin>\f859\\0d00\「探索には体力がいりますから…もぐもぐ…\f801\こうやって、食べておかないと……」\f801\\ffff\</origin>
				<translate>\f859\\0d00\「探索には体力がいりますから…もぐもぐ…\f801\こうやって、食べておかないと……」\f801\\ffff\</translate>
			</id>
			<id id="453">
				<origin>君たちの前でおいしそうに焼き芋を平らげる\f801\カリスはそのまま二つ目に手を伸ばす。\f801\\ffff\</origin>
				<translate>君たちの前でおいしそうに焼き芋を平らげる\f801\カリスはそのまま二つ目に手を伸ばす。\f801\\ffff\</translate>
			</id>
			<id id="454">
				<origin>\f859\\0e00\\f81b\\565f\\4348\\4152\\5f31\\3935\\2f45\\5645\\4e54\\2f72\\6f62\\5f32\\3230\\0000\「まったく、よく食うな……。\f801\食いすぎると、屁が出るぜ？」\f801\\ffff\</origin>
				<translate>\f859\\0e00\\f81b\\565f\\4348\\4152\\5f31\\3935\\2f45\\5645\\4e54\\2f72\\6f62\\5f32\\3230\\0000\「まったく、よく食うな……。\f801\食いすぎると、屁が出るぜ？」\f801\\ffff\</translate>
			</id>
			<id id="455">
				<origin>\f859\\0d00\\f81b\\565f\\4348\\4152\\5f31\\3934\\2f45\\5645\\4e54\\2f63\\6172\\5f32\\3234\\0000\「あー！\f801\乙女に対して、それは酷いデスよ！」\f801\\ffff\</origin>
				<translate>\f859\\0d00\\f81b\\565f\\4348\\4152\\5f31\\3934\\2f45\\5645\\4e54\\2f63\\6172\\5f32\\3234\\0000\「あー！\f801\乙女に対して、それは酷いデスよ！」\f801\\ffff\</translate>
			</id>
			<id id="456">
				<origin>抗議しつつもカリスは芋を食べる手を\f801\止めようとしない。\f801\ロブはヤレヤレと肩をすくめる。\f801\\ffff\</origin>
				<translate>抗議しつつもカリスは芋を食べる手を\f801\止めようとしない。\f801\ロブはヤレヤレと肩をすくめる。\f801\\ffff\</translate>
			</id>
			<id id="457">
				<origin>\f859\\0e00\「この遺跡は広く手ごわい。もしお前たちも\f801\疲れているようなら、よかったらどうだ？」\f801\\ffff\</origin>
				<translate>\f859\\0e00\「この遺跡は広く手ごわい。もしお前たちも\f801\疲れているようなら、よかったらどうだ？」\f801\\ffff\</translate>
			</id>
			<id id="458">
				<origin>ロブが、いい感じに焼けた芋を転がし\f801\君たちの人数分を差し出してくる。\f801\\f802\もし体力が減っていると思うなら\f801\ここで焼き芋を食べながら休息をとって\f801\体力を回復してみてもいい。\f801\\ffff\</origin>
				<translate>ロブが、いい感じに焼けた芋を転がし\f801\君たちの人数分を差し出してくる。\f801\\f802\もし体力が減っていると思うなら\f801\ここで焼き芋を食べながら休息をとって\f801\体力を回復してみてもいい。\f801\\ffff\</translate>
			</id>
			<id id="459">
				<origin>\f804\\0500\どうしますか？\f804\\0000\\f801\焼き芋を食べながら休息する\f801\まだ大丈夫だと伝える\f801\\ffff\</origin>
				<translate>\f804\\0500\どうしますか？\f804\\0000\\f801\焼き芋を食べながら休息する\f801\まだ大丈夫だと伝える\f801\\ffff\</translate>
			</id>
			<id id="460">
				<origin>君たちはその言葉に甘えて\f801\その場に腰かけて芋に手を伸ばす。\f801\\f802\二つに割って口へと運んでみると\f801\ホクホクとした食感と、優しく甘い味が\f801\口の中に広がってくる…。\f801\\ffff\</origin>
				<translate>君たちはその言葉に甘えて\f801\その場に腰かけて芋に手を伸ばす。\f801\\f802\二つに割って口へと運んでみると\f801\ホクホクとした食感と、優しく甘い味が\f801\口の中に広がってくる…。\f801\\ffff\</translate>
			</id>
			<id id="461">
				<origin>…おいしく最後まで食べ終えた君たちは\f801\二人に礼をいってその場を立つ。\f801\\f802\もう少しここで休憩をしているという\f801\二人を後に、膨れたお腹をさすりながら\f801\君たちは遺跡探索を再開する。\f801\\ffff\</origin>
				<translate>…おいしく最後まで食べ終えた君たちは\f801\二人に礼をいってその場を立つ。\f801\\f802\もう少しここで休憩をしているという\f801\二人を後に、膨れたお腹をさすりながら\f801\君たちは遺跡探索を再開する。\f801\\ffff\</translate>
			</id>
			<id id="462">
				<origin>君たちがそういうと、二人は\f801\「無理をしないように」と心配そうに\f801\声をかける。\f801\\f802\その声に応えながら、君たちは\f801\遺跡探索を再開することにする。\f801\\ffff\</origin>
				<translate>君たちがそういうと、二人は\f801\「無理をしないように」と心配そうに\f801\声をかける。\f801\\f802\その声に応えながら、君たちは\f801\遺跡探索を再開することにする。\f801\\ffff\</translate>
			</id>
			<id id="463"/>
			<id id="464"/>
			<id id="465"/>
			<id id="466"/>
			<id id="467"/>
			<id id="468"/>
			<id id="469"/>
			<id id="470"/>
			<id id="471"/>
			<id id="472"/>
			<id id="473"/>
			<id id="474"/>
			<id id="475"/>
			<id id="476"/>
			<id id="477"/>
			<id id="478"/>
			<id id="479"/>
			<id id="480"/>
			<id id="481"/>
			<id id="482"/>
			<id id="483"/>
			<id id="484"/>
			<id id="485"/>
			<id id="486"/>
			<id id="487"/>
			<id id="488"/>
			<id id="489"/>
			<id id="490"/>
			<id id="491"/>
			<id id="492"/>
			<id id="493"/>
			<id id="494"/>
			<id id="495"/>
			<id id="496"/>
			<id id="497"/>
			<id id="498"/>
			<id id="499"/>
			<id id="500">
				<origin>異形の魔物をうまくかわして進んだ君たちは\f801\一つの扉の前に到達する。\f801\\f802\今まで描いてきた地図から察するに\f801\この先は、あの異形の魔物がいる大広間に\f801\繋がっているはずだ。\f801\\f802\戦いの準備は万全だろうか？ もし君たちが\f801\心構えができているのなら扉を開いて\f801\あの魔物との戦いに挑みたまえ！\f801\\ffff\</origin>
				<translate>異形の魔物をうまくかわして進んだ君たちは\f801\一つの扉の前に到達する。\f801\\f802\今まで描いてきた地図から察するに\f801\この先は、あの異形の魔物がいる大広間に\f801\繋がっているはずだ。\f801\\f802\戦いの準備は万全だろうか？ もし君たちが\f801\心構えができているのなら扉を開いて\f801\あの魔物との戦いに挑みたまえ！\f801\\ffff\</translate>
			</id>
			<id id="501"/>
			<id id="502"/>
			<id id="503"/>
			<id id="504"/>
			<id id="505"/>
			<id id="506"/>
			<id id="507"/>
			<id id="508"/>
			<id id="509"/>
			<id id="510"/>
			<id id="511"/>
			<id id="512"/>
			<id id="513"/>
			<id id="514"/>
			<id id="515"/>
			<id id="516"/>
			<id id="517"/>
			<id id="518"/>
			<id id="519"/>
			<id id="520"/>
			<id id="521"/>
			<id id="522"/>
			<id id="523"/>
			<id id="524"/>
			<id id="525"/>
			<id id="526"/>
			<id id="527"/>
			<id id="528"/>
			<id id="529"/>
			<id id="530"/>
			<id id="531"/>
			<id id="532"/>
			<id id="533"/>
			<id id="534"/>
			<id id="535"/>
			<id id="536"/>
			<id id="537"/>
			<id id="538"/>
			<id id="539"/>
			<id id="540"/>
			<id id="541"/>
			<id id="542"/>
			<id id="543"/>
			<id id="544"/>
			<id id="545"/>
			<id id="546"/>
			<id id="547"/>
			<id id="548"/>
			<id id="549"/>
			<id id="550">
				<origin>その扉を抜けると、予想通り\f801\異形の魔物がいる大広間につながっていた。\f801\\ffff\</origin>
				<translate>その扉を抜けると、予想通り\f801\異形の魔物がいる大広間につながっていた。\f801\\ffff\</translate>
			</id>
			<id id="551">
				<origin>ソイツはいかなる動物にも似ていない顔を\f801\こちらに向け、あざ笑うかのように\f801\口を歪めて長い舌を出している。\f801\\f802\その外見から高い知能があるのかどうかは\f801\わからないが、君たちを敵視していることは\f801\確実なようだ。\f801\\ffff\</origin>
				<translate>ソイツはいかなる動物にも似ていない顔を\f801\こちらに向け、あざ笑うかのように\f801\口を歪めて長い舌を出している。\f801\\f802\その外見から高い知能があるのかどうかは\f801\わからないが、君たちを敵視していることは\f801\確実なようだ。\f801\\ffff\</translate>
			</id>
			<id id="552">
				<origin>さあ、全員が武具を構えたまえ！\f801\剣を掲げ、この異形の魔物を打ち倒すのだ！\f801\\ffff\</origin>
				<translate>さあ、全員が武具を構えたまえ！\f801\剣を掲げ、この異形の魔物を打ち倒すのだ！\f801\\ffff\</translate>
			</id>
			<id id="553"/>
			<id id="554"/>
			<id id="555"/>
			<id id="556"/>
			<id id="557"/>
			<id id="558"/>
			<id id="559"/>
			<id id="560"/>
			<id id="561"/>
			<id id="562"/>
			<id id="563"/>
			<id id="564"/>
			<id id="565"/>
			<id id="566"/>
			<id id="567"/>
			<id id="568"/>
			<id id="569"/>
			<id id="570"/>
			<id id="571"/>
			<id id="572"/>
			<id id="573"/>
			<id id="574"/>
			<id id="575"/>
			<id id="576"/>
			<id id="577"/>
			<id id="578"/>
			<id id="579"/>
			<id id="580"/>
			<id id="581"/>
			<id id="582"/>
			<id id="583"/>
			<id id="584"/>
			<id id="585"/>
			<id id="586"/>
			<id id="587"/>
			<id id="588"/>
			<id id="589"/>
			<id id="590"/>
			<id id="591"/>
			<id id="592"/>
			<id id="593"/>
			<id id="594"/>
			<id id="595"/>
			<id id="596"/>
			<id id="597"/>
			<id id="598"/>
			<id id="599"/>
			<id id="600">
				<origin>異形の魔物の甲羅に、渾身の力を込めた\f801\一撃が振り下ろされる。\f801\\f802\そして腕、肩、角、魔物を構成する\f801\様々な部位に鋭い一撃が繰り出される。\f801\\f802\魔物は大きく咆哮し、巨体を揺らすと\f801\次の瞬間、地響きを立てて崩れ落ちる。\f801\\f802\見事だ！ 君たちは遺跡を支配していた\f801\強大な魔物を撃破したのだ！\f801\\f802\あとはミッションで頼まれた通り\f801\次の樹海磁軸を見つけ出せばいい。\f801\\f802\君たちは大広間の奥にある扉まで\f801\調査に赴いてもいい。\f801\\ffff\</origin>
				<translate>異形の魔物の甲羅に、渾身の力を込めた\f801\一撃が振り下ろされる。\f801\\f802\そして腕、肩、角、魔物を構成する\f801\様々な部位に鋭い一撃が繰り出される。\f801\\f802\魔物は大きく咆哮し、巨体を揺らすと\f801\次の瞬間、地響きを立てて崩れ落ちる。\f801\\f802\見事だ！ 君たちは遺跡を支配していた\f801\強大な魔物を撃破したのだ！\f801\\f802\あとはミッションで頼まれた通り\f801\次の樹海磁軸を見つけ出せばいい。\f801\\f802\君たちは大広間の奥にある扉まで\f801\調査に赴いてもいい。\f801\\ffff\</translate>
			</id>
			<id id="601"/>
			<id id="602"/>
			<id id="603"/>
			<id id="604"/>
			<id id="605"/>
			<id id="606"/>
			<id id="607"/>
			<id id="608"/>
			<id id="609"/>
			<id id="610"/>
			<id id="611"/>
			<id id="612"/>
			<id id="613"/>
			<id id="614"/>
			<id id="615"/>
			<id id="616"/>
			<id id="617"/>
			<id id="618"/>
			<id id="619"/>
			<id id="620"/>
			<id id="621"/>
			<id id="622"/>
			<id id="623"/>
			<id id="624"/>
			<id id="625"/>
			<id id="626"/>
			<id id="627"/>
			<id id="628"/>
			<id id="629"/>
			<id id="630"/>
			<id id="631"/>
			<id id="632"/>
			<id id="633"/>
			<id id="634"/>
			<id id="635"/>
			<id id="636"/>
			<id id="637"/>
			<id id="638"/>
			<id id="639"/>
			<id id="640"/>
			<id id="641"/>
			<id id="642"/>
			<id id="643"/>
			<id id="644"/>
			<id id="645"/>
			<id id="646"/>
			<id id="647"/>
			<id id="648"/>
			<id id="649"/>
			<id id="650">
				<origin>扉を抜けた君たちは、煌びやかな光が\f801\天に向かって伸びているのを発見する。\f801\\f802\以前の遺跡で見たのと同じ樹海磁軸だろう。\f801\\f802\これに触れたら\f804\\0500\新たな島\f804\\0000\へ\f801\行くことができるはずだ。\f801\\ffff\</origin>
				<translate>扉を抜けた君たちは、煌びやかな光が\f801\天に向かって伸びているのを発見する。\f801\\f802\以前の遺跡で見たのと同じ樹海磁軸だろう。\f801\\f802\これに触れたら\f804\\0500\新たな島\f804\\0000\へ\f801\行くことができるはずだ。\f801\\ffff\</translate>
			</id>
			<id id="651"/>
			<id id="652"/>
			<id id="653"/>
			<id id="654"/>
			<id id="655"/>
			<id id="656"/>
			<id id="657"/>
			<id id="658"/>
			<id id="659"/>
			<id id="660"/>
			<id id="661"/>
			<id id="662"/>
			<id id="663"/>
			<id id="664"/>
			<id id="665"/>
			<id id="666"/>
			<id id="667"/>
			<id id="668"/>
			<id id="669"/>
			<id id="670"/>
			<id id="671"/>
			<id id="672"/>
			<id id="673"/>
			<id id="674"/>
			<id id="675"/>
			<id id="676"/>
			<id id="677"/>
			<id id="678"/>
			<id id="679"/>
			<id id="680"/>
			<id id="681"/>
			<id id="682"/>
			<id id="683"/>
			<id id="684"/>
			<id id="685"/>
			<id id="686"/>
			<id id="687"/>
			<id id="688"/>
			<id id="689"/>
			<id id="690"/>
			<id id="691"/>
			<id id="692"/>
			<id id="693"/>
			<id id="694"/>
			<id id="695"/>
			<id id="696"/>
			<id id="697"/>
			<id id="698"/>
			<id id="699"/>
			<id id="700">
				<origin>樹海磁軸に触れた君たちは\f801\次の瞬間、見慣れぬ場所に立っていた。\f801\\f802\目論見通りに次なる島\f801\\f804\\0500\飛泉ノ水島\f804\\0000\にたどり着いたのだ！\f801\\ffff\</origin>
				<translate>樹海磁軸に触れた君たちは\f801\次の瞬間、見慣れぬ場所に立っていた。\f801\\f802\目論見通りに次なる島\f801\\f804\\0500\飛泉ノ水島\f804\\0000\にたどり着いたのだ！\f801\\ffff\</translate>
			</id>
			<id id="701">
				<origin>\f812\？？？\0000\\f81b\\565f\\4348\\4152\\5f31\\3133\\2f45\\5645\\4e54\\2f62\\726f\\5f32\\3030\\0000\「うわっ、びっくりした！」\f801\\ffff\</origin>
				<translate>\f812\？？？\0000\\f81b\\565f\\4348\\4152\\5f31\\3133\\2f45\\5645\\4e54\\2f62\\726f\\5f32\\3030\\0000\「うわっ、びっくりした！」\f801\\ffff\</translate>
			</id>
			<id id="702">
				<origin>磁軸の光が収まり、周囲を見渡したとき\f801\そこには一人の男が立っていた。\f801\\ffff\</origin>
				<translate>磁軸の光が収まり、周囲を見渡したとき\f801\そこには一人の男が立っていた。\f801\\ffff\</translate>
			</id>
			<id id="703">
				<origin>\f812\男\0000\\f81b\\565f\\4348\\4152\\5f31\\3133\\2f45\\5645\\4e54\\2f62\\726f\\5f32\\3031\\0000\「……君たち、何者だい？\f801\水兵じゃないよね？」\f801\\ffff\</origin>
				<translate>\f812\男\0000\\f81b\\565f\\4348\\4152\\5f31\\3133\\2f45\\5645\\4e54\\2f62\\726f\\5f32\\3031\\0000\「……君たち、何者だい？\f801\水兵じゃないよね？」\f801\\ffff\</translate>
			</id>
			<id id="704">
				<origin>そして何かを納得したように\f801\右の握りこぶしで左手を叩く。\f801\\ffff\</origin>
				<translate>そして何かを納得したように\f801\右の握りこぶしで左手を叩く。\f801\\ffff\</translate>
			</id>
			<id id="705">
				<origin>\f812\男\0000\\f81b\\565f\\4348\\4152\\5f31\\3133\\2f45\\5645\\4e54\\2f62\\726f\\5f32\\3032\\0000\「ああ！ そういえば少し前に、\f801\マギニアの飛行都市が飛んでいたね！\f801\あれで来たのか……」\f801\\f802\\f81b\\565f\\4348\\4152\\5f31\\3133\\2f45\\5645\\4e54\\2f62\\726f\\5f32\\3033\\0000\「僕はね、君たちとは別のルートで\f801\ここに調査にやってきたんだ。\f801\レムリアの秘宝を見つけるためにね」\f801\\ffff\</origin>
				<translate>\f812\男\0000\\f81b\\565f\\4348\\4152\\5f31\\3133\\2f45\\5645\\4e54\\2f62\\726f\\5f32\\3032\\0000\「ああ！ そういえば少し前に、\f801\マギニアの飛行都市が飛んでいたね！\f801\あれで来たのか……」\f801\\f802\\f81b\\565f\\4348\\4152\\5f31\\3133\\2f45\\5645\\4e54\\2f62\\726f\\5f32\\3033\\0000\「僕はね、君たちとは別のルートで\f801\ここに調査にやってきたんだ。\f801\レムリアの秘宝を見つけるためにね」\f801\\ffff\</translate>
			</id>
			<id id="706">
				<origin>男はそう告げた後\f801\少し間を置いて再び口を開く。\f801\\ffff\</origin>
				<translate>男はそう告げた後\f801\少し間を置いて再び口を開く。\f801\\ffff\</translate>
			</id>
			<id id="707">
				<origin>\f812\男\0000\「…知っているかい？ 古代文明レムリアは\f801\世界樹の力を使い繁栄していたそうだ」\f801\\f802\「だが、愚かな人間は\f801\世界樹の力の使い方を誤った……」\f801\\f802\「大地から世界樹の恵みは消え去り\f801\それによりレムリアは滅んだそうだ」\f801\\ffff\</origin>
				<translate>\f812\男\0000\「…知っているかい？ 古代文明レムリアは\f801\世界樹の力を使い繁栄していたそうだ」\f801\\f802\「だが、愚かな人間は\f801\世界樹の力の使い方を誤った……」\f801\\f802\「大地から世界樹の恵みは消え去り\f801\それによりレムリアは滅んだそうだ」\f801\\ffff\</translate>
			</id>
			<id id="708">
				<origin>そこまで話すと男は息を吐いて\f801\笑顔を浮かべる。\f801\\ffff\</origin>
				<translate>そこまで話すと男は息を吐いて\f801\笑顔を浮かべる。\f801\\ffff\</translate>
			</id>
			<id id="709">
				<origin>\f812\男\0000\「レムリア載記にあった記述だ。\f801\僕はこういう伝承を集めるのが好きでね」\f801\\f802\「君たちも秘宝を求めているんだよね？\f801\それじゃあ、お互いにがんばろう」\f801\\ffff\</origin>
				<translate>\f812\男\0000\「レムリア載記にあった記述だ。\f801\僕はこういう伝承を集めるのが好きでね」\f801\\f802\「君たちも秘宝を求めているんだよね？\f801\それじゃあ、お互いにがんばろう」\f801\\ffff\</translate>
			</id>
			<id id="710">
				<origin>そう言って男が手を振ると、\f801\微かに鈴のような音がする。\f801\\f802\そして男は君たちが抜けてきた\f801\樹海磁軸へと手を触れる。\f801\\ffff\</origin>
				<translate>そう言って男が手を振ると、\f801\微かに鈴のような音がする。\f801\\f802\そして男は君たちが抜けてきた\f801\樹海磁軸へと手を触れる。\f801\\ffff\</translate>
			</id>
			<id id="711">
				<origin>突然の出会いに戸惑っている間に\f801\男は磁軸で姿を消してしまう。\f801\\f802\我に返った君たちは\f801\新たな島に到達したことを\f801\司令部に報告しに戻るといいだろう。\f801\\ffff\</origin>
				<translate>突然の出会いに戸惑っている間に\f801\男は磁軸で姿を消してしまう。\f801\\f802\我に返った君たちは\f801\新たな島に到達したことを\f801\司令部に報告しに戻るといいだろう。\f801\\ffff\</translate>
			</id>
			<id id="712"/>
			<id id="713"/>
			<id id="714"/>
			<id id="715"/>
			<id id="716"/>
			<id id="717"/>
			<id id="718"/>
			<id id="719"/>
			<id id="720"/>
			<id id="721"/>
			<id id="722"/>
			<id id="723"/>
			<id id="724"/>
			<id id="725"/>
			<id id="726"/>
			<id id="727"/>
			<id id="728"/>
			<id id="729"/>
			<id id="730"/>
			<id id="731"/>
			<id id="732"/>
			<id id="733"/>
			<id id="734"/>
			<id id="735"/>
			<id id="736"/>
			<id id="737"/>
			<id id="738"/>
			<id id="739"/>
			<id id="740"/>
			<id id="741"/>
			<id id="742"/>
			<id id="743"/>
			<id id="744"/>
			<id id="745"/>
			<id id="746"/>
			<id id="747"/>
			<id id="748"/>
			<id id="749"/>
			<id id="750">
				<origin>\f812\？？？\0000\\f81b\\565f\\4348\\4152\\5f31\\3134\\2f45\\5645\\4e54\\2f67\\726c\\5f32\\3032\\0000\「ヒトをたすけたんだ」\f801\\ffff\</origin>
				<translate>\f812\？？？\0000\\f81b\\565f\\4348\\4152\\5f31\\3134\\2f45\\5645\\4e54\\2f67\\726c\\5f32\\3032\\0000\「ヒトをたすけたんだ」\f801\\ffff\</translate>
			</id>
			<id id="751">
				<origin>奥の扉へと進む君たちの耳に\f801\以前にも聞いた少女の声が届く。\f801\\ffff\</origin>
				<translate>奥の扉へと進む君たちの耳に\f801\以前にも聞いた少女の声が届く。\f801\\ffff\</translate>
			</id>
			<id id="752">
				<origin>\f812\？？？\0000\\f81b\\565f\\4348\\4152\\5f31\\3134\\2f45\\5645\\4e54\\2f67\\726c\\5f32\\3033\\0000\「おなじもくてきのヒトだからたすけたの？\f801\なら、てきたいするヒトでもたすけるの？」\f801\\f802\\f81b\\565f\\4348\\4152\\5f31\\3134\\2f45\\5645\\4e54\\2f67\\726c\\5f32\\3034\\0000\「みせてもらうよ。このさきでも………」\f801\\ffff\</origin>
				<translate>\f812\？？？\0000\\f81b\\565f\\4348\\4152\\5f31\\3134\\2f45\\5645\\4e54\\2f67\\726c\\5f32\\3033\\0000\「おなじもくてきのヒトだからたすけたの？\f801\なら、てきたいするヒトでもたすけるの？」\f801\\f802\\f81b\\565f\\4348\\4152\\5f31\\3134\\2f45\\5645\\4e54\\2f67\\726c\\5f32\\3034\\0000\「みせてもらうよ。このさきでも………」\f801\\ffff\</translate>
			</id>
			<id id="753">
				<origin>誰もいない空間に響く少女の声は\f801\そのまま消えていく。\f801\\f802\君たちは不思議に思いつつも\f801\先へと急ぐことにする。\f801\\ffff\</origin>
				<translate>誰もいない空間に響く少女の声は\f801\そのまま消えていく。\f801\\f802\君たちは不思議に思いつつも\f801\先へと急ぐことにする。\f801\\ffff\</translate>
			</id>
		</body>
	</mbm>
