<?xml version="1.0" encoding="UTF-8"?>
	<mbm>
		<head>000000004d53473200000100</head>
		<size>e8350000</size>
		<number>00050000</number>
		<j>200000000000000000000000</j>
		<body>
			<id id="0">
				<origin>\f812\だるそうな少女\0000\\f81b\\565f\\4348\\4152\\5f31\\3031\\2f45\\5645\\4e54\\2f46\\4952\\5354\\5f41\\5050\\4541\\522f\\686f\\745f\\3035\\3000\\0000\本日定休日でーす\f801\\ffff\</origin>
				<translate>\f812\だるそうな少女\0000\\f81b\\565f\\4348\\4152\\5f31\\3031\\2f45\\5645\\4e54\\2f46\\4952\\5354\\5f41\\5050\\4541\\522f\\686f\\745f\\3035\\3000\\0000\本日定休日でーす\f801\\ffff\</translate>
			</id>
			<id id="1">
				<origin>\f812\ガラの悪いネコ\0000\フニャー！！\f801\\ffff\</origin>
				<translate>\f812\ガラの悪いネコ\0000\フニャー！！\f801\\ffff\</translate>
			</id>
			<id id="2">
				<origin>\f812\だるそうな少女\0000\\f81b\\565f\\4348\\4152\\5f31\\3031\\2f45\\5645\\4e54\\2f46\\4952\\5354\\5f41\\5050\\4541\\522f\\686f\\745f\\3035\\3100\\0000\…もぅ！ わかったから…\f801\開店、今から開店しまーす。\f801\\f802\\f859\\0100\私は\f804\\0500\ヴィヴィアン\f804\\0000\。\f801\頭に乗っかってるのが\f804\\0500\マーリン\f804\\0000\さんだよ。\f801\\ffff\</origin>
				<translate>\f812\だるそうな少女\0000\\f81b\\565f\\4348\\4152\\5f31\\3031\\2f45\\5645\\4e54\\2f46\\4952\\5354\\5f41\\5050\\4541\\522f\\686f\\745f\\3035\\3100\\0000\…もぅ！ わかったから…\f801\開店、今から開店しまーす。\f801\\f802\\f859\\0100\私は\f804\\0500\ヴィヴィアン\f804\\0000\。\f801\頭に乗っかってるのが\f804\\0500\マーリン\f804\\0000\さんだよ。\f801\\ffff\</translate>
			</id>
			<id id="3">
				<origin>\f859\\0100\\f81b\\565f\\4348\\4152\\5f31\\3031\\2f45\\5645\\4e54\\2f68\\6f74\\5f32\\3030\\0000\それじゃあ…おやすみー\f801\\ffff\</origin>
				<translate>\f859\\0100\\f81b\\565f\\4348\\4152\\5f31\\3031\\2f45\\5645\\4e54\\2f68\\6f74\\5f32\\3030\\0000\それじゃあ…おやすみー\f801\\ffff\</translate>
			</id>
			<id id="4">
				<origin>\f804\\0300\宿は冒険者が探索で\f801\疲れた体を休める施設です。\f801\\f804\\0000\\f802\\f804\\0300\宿泊すれば、戦闘不能状態のキャラクターも\f801\含めて、ＨＰとＴＰが全回復します。\f801\\f804\\0000\\f802\\f804\\0300\またゲームデータのセーブもここで\f801\行うことができますので、こまめに\f801\セーブをするといいでしょう。\f801\\ffff\</origin>
				<translate>\f804\\0300\宿は冒険者が探索で\f801\疲れた体を休める施設です。\f801\\f804\\0000\\f802\\f804\\0300\宿泊すれば、戦闘不能状態のキャラクターも\f801\含めて、ＨＰとＴＰが全回復します。\f801\\f804\\0000\\f802\\f804\\0300\またゲームデータのセーブもここで\f801\行うことができますので、こまめに\f801\セーブをするといいでしょう。\f801\\ffff\</translate>
			</id>
			<id id="5"/>
			<id id="6"/>
			<id id="7"/>
			<id id="8"/>
			<id id="9"/>
			<id id="10"/>
			<id id="11"/>
			<id id="12"/>
			<id id="13"/>
			<id id="14"/>
			<id id="15"/>
			<id id="16"/>
			<id id="17"/>
			<id id="18"/>
			<id id="19"/>
			<id id="20"/>
			<id id="21"/>
			<id id="22"/>
			<id id="23"/>
			<id id="24"/>
			<id id="25"/>
			<id id="26"/>
			<id id="27"/>
			<id id="28"/>
			<id id="29"/>
			<id id="30"/>
			<id id="31"/>
			<id id="32"/>
			<id id="33"/>
			<id id="34"/>
			<id id="35"/>
			<id id="36"/>
			<id id="37"/>
			<id id="38"/>
			<id id="39"/>
			<id id="40"/>
			<id id="41"/>
			<id id="42"/>
			<id id="43"/>
			<id id="44"/>
			<id id="45"/>
			<id id="46"/>
			<id id="47"/>
			<id id="48"/>
			<id id="49"/>
			<id id="50">
				<origin>\f859\\0100\\f81b\\565f\\4348\\4152\\5f31\\3031\\2f45\\5645\\4e54\\2f68\\6f74\\5f32\\3030\\0000\ふぁぁっ…、んん？\f801\ああ、みんなは確かこの前来た……\f801\\f802\…誰だっけ？\f801\へー、\f840\っていうんだ。\f801\\f802\\f81b\\565f\\4348\\4152\\5f31\\3031\\2f45\\5645\\4e54\\2f68\\6f74\\5f32\\3037\\0000\じゃあ、一応教えておくけど\f801\マギニアには他にも冒険者がいるから\f801\冒険の途中で出会えることもあるよ。\f801\\ffff\</origin>
				<translate>\f859\\0100\\f81b\\565f\\4348\\4152\\5f31\\3031\\2f45\\5645\\4e54\\2f68\\6f74\\5f32\\3030\\0000\ふぁぁっ…、んん？\f801\ああ、みんなは確かこの前来た……\f801\\f802\…誰だっけ？\f801\へー、\f840\っていうんだ。\f801\\f802\\f81b\\565f\\4348\\4152\\5f31\\3031\\2f45\\5645\\4e54\\2f68\\6f74\\5f32\\3037\\0000\じゃあ、一応教えておくけど\f801\マギニアには他にも冒険者がいるから\f801\冒険の途中で出会えることもあるよ。\f801\\ffff\</translate>
			</id>
			<id id="51">
				<origin>\f804\\0300\宿屋では\f804\\0500\すれちがい通信の設定\f804\\0300\や\f801\\f804\\0500\ＱＲコードを読み込む\f804\\0300\ことができます。\f801\\f802\\f804\\0300\すれちがい通信では\f804\\0500\自分のギルドカードを\f801\他のプレイヤーに送る\f804\\0300\ことができます。\f801\\f802\\f804\\0300\反対に\f804\\0500\他のプレイヤーのギルドカードを\f801\受け取る\f804\\0300\ことも可能です。\f801\\f802\\f804\\0300\さらにギルドカードにキャラクターを\f801\設定しておくことで、\f804\\0500\自分のキャラクターを\f801\他のプレイヤーに送る\f804\\0300\こともできます。\f801\\f802\\f804\\0300\またＱＲコードを読み込むことで\f801\\f804\\0500\アイテムやギルドカードなどを\f801\受け取る\f804\\0300\こともできます。\f801\\ffff\</origin>
				<translate>\f804\\0300\宿屋では\f804\\0500\すれちがい通信の設定\f804\\0300\や\f801\\f804\\0500\ＱＲコードを読み込む\f804\\0300\ことができます。\f801\\f802\\f804\\0300\すれちがい通信では\f804\\0500\自分のギルドカードを\f801\他のプレイヤーに送る\f804\\0300\ことができます。\f801\\f802\\f804\\0300\反対に\f804\\0500\他のプレイヤーのギルドカードを\f801\受け取る\f804\\0300\ことも可能です。\f801\\f802\\f804\\0300\さらにギルドカードにキャラクターを\f801\設定しておくことで、\f804\\0500\自分のキャラクターを\f801\他のプレイヤーに送る\f804\\0300\こともできます。\f801\\f802\\f804\\0300\またＱＲコードを読み込むことで\f801\\f804\\0500\アイテムやギルドカードなどを\f801\受け取る\f804\\0300\こともできます。\f801\\ffff\</translate>
			</id>
			<id id="52"/>
			<id id="53"/>
			<id id="54"/>
			<id id="55"/>
			<id id="56"/>
			<id id="57"/>
			<id id="58"/>
			<id id="59"/>
			<id id="60"/>
			<id id="61"/>
			<id id="62"/>
			<id id="63"/>
			<id id="64"/>
			<id id="65"/>
			<id id="66"/>
			<id id="67"/>
			<id id="68"/>
			<id id="69"/>
			<id id="70"/>
			<id id="71"/>
			<id id="72"/>
			<id id="73"/>
			<id id="74"/>
			<id id="75"/>
			<id id="76"/>
			<id id="77"/>
			<id id="78"/>
			<id id="79"/>
			<id id="80"/>
			<id id="81"/>
			<id id="82"/>
			<id id="83"/>
			<id id="84"/>
			<id id="85"/>
			<id id="86"/>
			<id id="87"/>
			<id id="88"/>
			<id id="89"/>
			<id id="90"/>
			<id id="91"/>
			<id id="92"/>
			<id id="93"/>
			<id id="94"/>
			<id id="95"/>
			<id id="96"/>
			<id id="97"/>
			<id id="98"/>
			<id id="99"/>
			<id id="100">
				<origin>\f859\\0e00\\f81b\\565f\\4348\\4152\\5f31\\3935\\2f45\\5645\\4e54\\2f72\\6f62\\5f32\\3237\\0000\おい、\f840\！\f801\カリスを見なかったか？\f801\\ffff\</origin>
				<translate>\f859\\0e00\\f81b\\565f\\4348\\4152\\5f31\\3935\\2f45\\5645\\4e54\\2f72\\6f62\\5f32\\3237\\0000\おい、\f840\！\f801\カリスを見なかったか？\f801\\ffff\</translate>
			</id>
			<id id="101">
				<origin>\f804\\0500\何と答えますか？\f804\\0000\\f801\見てない\f801\どうかしたのか？\f801\\ffff\</origin>
				<translate>\f804\\0500\何と答えますか？\f804\\0000\\f801\見てない\f801\どうかしたのか？\f801\\ffff\</translate>
			</id>
			<id id="102">
				<origin>\f859\\0e00\……そうか、見てないか。\f801\だとすると……クソッ！\f801\\f802\\f840\よ、\f801\折り入って頼みがある。\f801\オレと一緒に来てくれないか？\f801\\f802\場所は\f804\\0500\最近発見された樹海\f804\\0000\のはずだ。\f801\オレは先に向かっているから……\f801\頼むぞ。\f801\\ffff\</origin>
				<translate>\f859\\0e00\……そうか、見てないか。\f801\だとすると……クソッ！\f801\\f802\\f840\よ、\f801\折り入って頼みがある。\f801\オレと一緒に来てくれないか？\f801\\f802\場所は\f804\\0500\最近発見された樹海\f804\\0000\のはずだ。\f801\オレは先に向かっているから……\f801\頼むぞ。\f801\\ffff\</translate>
			</id>
			<id id="103">
				<origin>\f859\\0e00\……ああ、あいつ一人で\f801\危険な樹海に向かったみたいだ。\f801\\f802\\f840\よ、\f801\折り入って頼みがある。\f801\オレと一緒に来てくれないか？\f801\\f802\場所は\f804\\0500\最近発見された樹海\f804\\0000\のはずだ。\f801\オレは先に向かっているから……\f801\頼むぞ。\f801\\ffff\</origin>
				<translate>\f859\\0e00\……ああ、あいつ一人で\f801\危険な樹海に向かったみたいだ。\f801\\f802\\f840\よ、\f801\折り入って頼みがある。\f801\オレと一緒に来てくれないか？\f801\\f802\場所は\f804\\0500\最近発見された樹海\f804\\0000\のはずだ。\f801\オレは先に向かっているから……\f801\頼むぞ。\f801\\ffff\</translate>
			</id>
			<id id="104"/>
			<id id="105"/>
			<id id="106"/>
			<id id="107"/>
			<id id="108"/>
			<id id="109"/>
			<id id="110"/>
			<id id="111"/>
			<id id="112"/>
			<id id="113"/>
			<id id="114"/>
			<id id="115"/>
			<id id="116"/>
			<id id="117"/>
			<id id="118"/>
			<id id="119"/>
			<id id="120"/>
			<id id="121"/>
			<id id="122"/>
			<id id="123"/>
			<id id="124"/>
			<id id="125"/>
			<id id="126"/>
			<id id="127"/>
			<id id="128"/>
			<id id="129"/>
			<id id="130"/>
			<id id="131"/>
			<id id="132"/>
			<id id="133"/>
			<id id="134"/>
			<id id="135"/>
			<id id="136"/>
			<id id="137"/>
			<id id="138"/>
			<id id="139"/>
			<id id="140"/>
			<id id="141"/>
			<id id="142"/>
			<id id="143"/>
			<id id="144"/>
			<id id="145"/>
			<id id="146"/>
			<id id="147"/>
			<id id="148"/>
			<id id="149"/>
			<id id="150">
				<origin>\f859\\0100\\f81b\\565f\\4348\\4152\\5f31\\3031\\2f45\\5645\\4e54\\2f68\\6f74\\5f32\\3030\\0000\ふぁぁぁっ。\f801\あ、いらっしゃーい。\f801\\f802\\f81b\\565f\\4348\\4152\\5f31\\3031\\2f45\\5645\\4e54\\2f68\\6f74\\5f32\\3131\\0000\あれ？ \f843\\0000\さん\f801\なんだかいつもと違う気が……。\f801\\f802\マーリンさんも\f843\\0000\さんを\f801\みると怯えている気がするよ？\f801\\ffff\</origin>
				<translate>\f859\\0100\\f81b\\565f\\4348\\4152\\5f31\\3031\\2f45\\5645\\4e54\\2f68\\6f74\\5f32\\3030\\0000\ふぁぁぁっ。\f801\あ、いらっしゃーい。\f801\\f802\\f81b\\565f\\4348\\4152\\5f31\\3031\\2f45\\5645\\4e54\\2f68\\6f74\\5f32\\3131\\0000\あれ？ \f843\\0000\さん\f801\なんだかいつもと違う気が……。\f801\\f802\マーリンさんも\f843\\0000\さんを\f801\みると怯えている気がするよ？\f801\\ffff\</translate>
			</id>
			<id id="151"/>
			<id id="152"/>
			<id id="153"/>
			<id id="154"/>
			<id id="155"/>
			<id id="156"/>
			<id id="157"/>
			<id id="158"/>
			<id id="159"/>
			<id id="160"/>
			<id id="161"/>
			<id id="162"/>
			<id id="163"/>
			<id id="164"/>
			<id id="165"/>
			<id id="166"/>
			<id id="167"/>
			<id id="168"/>
			<id id="169"/>
			<id id="170"/>
			<id id="171"/>
			<id id="172"/>
			<id id="173"/>
			<id id="174"/>
			<id id="175"/>
			<id id="176"/>
			<id id="177"/>
			<id id="178"/>
			<id id="179"/>
			<id id="180"/>
			<id id="181"/>
			<id id="182"/>
			<id id="183"/>
			<id id="184"/>
			<id id="185"/>
			<id id="186"/>
			<id id="187"/>
			<id id="188"/>
			<id id="189"/>
			<id id="190"/>
			<id id="191"/>
			<id id="192"/>
			<id id="193"/>
			<id id="194"/>
			<id id="195"/>
			<id id="196"/>
			<id id="197"/>
			<id id="198"/>
			<id id="199"/>
			<id id="200"/>
			<id id="201"/>
			<id id="202"/>
			<id id="203"/>
			<id id="204"/>
			<id id="205"/>
			<id id="206"/>
			<id id="207"/>
			<id id="208"/>
			<id id="209"/>
			<id id="210"/>
			<id id="211"/>
			<id id="212"/>
			<id id="213"/>
			<id id="214"/>
			<id id="215"/>
			<id id="216"/>
			<id id="217"/>
			<id id="218"/>
			<id id="219"/>
			<id id="220"/>
			<id id="221"/>
			<id id="222"/>
			<id id="223"/>
			<id id="224"/>
			<id id="225"/>
			<id id="226"/>
			<id id="227"/>
			<id id="228"/>
			<id id="229"/>
			<id id="230"/>
			<id id="231"/>
			<id id="232"/>
			<id id="233"/>
			<id id="234"/>
			<id id="235"/>
			<id id="236"/>
			<id id="237"/>
			<id id="238"/>
			<id id="239"/>
			<id id="240"/>
			<id id="241"/>
			<id id="242"/>
			<id id="243"/>
			<id id="244"/>
			<id id="245"/>
			<id id="246"/>
			<id id="247"/>
			<id id="248"/>
			<id id="249"/>
			<id id="250"/>
			<id id="251"/>
			<id id="252"/>
			<id id="253"/>
			<id id="254"/>
			<id id="255"/>
			<id id="256"/>
			<id id="257"/>
			<id id="258"/>
			<id id="259"/>
			<id id="260"/>
			<id id="261"/>
			<id id="262"/>
			<id id="263"/>
			<id id="264"/>
			<id id="265"/>
			<id id="266"/>
			<id id="267"/>
			<id id="268"/>
			<id id="269"/>
			<id id="270"/>
			<id id="271"/>
			<id id="272"/>
			<id id="273"/>
			<id id="274"/>
			<id id="275"/>
			<id id="276"/>
			<id id="277"/>
			<id id="278"/>
			<id id="279"/>
			<id id="280"/>
			<id id="281"/>
			<id id="282"/>
			<id id="283"/>
			<id id="284"/>
			<id id="285"/>
			<id id="286"/>
			<id id="287"/>
			<id id="288"/>
			<id id="289"/>
			<id id="290"/>
			<id id="291"/>
			<id id="292"/>
			<id id="293"/>
			<id id="294"/>
			<id id="295"/>
			<id id="296"/>
			<id id="297"/>
			<id id="298"/>
			<id id="299"/>
			<id id="300"/>
			<id id="301"/>
			<id id="302"/>
			<id id="303"/>
			<id id="304"/>
			<id id="305"/>
			<id id="306"/>
			<id id="307"/>
			<id id="308"/>
			<id id="309"/>
			<id id="310"/>
			<id id="311"/>
			<id id="312"/>
			<id id="313"/>
			<id id="314"/>
			<id id="315"/>
			<id id="316"/>
			<id id="317"/>
			<id id="318"/>
			<id id="319"/>
			<id id="320"/>
			<id id="321"/>
			<id id="322"/>
			<id id="323"/>
			<id id="324"/>
			<id id="325"/>
			<id id="326"/>
			<id id="327"/>
			<id id="328"/>
			<id id="329"/>
			<id id="330"/>
			<id id="331"/>
			<id id="332"/>
			<id id="333"/>
			<id id="334"/>
			<id id="335"/>
			<id id="336"/>
			<id id="337"/>
			<id id="338"/>
			<id id="339"/>
			<id id="340"/>
			<id id="341"/>
			<id id="342"/>
			<id id="343"/>
			<id id="344"/>
			<id id="345"/>
			<id id="346"/>
			<id id="347"/>
			<id id="348"/>
			<id id="349"/>
			<id id="350"/>
			<id id="351"/>
			<id id="352"/>
			<id id="353"/>
			<id id="354"/>
			<id id="355"/>
			<id id="356"/>
			<id id="357"/>
			<id id="358"/>
			<id id="359"/>
			<id id="360"/>
			<id id="361"/>
			<id id="362"/>
			<id id="363"/>
			<id id="364"/>
			<id id="365"/>
			<id id="366"/>
			<id id="367"/>
			<id id="368"/>
			<id id="369"/>
			<id id="370"/>
			<id id="371"/>
			<id id="372"/>
			<id id="373"/>
			<id id="374"/>
			<id id="375"/>
			<id id="376"/>
			<id id="377"/>
			<id id="378"/>
			<id id="379"/>
			<id id="380"/>
			<id id="381"/>
			<id id="382"/>
			<id id="383"/>
			<id id="384"/>
			<id id="385"/>
			<id id="386"/>
			<id id="387"/>
			<id id="388"/>
			<id id="389"/>
			<id id="390"/>
			<id id="391"/>
			<id id="392"/>
			<id id="393"/>
			<id id="394"/>
			<id id="395"/>
			<id id="396"/>
			<id id="397"/>
			<id id="398"/>
			<id id="399"/>
			<id id="400"/>
			<id id="401"/>
			<id id="402"/>
			<id id="403"/>
			<id id="404"/>
			<id id="405"/>
			<id id="406"/>
			<id id="407"/>
			<id id="408"/>
			<id id="409"/>
			<id id="410"/>
			<id id="411"/>
			<id id="412"/>
			<id id="413"/>
			<id id="414"/>
			<id id="415"/>
			<id id="416"/>
			<id id="417"/>
			<id id="418"/>
			<id id="419"/>
			<id id="420"/>
			<id id="421"/>
			<id id="422"/>
			<id id="423"/>
			<id id="424"/>
			<id id="425"/>
			<id id="426"/>
			<id id="427"/>
			<id id="428"/>
			<id id="429"/>
			<id id="430"/>
			<id id="431"/>
			<id id="432"/>
			<id id="433"/>
			<id id="434"/>
			<id id="435"/>
			<id id="436"/>
			<id id="437"/>
			<id id="438"/>
			<id id="439"/>
			<id id="440"/>
			<id id="441"/>
			<id id="442"/>
			<id id="443"/>
			<id id="444"/>
			<id id="445"/>
			<id id="446"/>
			<id id="447"/>
			<id id="448"/>
			<id id="449"/>
			<id id="450"/>
			<id id="451"/>
			<id id="452"/>
			<id id="453"/>
			<id id="454"/>
			<id id="455"/>
			<id id="456"/>
			<id id="457"/>
			<id id="458"/>
			<id id="459"/>
			<id id="460"/>
			<id id="461"/>
			<id id="462"/>
			<id id="463"/>
			<id id="464"/>
			<id id="465"/>
			<id id="466"/>
			<id id="467"/>
			<id id="468"/>
			<id id="469"/>
			<id id="470"/>
			<id id="471"/>
			<id id="472"/>
			<id id="473"/>
			<id id="474"/>
			<id id="475"/>
			<id id="476"/>
			<id id="477"/>
			<id id="478"/>
			<id id="479"/>
			<id id="480"/>
			<id id="481"/>
			<id id="482"/>
			<id id="483"/>
			<id id="484"/>
			<id id="485"/>
			<id id="486"/>
			<id id="487"/>
			<id id="488"/>
			<id id="489"/>
			<id id="490"/>
			<id id="491"/>
			<id id="492"/>
			<id id="493"/>
			<id id="494"/>
			<id id="495"/>
			<id id="496"/>
			<id id="497"/>
			<id id="498"/>
			<id id="499"/>
			<id id="500"/>
			<id id="501"/>
			<id id="502"/>
			<id id="503"/>
			<id id="504"/>
			<id id="505"/>
			<id id="506"/>
			<id id="507"/>
			<id id="508"/>
			<id id="509"/>
			<id id="510"/>
			<id id="511"/>
			<id id="512"/>
			<id id="513"/>
			<id id="514"/>
			<id id="515"/>
			<id id="516"/>
			<id id="517"/>
			<id id="518"/>
			<id id="519"/>
			<id id="520"/>
			<id id="521"/>
			<id id="522"/>
			<id id="523"/>
			<id id="524"/>
			<id id="525"/>
			<id id="526"/>
			<id id="527"/>
			<id id="528"/>
			<id id="529"/>
			<id id="530"/>
			<id id="531"/>
			<id id="532"/>
			<id id="533"/>
			<id id="534"/>
			<id id="535"/>
			<id id="536"/>
			<id id="537"/>
			<id id="538"/>
			<id id="539"/>
			<id id="540"/>
			<id id="541"/>
			<id id="542"/>
			<id id="543"/>
			<id id="544"/>
			<id id="545"/>
			<id id="546"/>
			<id id="547"/>
			<id id="548"/>
			<id id="549"/>
			<id id="550"/>
			<id id="551"/>
			<id id="552"/>
			<id id="553"/>
			<id id="554"/>
			<id id="555"/>
			<id id="556"/>
			<id id="557"/>
			<id id="558"/>
			<id id="559"/>
			<id id="560"/>
			<id id="561"/>
			<id id="562"/>
			<id id="563"/>
			<id id="564"/>
			<id id="565"/>
			<id id="566"/>
			<id id="567"/>
			<id id="568"/>
			<id id="569"/>
			<id id="570"/>
			<id id="571"/>
			<id id="572"/>
			<id id="573"/>
			<id id="574"/>
			<id id="575"/>
			<id id="576"/>
			<id id="577"/>
			<id id="578"/>
			<id id="579"/>
			<id id="580"/>
			<id id="581"/>
			<id id="582"/>
			<id id="583"/>
			<id id="584"/>
			<id id="585"/>
			<id id="586"/>
			<id id="587"/>
			<id id="588"/>
			<id id="589"/>
			<id id="590"/>
			<id id="591"/>
			<id id="592"/>
			<id id="593"/>
			<id id="594"/>
			<id id="595"/>
			<id id="596"/>
			<id id="597"/>
			<id id="598"/>
			<id id="599"/>
			<id id="600"/>
			<id id="601"/>
			<id id="602"/>
			<id id="603"/>
			<id id="604"/>
			<id id="605"/>
			<id id="606"/>
			<id id="607"/>
			<id id="608"/>
			<id id="609"/>
			<id id="610"/>
			<id id="611"/>
			<id id="612"/>
			<id id="613"/>
			<id id="614"/>
			<id id="615"/>
			<id id="616"/>
			<id id="617"/>
			<id id="618"/>
			<id id="619"/>
			<id id="620"/>
			<id id="621"/>
			<id id="622"/>
			<id id="623"/>
			<id id="624"/>
			<id id="625"/>
			<id id="626"/>
			<id id="627"/>
			<id id="628"/>
			<id id="629"/>
			<id id="630"/>
			<id id="631"/>
			<id id="632"/>
			<id id="633"/>
			<id id="634"/>
			<id id="635"/>
			<id id="636"/>
			<id id="637"/>
			<id id="638"/>
			<id id="639"/>
			<id id="640"/>
			<id id="641"/>
			<id id="642"/>
			<id id="643"/>
			<id id="644"/>
			<id id="645"/>
			<id id="646"/>
			<id id="647"/>
			<id id="648"/>
			<id id="649"/>
			<id id="650"/>
			<id id="651"/>
			<id id="652"/>
			<id id="653"/>
			<id id="654"/>
			<id id="655"/>
			<id id="656"/>
			<id id="657"/>
			<id id="658"/>
			<id id="659"/>
			<id id="660"/>
			<id id="661"/>
			<id id="662"/>
			<id id="663"/>
			<id id="664"/>
			<id id="665"/>
			<id id="666"/>
			<id id="667"/>
			<id id="668"/>
			<id id="669"/>
			<id id="670"/>
			<id id="671"/>
			<id id="672"/>
			<id id="673"/>
			<id id="674"/>
			<id id="675"/>
			<id id="676"/>
			<id id="677"/>
			<id id="678"/>
			<id id="679"/>
			<id id="680"/>
			<id id="681"/>
			<id id="682"/>
			<id id="683"/>
			<id id="684"/>
			<id id="685"/>
			<id id="686"/>
			<id id="687"/>
			<id id="688"/>
			<id id="689"/>
			<id id="690"/>
			<id id="691"/>
			<id id="692"/>
			<id id="693"/>
			<id id="694"/>
			<id id="695"/>
			<id id="696"/>
			<id id="697"/>
			<id id="698"/>
			<id id="699"/>
			<id id="700"/>
			<id id="701"/>
			<id id="702"/>
			<id id="703"/>
			<id id="704"/>
			<id id="705"/>
			<id id="706"/>
			<id id="707"/>
			<id id="708"/>
			<id id="709"/>
			<id id="710"/>
			<id id="711"/>
			<id id="712"/>
			<id id="713"/>
			<id id="714"/>
			<id id="715"/>
			<id id="716"/>
			<id id="717"/>
			<id id="718"/>
			<id id="719"/>
			<id id="720"/>
			<id id="721"/>
			<id id="722"/>
			<id id="723"/>
			<id id="724"/>
			<id id="725"/>
			<id id="726"/>
			<id id="727"/>
			<id id="728"/>
			<id id="729"/>
			<id id="730"/>
			<id id="731"/>
			<id id="732"/>
			<id id="733"/>
			<id id="734"/>
			<id id="735"/>
			<id id="736"/>
			<id id="737"/>
			<id id="738"/>
			<id id="739"/>
			<id id="740"/>
			<id id="741"/>
			<id id="742"/>
			<id id="743"/>
			<id id="744"/>
			<id id="745"/>
			<id id="746"/>
			<id id="747"/>
			<id id="748"/>
			<id id="749"/>
			<id id="750"/>
			<id id="751"/>
			<id id="752"/>
			<id id="753"/>
			<id id="754"/>
			<id id="755"/>
			<id id="756"/>
			<id id="757"/>
			<id id="758"/>
			<id id="759"/>
			<id id="760"/>
			<id id="761"/>
			<id id="762"/>
			<id id="763"/>
			<id id="764"/>
			<id id="765"/>
			<id id="766"/>
			<id id="767"/>
			<id id="768"/>
			<id id="769"/>
			<id id="770"/>
			<id id="771"/>
			<id id="772"/>
			<id id="773"/>
			<id id="774"/>
			<id id="775"/>
			<id id="776"/>
			<id id="777"/>
			<id id="778"/>
			<id id="779"/>
			<id id="780"/>
			<id id="781"/>
			<id id="782"/>
			<id id="783"/>
			<id id="784"/>
			<id id="785"/>
			<id id="786"/>
			<id id="787"/>
			<id id="788"/>
			<id id="789"/>
			<id id="790"/>
			<id id="791"/>
			<id id="792"/>
			<id id="793"/>
			<id id="794"/>
			<id id="795"/>
			<id id="796"/>
			<id id="797"/>
			<id id="798"/>
			<id id="799"/>
			<id id="800"/>
			<id id="801"/>
			<id id="802"/>
			<id id="803"/>
			<id id="804"/>
			<id id="805"/>
			<id id="806"/>
			<id id="807"/>
			<id id="808"/>
			<id id="809"/>
			<id id="810"/>
			<id id="811"/>
			<id id="812"/>
			<id id="813"/>
			<id id="814"/>
			<id id="815"/>
			<id id="816"/>
			<id id="817"/>
			<id id="818"/>
			<id id="819"/>
			<id id="820"/>
			<id id="821"/>
			<id id="822"/>
			<id id="823"/>
			<id id="824"/>
			<id id="825"/>
			<id id="826"/>
			<id id="827"/>
			<id id="828"/>
			<id id="829"/>
			<id id="830"/>
			<id id="831"/>
			<id id="832"/>
			<id id="833"/>
			<id id="834"/>
			<id id="835"/>
			<id id="836"/>
			<id id="837"/>
			<id id="838"/>
			<id id="839"/>
			<id id="840"/>
			<id id="841"/>
			<id id="842"/>
			<id id="843"/>
			<id id="844"/>
			<id id="845"/>
			<id id="846"/>
			<id id="847"/>
			<id id="848"/>
			<id id="849"/>
			<id id="850"/>
			<id id="851"/>
			<id id="852"/>
			<id id="853"/>
			<id id="854"/>
			<id id="855"/>
			<id id="856"/>
			<id id="857"/>
			<id id="858"/>
			<id id="859"/>
			<id id="860"/>
			<id id="861"/>
			<id id="862"/>
			<id id="863"/>
			<id id="864"/>
			<id id="865"/>
			<id id="866"/>
			<id id="867"/>
			<id id="868"/>
			<id id="869"/>
			<id id="870"/>
			<id id="871"/>
			<id id="872"/>
			<id id="873"/>
			<id id="874"/>
			<id id="875"/>
			<id id="876"/>
			<id id="877"/>
			<id id="878"/>
			<id id="879"/>
			<id id="880"/>
			<id id="881"/>
			<id id="882"/>
			<id id="883"/>
			<id id="884"/>
			<id id="885"/>
			<id id="886"/>
			<id id="887"/>
			<id id="888"/>
			<id id="889"/>
			<id id="890"/>
			<id id="891"/>
			<id id="892"/>
			<id id="893"/>
			<id id="894"/>
			<id id="895"/>
			<id id="896"/>
			<id id="897"/>
			<id id="898"/>
			<id id="899"/>
			<id id="900"/>
			<id id="901"/>
			<id id="902"/>
			<id id="903"/>
			<id id="904"/>
			<id id="905"/>
			<id id="906"/>
			<id id="907"/>
			<id id="908"/>
			<id id="909"/>
			<id id="910"/>
			<id id="911"/>
			<id id="912"/>
			<id id="913"/>
			<id id="914"/>
			<id id="915"/>
			<id id="916"/>
			<id id="917"/>
			<id id="918"/>
			<id id="919"/>
			<id id="920"/>
			<id id="921"/>
			<id id="922"/>
			<id id="923"/>
			<id id="924"/>
			<id id="925"/>
			<id id="926"/>
			<id id="927"/>
			<id id="928"/>
			<id id="929"/>
			<id id="930"/>
			<id id="931"/>
			<id id="932"/>
			<id id="933"/>
			<id id="934"/>
			<id id="935"/>
			<id id="936"/>
			<id id="937"/>
			<id id="938"/>
			<id id="939"/>
			<id id="940"/>
			<id id="941"/>
			<id id="942"/>
			<id id="943"/>
			<id id="944"/>
			<id id="945"/>
			<id id="946"/>
			<id id="947"/>
			<id id="948"/>
			<id id="949"/>
			<id id="950"/>
			<id id="951"/>
			<id id="952"/>
			<id id="953"/>
			<id id="954"/>
			<id id="955"/>
			<id id="956"/>
			<id id="957"/>
			<id id="958"/>
			<id id="959"/>
			<id id="960"/>
			<id id="961"/>
			<id id="962"/>
			<id id="963"/>
			<id id="964"/>
			<id id="965"/>
			<id id="966"/>
			<id id="967"/>
			<id id="968"/>
			<id id="969"/>
			<id id="970"/>
			<id id="971"/>
			<id id="972"/>
			<id id="973"/>
			<id id="974"/>
			<id id="975"/>
			<id id="976"/>
			<id id="977"/>
			<id id="978"/>
			<id id="979"/>
			<id id="980"/>
			<id id="981"/>
			<id id="982"/>
			<id id="983"/>
			<id id="984"/>
			<id id="985"/>
			<id id="986"/>
			<id id="987"/>
			<id id="988"/>
			<id id="989"/>
			<id id="990"/>
			<id id="991"/>
			<id id="992"/>
			<id id="993"/>
			<id id="994"/>
			<id id="995"/>
			<id id="996"/>
			<id id="997"/>
			<id id="998"/>
			<id id="999"/>
			<id id="1000">
				<origin>\f859\\0100\\f81b\\565f\\4348\\4152\\5f31\\3031\\2f45\\5645\\4e54\\2f68\\6f74\\5f32\\3030\\0000\…ふぁ、冒険に行くんでしょ？\f801\いってらっしゃーい……\f801\\ffff\</origin>
				<translate>\f859\\0100\\f81b\\565f\\4348\\4152\\5f31\\3031\\2f45\\5645\\4e54\\2f68\\6f74\\5f32\\3030\\0000\…ふぁ、冒険に行くんでしょ？\f801\いってらっしゃーい……\f801\\ffff\</translate>
			</id>
			<id id="1001"/>
			<id id="1002"/>
			<id id="1003"/>
			<id id="1004"/>
			<id id="1005"/>
			<id id="1006"/>
			<id id="1007"/>
			<id id="1008"/>
			<id id="1009"/>
			<id id="1010">
				<origin>\f859\\0100\\f81b\\565f\\4348\\4152\\5f31\\3031\\2f45\\5645\\4e54\\2f68\\6f74\\5f32\\3130\\0000\冒険者ってすごいよね～。\f801\朝から晩まで樹海に行って……。\f801\\f802\みんなが忙しい分、私がのんびりすれば、\f801\バランスがとれてるよね？\f801\\ffff\</origin>
				<translate>\f859\\0100\\f81b\\565f\\4348\\4152\\5f31\\3031\\2f45\\5645\\4e54\\2f68\\6f74\\5f32\\3130\\0000\冒険者ってすごいよね～。\f801\朝から晩まで樹海に行って……。\f801\\f802\みんなが忙しい分、私がのんびりすれば、\f801\バランスがとれてるよね？\f801\\ffff\</translate>
			</id>
			<id id="1011"/>
			<id id="1012"/>
			<id id="1013"/>
			<id id="1014"/>
			<id id="1015"/>
			<id id="1016"/>
			<id id="1017"/>
			<id id="1018"/>
			<id id="1019"/>
			<id id="1020">
				<origin>\f859\\0100\\f81b\\565f\\4348\\4152\\5f31\\3031\\2f45\\5645\\4e54\\2f68\\6f74\\5f32\\3030\\0000\ふぁぁっ…\f801\\f802\\f81b\\565f\\4348\\4152\\5f31\\3031\\2f45\\5645\\4e54\\2f68\\6f74\\5f32\\3130\\0000\おー、\f840\\f801\ちょっと聞いてくれよ。\f801\\f802\昨日、両親に『もっとまじめに働け！』って\f801\説教されたんだよ。ひどいと思わない？\f801\\ffff\</origin>
				<translate>\f859\\0100\\f81b\\565f\\4348\\4152\\5f31\\3031\\2f45\\5645\\4e54\\2f68\\6f74\\5f32\\3030\\0000\ふぁぁっ…\f801\\f802\\f81b\\565f\\4348\\4152\\5f31\\3031\\2f45\\5645\\4e54\\2f68\\6f74\\5f32\\3130\\0000\おー、\f840\\f801\ちょっと聞いてくれよ。\f801\\f802\昨日、両親に『もっとまじめに働け！』って\f801\説教されたんだよ。ひどいと思わない？\f801\\ffff\</translate>
			</id>
			<id id="1021">
				<origin>\f804\\0500\どう答えますか？\f804\\0000\\f801\ひどい\f801\ひどくない\f801\\ffff\</origin>
				<translate>\f804\\0500\どう答えますか？\f804\\0000\\f801\ひどい\f801\ひどくない\f801\\ffff\</translate>
			</id>
			<id id="1022">
				<origin>\f859\\0100\\f81b\\565f\\4348\\4152\\5f31\\3031\\2f45\\5645\\4e54\\2f68\\6f74\\5f32\\3035\\0000\だよなー。\f801\いつ客が来てもいいように\f801\受付で寝てるっていうのにひどいよな！\f801\\ffff\</origin>
				<translate>\f859\\0100\\f81b\\565f\\4348\\4152\\5f31\\3031\\2f45\\5645\\4e54\\2f68\\6f74\\5f32\\3035\\0000\だよなー。\f801\いつ客が来てもいいように\f801\受付で寝てるっていうのにひどいよな！\f801\\ffff\</translate>
			</id>
			<id id="1023">
				<origin>\f859\\0100\\f81b\\565f\\4348\\4152\\5f31\\3031\\2f45\\5645\\4e54\\2f68\\6f74\\5f32\\3138\\0000\なんでだよー。\f801\私はいつ客が来てもいいように\f801\受付で寝てるんだぞ！\f801\\ffff\</origin>
				<translate>\f859\\0100\\f81b\\565f\\4348\\4152\\5f31\\3031\\2f45\\5645\\4e54\\2f68\\6f74\\5f32\\3138\\0000\なんでだよー。\f801\私はいつ客が来てもいいように\f801\受付で寝てるんだぞ！\f801\\ffff\</translate>
			</id>
			<id id="1024"/>
			<id id="1025"/>
			<id id="1026"/>
			<id id="1027"/>
			<id id="1028"/>
			<id id="1029"/>
			<id id="1030">
				<origin>\f859\\0100\\f81b\\565f\\4348\\4152\\5f31\\3031\\2f45\\5645\\4e54\\2f68\\6f74\\5f32\\3033\\0000\ねえねえ\f840\。\f801\思いついたんだけど……\f801\\f802\\f81b\\565f\\4348\\4152\\5f31\\3031\\2f45\\5645\\4e54\\2f68\\6f74\\5f32\\3037\\0000\まぶたに目を書けば\f801\寝ててもバレないんじゃないかな？\f801\\ffff\</origin>
				<translate>\f859\\0100\\f81b\\565f\\4348\\4152\\5f31\\3031\\2f45\\5645\\4e54\\2f68\\6f74\\5f32\\3033\\0000\ねえねえ\f840\。\f801\思いついたんだけど……\f801\\f802\\f81b\\565f\\4348\\4152\\5f31\\3031\\2f45\\5645\\4e54\\2f68\\6f74\\5f32\\3037\\0000\まぶたに目を書けば\f801\寝ててもバレないんじゃないかな？\f801\\ffff\</translate>
			</id>
			<id id="1031">
				<origin>\f804\\0500\どう答えますか？\f804\\0000\\f801\ばれる\f801\ばれない\f801\\ffff\</origin>
				<translate>\f804\\0500\どう答えますか？\f804\\0000\\f801\ばれる\f801\ばれない\f801\\ffff\</translate>
			</id>
			<id id="1032">
				<origin>\f859\\0100\\f81b\\565f\\4348\\4152\\5f31\\3031\\2f45\\5645\\4e54\\2f68\\6f74\\5f32\\3138\\0000\そっかー、\f801\いいアイデアだと思ったのに…。\f801\\ffff\</origin>
				<translate>\f859\\0100\\f81b\\565f\\4348\\4152\\5f31\\3031\\2f45\\5645\\4e54\\2f68\\6f74\\5f32\\3138\\0000\そっかー、\f801\いいアイデアだと思ったのに…。\f801\\ffff\</translate>
			</id>
			<id id="1033">
				<origin>\f859\\0100\\f81b\\565f\\4348\\4152\\5f31\\3031\\2f45\\5645\\4e54\\2f68\\6f74\\5f32\\3036\\0000\だよな！\f801\さっそく今度試してみよう！\f801\\ffff\</origin>
				<translate>\f859\\0100\\f81b\\565f\\4348\\4152\\5f31\\3031\\2f45\\5645\\4e54\\2f68\\6f74\\5f32\\3036\\0000\だよな！\f801\さっそく今度試してみよう！\f801\\ffff\</translate>
			</id>
			<id id="1034"/>
			<id id="1035"/>
			<id id="1036"/>
			<id id="1037"/>
			<id id="1038"/>
			<id id="1039"/>
			<id id="1040">
				<origin>\f859\\0100\\f81b\\565f\\4348\\4152\\5f31\\3031\\2f45\\5645\\4e54\\2f68\\6f74\\5f32\\3030\\0000\ふぁぁぁっ\f801\私もマーリンさんみたいにネコなら\f801\毎日寝て暮らせたのになぁ……。\f801\\f802\あ～でもネコだと\f801\チョコが食べれないんだっけ？\f801\\f802\\f81b\\565f\\4348\\4152\\5f31\\3031\\2f45\\5645\\4e54\\2f68\\6f74\\5f32\\3131\\0000\毎日の昼寝かチョコか……\f801\これは難しい議題だな。\f801\\f840\はどう思う？\f801\\ffff\</origin>
				<translate>\f859\\0100\\f81b\\565f\\4348\\4152\\5f31\\3031\\2f45\\5645\\4e54\\2f68\\6f74\\5f32\\3030\\0000\ふぁぁぁっ\f801\私もマーリンさんみたいにネコなら\f801\毎日寝て暮らせたのになぁ……。\f801\\f802\あ～でもネコだと\f801\チョコが食べれないんだっけ？\f801\\f802\\f81b\\565f\\4348\\4152\\5f31\\3031\\2f45\\5645\\4e54\\2f68\\6f74\\5f32\\3131\\0000\毎日の昼寝かチョコか……\f801\これは難しい議題だな。\f801\\f840\はどう思う？\f801\\ffff\</translate>
			</id>
			<id id="1041"/>
			<id id="1042"/>
			<id id="1043"/>
			<id id="1044"/>
			<id id="1045"/>
			<id id="1046"/>
			<id id="1047"/>
			<id id="1048"/>
			<id id="1049"/>
			<id id="1050">
				<origin>\f859\\0100\\f81b\\565f\\4348\\4152\\5f31\\3031\\2f45\\5645\\4e54\\2f68\\6f74\\5f32\\3039\\0000\あー 思ったんだけどさー\f801\炊事や掃除を全て冒険者に任せる\f801\セルフサービスの宿ってどうかな？\f801\\f802\宿帳も自分で書いてもらえば\f801\私が受付にいる必要もなくなるんじゃない？\f801\\ffff\</origin>
				<translate>\f859\\0100\\f81b\\565f\\4348\\4152\\5f31\\3031\\2f45\\5645\\4e54\\2f68\\6f74\\5f32\\3039\\0000\あー 思ったんだけどさー\f801\炊事や掃除を全て冒険者に任せる\f801\セルフサービスの宿ってどうかな？\f801\\f802\宿帳も自分で書いてもらえば\f801\私が受付にいる必要もなくなるんじゃない？\f801\\ffff\</translate>
			</id>
			<id id="1051">
				<origin>\f804\\0500\どう答えますか？\f804\\0000\\f801\いい考えだ\f801\だめだと思う\f801\\ffff\</origin>
				<translate>\f804\\0500\どう答えますか？\f804\\0000\\f801\いい考えだ\f801\だめだと思う\f801\\ffff\</translate>
			</id>
			<id id="1052">
				<origin>\f859\\0100\\f81b\\565f\\4348\\4152\\5f31\\3031\\2f45\\5645\\4e54\\2f68\\6f74\\5f32\\3037\\0000\だろー\f801\よーし、今度両親に話してみようっと。\f801\\ffff\</origin>
				<translate>\f859\\0100\\f81b\\565f\\4348\\4152\\5f31\\3031\\2f45\\5645\\4e54\\2f68\\6f74\\5f32\\3037\\0000\だろー\f801\よーし、今度両親に話してみようっと。\f801\\ffff\</translate>
			</id>
			<id id="1053">
				<origin>\f859\\0100\\f81b\\565f\\4348\\4152\\5f31\\3031\\2f45\\5645\\4e54\\2f68\\6f74\\5f32\\3138\\0000\えー…\f801\なんでだよー、私が楽できて最高だのに…。\f801\\ffff\</origin>
				<translate>\f859\\0100\\f81b\\565f\\4348\\4152\\5f31\\3031\\2f45\\5645\\4e54\\2f68\\6f74\\5f32\\3138\\0000\えー…\f801\なんでだよー、私が楽できて最高だのに…。\f801\\ffff\</translate>
			</id>
			<id id="1054"/>
			<id id="1055"/>
			<id id="1056"/>
			<id id="1057"/>
			<id id="1058"/>
			<id id="1059"/>
			<id id="1060">
				<origin>\f859\\0100\\f81b\\565f\\4348\\4152\\5f31\\3031\\2f45\\5645\\4e54\\2f68\\6f74\\5f32\\3035\\0000\へへー\f801\楽して稼ぐいい方法を思いついたんだけど\f801\聞いてくれる？\f801\\f802\冒険者を雇って、樹海で収集をしてもらい\f801\集めた収集物を売れば\f801\私は楽して儲かるよね？\f801\\ffff\</origin>
				<translate>\f859\\0100\\f81b\\565f\\4348\\4152\\5f31\\3031\\2f45\\5645\\4e54\\2f68\\6f74\\5f32\\3035\\0000\へへー\f801\楽して稼ぐいい方法を思いついたんだけど\f801\聞いてくれる？\f801\\f802\冒険者を雇って、樹海で収集をしてもらい\f801\集めた収集物を売れば\f801\私は楽して儲かるよね？\f801\\ffff\</translate>
			</id>
			<id id="1061">
				<origin>\f804\\0500\どう答えますか？\f804\\0000\\f801\いい考え\f801\雇うお金は？\f801\\ffff\</origin>
				<translate>\f804\\0500\どう答えますか？\f804\\0000\\f801\いい考え\f801\雇うお金は？\f801\\ffff\</translate>
			</id>
			<id id="1062">
				<origin>\f859\\0100\\f81b\\565f\\4348\\4152\\5f31\\3031\\2f45\\5645\\4e54\\2f68\\6f74\\5f32\\3037\\0000\だろー。エトリアの冒険者から聞いたんだ。\f801\宿屋のクエストは\f801\５エンで引き受けてくれるって！\f801\\f802\これで楽して大儲け間違いなしだねー\f801\\ffff\</origin>
				<translate>\f859\\0100\\f81b\\565f\\4348\\4152\\5f31\\3031\\2f45\\5645\\4e54\\2f68\\6f74\\5f32\\3037\\0000\だろー。エトリアの冒険者から聞いたんだ。\f801\宿屋のクエストは\f801\５エンで引き受けてくれるって！\f801\\f802\これで楽して大儲け間違いなしだねー\f801\\ffff\</translate>
			</id>
			<id id="1063">
				<origin>\f859\\0100\\f81b\\565f\\4348\\4152\\5f31\\3031\\2f45\\5645\\4e54\\2f68\\6f74\\5f32\\3039\\0000\あー\f801\エトリアの冒険者に聞いたんだけど\f801\報酬は５エンでいいらしいよ。\f801\\f802\エトリアでは宿屋のクエストはその金額で\f801\引き受けてくれたんだってー。\f801\マギニアでもきっと受けてくれるって！\f801\\f802\\f81b\\565f\\4348\\4152\\5f31\\3031\\2f45\\5645\\4e54\\2f68\\6f74\\5f32\\3037\\0000\これで楽して大儲け間違いなしだねー\f801\\ffff\</origin>
				<translate>\f859\\0100\\f81b\\565f\\4348\\4152\\5f31\\3031\\2f45\\5645\\4e54\\2f68\\6f74\\5f32\\3039\\0000\あー\f801\エトリアの冒険者に聞いたんだけど\f801\報酬は５エンでいいらしいよ。\f801\\f802\エトリアでは宿屋のクエストはその金額で\f801\引き受けてくれたんだってー。\f801\マギニアでもきっと受けてくれるって！\f801\\f802\\f81b\\565f\\4348\\4152\\5f31\\3031\\2f45\\5645\\4e54\\2f68\\6f74\\5f32\\3037\\0000\これで楽して大儲け間違いなしだねー\f801\\ffff\</translate>
			</id>
			<id id="1064"/>
			<id id="1065"/>
			<id id="1066"/>
			<id id="1067"/>
			<id id="1068"/>
			<id id="1069"/>
			<id id="1070">
				<origin>\f859\\0100\\f81b\\565f\\4348\\4152\\5f31\\3031\\2f45\\5645\\4e54\\2f68\\6f74\\5f32\\3030\\0000\ふぁぁぁっ みんなは海都って知ってるの？\f801\南の海にあって、街の人たちが\f801\のんびり暮らしているんだってねー。\f801\\f802\私もマーリンさんと一緒に\f801\その街で寝て暮らしたいなぁ…。\f801\\ffff\</origin>
				<translate>\f859\\0100\\f81b\\565f\\4348\\4152\\5f31\\3031\\2f45\\5645\\4e54\\2f68\\6f74\\5f32\\3030\\0000\ふぁぁぁっ みんなは海都って知ってるの？\f801\南の海にあって、街の人たちが\f801\のんびり暮らしているんだってねー。\f801\\f802\私もマーリンさんと一緒に\f801\その街で寝て暮らしたいなぁ…。\f801\\ffff\</translate>
			</id>
			<id id="1071"/>
			<id id="1072"/>
			<id id="1073"/>
			<id id="1074"/>
			<id id="1075"/>
			<id id="1076"/>
			<id id="1077"/>
			<id id="1078"/>
			<id id="1079"/>
			<id id="1080">
				<origin>\f859\\0100\\f81b\\565f\\4348\\4152\\5f31\\3031\\2f45\\5645\\4e54\\2f68\\6f74\\5f32\\3033\\0000\お、\f840\か。\f801\聞いてくれる？\f801\\f802\マーリンさんなんだけど…\f801\実は六本の指を持ってるんだ。\f801\\f802\\f81b\\565f\\4348\\4152\\5f31\\3031\\2f45\\5645\\4e54\\2f68\\6f74\\5f32\\3035\\0000\これは幸運を呼ぶ印なんだってさ。\f801\みんなも触ったら幸せになれるかも\f801\知れないけど…どうする？\f801\\ffff\</origin>
				<translate>\f859\\0100\\f81b\\565f\\4348\\4152\\5f31\\3031\\2f45\\5645\\4e54\\2f68\\6f74\\5f32\\3033\\0000\お、\f840\か。\f801\聞いてくれる？\f801\\f802\マーリンさんなんだけど…\f801\実は六本の指を持ってるんだ。\f801\\f802\\f81b\\565f\\4348\\4152\\5f31\\3031\\2f45\\5645\\4e54\\2f68\\6f74\\5f32\\3035\\0000\これは幸運を呼ぶ印なんだってさ。\f801\みんなも触ったら幸せになれるかも\f801\知れないけど…どうする？\f801\\ffff\</translate>
			</id>
			<id id="1081">
				<origin>\f804\\0500\どう答えますか？\f804\\0000\\f801\さわりたい\f801\結構です\f801\\ffff\</origin>
				<translate>\f804\\0500\どう答えますか？\f804\\0000\\f801\さわりたい\f801\結構です\f801\\ffff\</translate>
			</id>
			<id id="1082">
				<origin>\f859\\0100\\f81b\\565f\\4348\\4152\\5f31\\3031\\2f45\\5645\\4e54\\2f68\\6f74\\5f32\\3036\\0000\だってさー、マーリンさんどうする？\f801\\ffff\</origin>
				<translate>\f859\\0100\\f81b\\565f\\4348\\4152\\5f31\\3031\\2f45\\5645\\4e54\\2f68\\6f74\\5f32\\3036\\0000\だってさー、マーリンさんどうする？\f801\\ffff\</translate>
			</id>
			<id id="1083">
				<origin>\f812\マーリン\0000\ニャー\f801\\ffff\</origin>
				<translate>\f812\マーリン\0000\ニャー\f801\\ffff\</translate>
			</id>
			<id id="1084">
				<origin>\f859\\0100\\f81b\\565f\\4348\\4152\\5f31\\3031\\2f45\\5645\\4e54\\2f68\\6f74\\5f32\\3137\\0000\…ヤだってさ。\f801\残念だけど諦めてくださーい。\f801\\ffff\</origin>
				<translate>\f859\\0100\\f81b\\565f\\4348\\4152\\5f31\\3031\\2f45\\5645\\4e54\\2f68\\6f74\\5f32\\3137\\0000\…ヤだってさ。\f801\残念だけど諦めてくださーい。\f801\\ffff\</translate>
			</id>
			<id id="1085">
				<origin>\f859\\0100\\f81b\\565f\\4348\\4152\\5f31\\3031\\2f45\\5645\\4e54\\2f68\\6f74\\5f32\\3138\\0000\…あ、信じてない？\f801\本当なんだよ、マーリンさんと一緒にいると\f801\私すっごい幸せなんだからね。\f801\\ffff\</origin>
				<translate>\f859\\0100\\f81b\\565f\\4348\\4152\\5f31\\3031\\2f45\\5645\\4e54\\2f68\\6f74\\5f32\\3138\\0000\…あ、信じてない？\f801\本当なんだよ、マーリンさんと一緒にいると\f801\私すっごい幸せなんだからね。\f801\\ffff\</translate>
			</id>
			<id id="1086"/>
			<id id="1087"/>
			<id id="1088"/>
			<id id="1089"/>
			<id id="1090">
				<origin>\f859\\0100\\f81b\\565f\\4348\\4152\\5f31\\3031\\2f45\\5645\\4e54\\2f68\\6f74\\5f32\\3033\\0000\ねえねえ いつも冒険に出かけるのって…\f801\やっぱり楽しいからなの？\f801\\ffff\</origin>
				<translate>\f859\\0100\\f81b\\565f\\4348\\4152\\5f31\\3031\\2f45\\5645\\4e54\\2f68\\6f74\\5f32\\3033\\0000\ねえねえ いつも冒険に出かけるのって…\f801\やっぱり楽しいからなの？\f801\\ffff\</translate>
			</id>
			<id id="1091">
				<origin>\f804\\0500\どう答えますか？\f804\\0000\\f801\楽しい\f801\大変\f801\\ffff\</origin>
				<translate>\f804\\0500\どう答えますか？\f804\\0000\\f801\楽しい\f801\大変\f801\\ffff\</translate>
			</id>
			<id id="1092">
				<origin>\f859\\0100\\f81b\\565f\\4348\\4152\\5f31\\3031\\2f45\\5645\\4e54\\2f68\\6f74\\5f32\\3134\\0000\そっかー。私は寝るのが楽しいけれど…\f801\みんなを見てるとちょっとだけ\f801\冒険してみたいなって気分になるんだ。\f801\\f802\\f81b\\565f\\4348\\4152\\5f31\\3031\\2f45\\5645\\4e54\\2f68\\6f74\\5f32\\3035\\0000\よし！ 今日はみんなと一緒に\f801\樹海へ挑んでる夢を見るぞ！\f801\へへー、いいアイデアだろ。\f801\\ffff\</origin>
				<translate>\f859\\0100\\f81b\\565f\\4348\\4152\\5f31\\3031\\2f45\\5645\\4e54\\2f68\\6f74\\5f32\\3134\\0000\そっかー。私は寝るのが楽しいけれど…\f801\みんなを見てるとちょっとだけ\f801\冒険してみたいなって気分になるんだ。\f801\\f802\\f81b\\565f\\4348\\4152\\5f31\\3031\\2f45\\5645\\4e54\\2f68\\6f74\\5f32\\3035\\0000\よし！ 今日はみんなと一緒に\f801\樹海へ挑んでる夢を見るぞ！\f801\へへー、いいアイデアだろ。\f801\\ffff\</translate>
			</id>
			<id id="1093">
				<origin>\f859\\0100\\f81b\\565f\\4348\\4152\\5f31\\3031\\2f45\\5645\\4e54\\2f68\\6f74\\5f32\\3135\\0000\そうなんだ\f801\\f840\ですら大変なら\f801\やっぱり私が冒険なんて無理だろうなー。\f801\\ffff\</origin>
				<translate>\f859\\0100\\f81b\\565f\\4348\\4152\\5f31\\3031\\2f45\\5645\\4e54\\2f68\\6f74\\5f32\\3135\\0000\そうなんだ\f801\\f840\ですら大変なら\f801\やっぱり私が冒険なんて無理だろうなー。\f801\\ffff\</translate>
			</id>
			<id id="1094">
				<origin>\f859\\0100\\f81b\\565f\\4348\\4152\\5f31\\3031\\2f45\\5645\\4e54\\2f68\\6f74\\5f32\\3030\\0000\余計なことを考えず\f801\今日も一日寝て暮らしまーす。\f801\それじゃあ、お休みー。\f801\\ffff\</origin>
				<translate>\f859\\0100\\f81b\\565f\\4348\\4152\\5f31\\3031\\2f45\\5645\\4e54\\2f68\\6f74\\5f32\\3030\\0000\余計なことを考えず\f801\今日も一日寝て暮らしまーす。\f801\それじゃあ、お休みー。\f801\\ffff\</translate>
			</id>
			<id id="1095"/>
			<id id="1096"/>
			<id id="1097"/>
			<id id="1098"/>
			<id id="1099"/>
			<id id="1100">
				<origin>\f859\\0100\\f81b\\565f\\4348\\4152\\5f31\\3031\\2f45\\5645\\4e54\\2f68\\6f74\\5f32\\3033\\0000\ねえねえ、今みんながいってる場所\f801\桜が満開なんだって？\f801\\f802\いーよなー。\f801\桜を見ながらお団子を食べて\f801\そのままお昼寝とかしたいよなー。\f801\\f802\\f81b\\565f\\4348\\4152\\5f31\\3031\\2f45\\5645\\4e54\\2f68\\6f74\\5f32\\3131\\0000\\f840\はお花見で\f801\何をするタイプ？\f801\\ffff\</origin>
				<translate>\f859\\0100\\f81b\\565f\\4348\\4152\\5f31\\3031\\2f45\\5645\\4e54\\2f68\\6f74\\5f32\\3033\\0000\ねえねえ、今みんながいってる場所\f801\桜が満開なんだって？\f801\\f802\いーよなー。\f801\桜を見ながらお団子を食べて\f801\そのままお昼寝とかしたいよなー。\f801\\f802\\f81b\\565f\\4348\\4152\\5f31\\3031\\2f45\\5645\\4e54\\2f68\\6f74\\5f32\\3131\\0000\\f840\はお花見で\f801\何をするタイプ？\f801\\ffff\</translate>
			</id>
			<id id="1101">
				<origin>\f804\\0500\どう答えますか？\f804\\0000\\f801\ゆっくり花を眺める\f801\団子を食べる\f801\そこで昼寝をする\f801\\ffff\</origin>
				<translate>\f804\\0500\どう答えますか？\f804\\0000\\f801\ゆっくり花を眺める\f801\団子を食べる\f801\そこで昼寝をする\f801\\ffff\</translate>
			</id>
			<id id="1102">
				<origin>\f859\\0100\\f81b\\565f\\4348\\4152\\5f31\\3031\\2f45\\5645\\4e54\\2f68\\6f74\\5f32\\3130\\0000\おお！ 風情溢れる回答だな。\f801\確かに咲き誇る桜や舞い散る花びらは\f801\眺めていて飽きないもんなー。\f801\\f802\うう、私も冒険者だったら\f801\一緒にお花見できるのになぁ……。\f801\\ffff\</origin>
				<translate>\f859\\0100\\f81b\\565f\\4348\\4152\\5f31\\3031\\2f45\\5645\\4e54\\2f68\\6f74\\5f32\\3130\\0000\おお！ 風情溢れる回答だな。\f801\確かに咲き誇る桜や舞い散る花びらは\f801\眺めていて飽きないもんなー。\f801\\f802\うう、私も冒険者だったら\f801\一緒にお花見できるのになぁ……。\f801\\ffff\</translate>
			</id>
			<id id="1103">
				<origin>\f859\\0100\\f81b\\565f\\4348\\4152\\5f31\\3031\\2f45\\5645\\4e54\\2f68\\6f74\\5f32\\3135\\0000\おお、お花見といえば団子だよねー。\f801\ピンクと白と緑の三色団子。\f801\…そういえば何であの三色なんだろ？\f801\\ffff\</origin>
				<translate>\f859\\0100\\f81b\\565f\\4348\\4152\\5f31\\3031\\2f45\\5645\\4e54\\2f68\\6f74\\5f32\\3135\\0000\おお、お花見といえば団子だよねー。\f801\ピンクと白と緑の三色団子。\f801\…そういえば何であの三色なんだろ？\f801\\ffff\</translate>
			</id>
			<id id="1104">
				<origin>\f859\\0100\\f81b\\565f\\4348\\4152\\5f31\\3031\\2f45\\5645\\4e54\\2f68\\6f74\\5f32\\3135\\0000\だよねー。青い空、白い雲、心地よい風と\f801\舞い散る桜とくれば、そのまま\f801\昼寝をするのが当然だよねー。\f801\\f802\あー私もマーリンさんと一緒に\f801\お花見昼寝をしにいきたいなぁ。\f801\\ffff\</origin>
				<translate>\f859\\0100\\f81b\\565f\\4348\\4152\\5f31\\3031\\2f45\\5645\\4e54\\2f68\\6f74\\5f32\\3135\\0000\だよねー。青い空、白い雲、心地よい風と\f801\舞い散る桜とくれば、そのまま\f801\昼寝をするのが当然だよねー。\f801\\f802\あー私もマーリンさんと一緒に\f801\お花見昼寝をしにいきたいなぁ。\f801\\ffff\</translate>
			</id>
			<id id="1105"/>
			<id id="1106"/>
			<id id="1107"/>
			<id id="1108"/>
			<id id="1109"/>
			<id id="1110">
				<origin>\f859\\0100\\f81b\\565f\\4348\\4152\\5f31\\3031\\2f45\\5645\\4e54\\2f68\\6f74\\5f32\\3030\\0000\最近気づいたんだけどさー\f801\冒険者の中にも私みたいな人がいるよね。\f801\\f802\冒険者ギルドに登録だけしてるけど\f801\樹海に行かないでブラブラしたり\f801\ずっと寝てるような人が……。\f801\\f802\\f81b\\565f\\4348\\4152\\5f31\\3031\\2f45\\5645\\4e54\\2f68\\6f74\\5f32\\3131\\0000\冒険者なら樹海にいけばーって思うけど…\f801\\f840\にもいたりする？\f801\\ffff\</origin>
				<translate>\f859\\0100\\f81b\\565f\\4348\\4152\\5f31\\3031\\2f45\\5645\\4e54\\2f68\\6f74\\5f32\\3030\\0000\最近気づいたんだけどさー\f801\冒険者の中にも私みたいな人がいるよね。\f801\\f802\冒険者ギルドに登録だけしてるけど\f801\樹海に行かないでブラブラしたり\f801\ずっと寝てるような人が……。\f801\\f802\\f81b\\565f\\4348\\4152\\5f31\\3031\\2f45\\5645\\4e54\\2f68\\6f74\\5f32\\3131\\0000\冒険者なら樹海にいけばーって思うけど…\f801\\f840\にもいたりする？\f801\\ffff\</translate>
			</id>
			<id id="1111"/>
			<id id="1112"/>
			<id id="1113"/>
			<id id="1114"/>
			<id id="1115"/>
			<id id="1116"/>
			<id id="1117"/>
			<id id="1118"/>
			<id id="1119"/>
			<id id="1120">
				<origin>\f859\\0100\\f81b\\565f\\4348\\4152\\5f31\\3031\\2f45\\5645\\4e54\\2f68\\6f74\\5f32\\3138\\0000\うわー、ひどい話だなー。\f801\\f802\\f81b\\565f\\4348\\4152\\5f31\\3031\\2f45\\5645\\4e54\\2f68\\6f74\\5f32\\3033\\0000\お、\f840\か\f801\聞いてくれよー。\f801\\f802\ハイ・ラガードって国では\f801\その昔、樹海の地図を描けない冒険者は\f801\樹海から街に入れなかったんだって…。\f801\\f802\\f81b\\565f\\4348\\4152\\5f31\\3031\\2f45\\5645\\4e54\\2f68\\6f74\\5f32\\3039\\0000\マギニアでは大丈夫だと思うけど…\f801\みんな、一応地図描く練習をしとくんだぞ。\f801\\ffff\</origin>
				<translate>\f859\\0100\\f81b\\565f\\4348\\4152\\5f31\\3031\\2f45\\5645\\4e54\\2f68\\6f74\\5f32\\3138\\0000\うわー、ひどい話だなー。\f801\\f802\\f81b\\565f\\4348\\4152\\5f31\\3031\\2f45\\5645\\4e54\\2f68\\6f74\\5f32\\3033\\0000\お、\f840\か\f801\聞いてくれよー。\f801\\f802\ハイ・ラガードって国では\f801\その昔、樹海の地図を描けない冒険者は\f801\樹海から街に入れなかったんだって…。\f801\\f802\\f81b\\565f\\4348\\4152\\5f31\\3031\\2f45\\5645\\4e54\\2f68\\6f74\\5f32\\3039\\0000\マギニアでは大丈夫だと思うけど…\f801\みんな、一応地図描く練習をしとくんだぞ。\f801\\ffff\</translate>
			</id>
			<id id="1121"/>
			<id id="1122"/>
			<id id="1123"/>
			<id id="1124"/>
			<id id="1125"/>
			<id id="1126"/>
			<id id="1127"/>
			<id id="1128"/>
			<id id="1129"/>
			<id id="1130">
				<origin>\f859\\0100\\f81b\\565f\\4348\\4152\\5f31\\3031\\2f45\\5645\\4e54\\2f68\\6f74\\5f32\\3033\\0000\ねえねえ、みんなは知ってる？\f801\ハイ・ラガードに公国直営の料理店があって\f801\すっごくおいしそうな料理を出すんだって！\f801\\f802\シカ肉ステーキとか蟹玉とか餡かけとか…\f801\全部樹海でとれた食材なんだってさ。\f801\いーなー、一度食べてみたいなー。\f801\\f802\\f81b\\565f\\4348\\4152\\5f31\\3031\\2f45\\5645\\4e54\\2f68\\6f74\\5f32\\3131\\0000\\f840\もそう思うだろ？\f801\\ffff\</origin>
				<translate>\f859\\0100\\f81b\\565f\\4348\\4152\\5f31\\3031\\2f45\\5645\\4e54\\2f68\\6f74\\5f32\\3033\\0000\ねえねえ、みんなは知ってる？\f801\ハイ・ラガードに公国直営の料理店があって\f801\すっごくおいしそうな料理を出すんだって！\f801\\f802\シカ肉ステーキとか蟹玉とか餡かけとか…\f801\全部樹海でとれた食材なんだってさ。\f801\いーなー、一度食べてみたいなー。\f801\\f802\\f81b\\565f\\4348\\4152\\5f31\\3031\\2f45\\5645\\4e54\\2f68\\6f74\\5f32\\3131\\0000\\f840\もそう思うだろ？\f801\\ffff\</translate>
			</id>
			<id id="1131">
				<origin>\f804\\0500\どう答えますか？\f804\\0000\\f801\食べてみたい\f801\大芋虫の料理があるぞ！？\f801\\ffff\</origin>
				<translate>\f804\\0500\どう答えますか？\f804\\0000\\f801\食べてみたい\f801\大芋虫の料理があるぞ！？\f801\\ffff\</translate>
			</id>
			<id id="1132">
				<origin>\f859\\0100\\f81b\\565f\\4348\\4152\\5f31\\3031\\2f45\\5645\\4e54\\2f68\\6f74\\5f32\\3135\\0000\だよなー。\f801\この島の探索が終わったら\f801\マギニアが公国によってくれないかなー。\f801\\ffff\</origin>
				<translate>\f859\\0100\\f81b\\565f\\4348\\4152\\5f31\\3031\\2f45\\5645\\4e54\\2f68\\6f74\\5f32\\3135\\0000\だよなー。\f801\この島の探索が終わったら\f801\マギニアが公国によってくれないかなー。\f801\\ffff\</translate>
			</id>
			<id id="1133">
				<origin>\f859\\0100\\f81b\\565f\\4348\\4152\\5f31\\3031\\2f45\\5645\\4e54\\2f68\\6f74\\5f32\\3138\\0000\えー？\f801\いくら樹海の素材だからって\f801\料理店でイモ虫は出さないでしょ。\f801\\f802\ウソをつくならもう少し\f801\リアリティを追求するべきだねー。\f801\\ffff\</origin>
				<translate>\f859\\0100\\f81b\\565f\\4348\\4152\\5f31\\3031\\2f45\\5645\\4e54\\2f68\\6f74\\5f32\\3138\\0000\えー？\f801\いくら樹海の素材だからって\f801\料理店でイモ虫は出さないでしょ。\f801\\f802\ウソをつくならもう少し\f801\リアリティを追求するべきだねー。\f801\\ffff\</translate>
			</id>
			<id id="1134"/>
			<id id="1135"/>
			<id id="1136"/>
			<id id="1137"/>
			<id id="1138"/>
			<id id="1139"/>
			<id id="1140">
				<origin>\f859\\0100\\f81b\\565f\\4348\\4152\\5f31\\3031\\2f45\\5645\\4e54\\2f68\\6f74\\5f32\\3030\\0000\ふぁぁぁっ…\f801\そういえばみんな、海の一族とかって\f801\別のグループに出会ったんだって？\f801\\f802\大きな船に乗ってきたんでしょ？\f801\一度乗ってみたいよね、波に揺られて\f801\お昼寝ってサイコーだろうなー。\f801\\f802\\f81b\\565f\\4348\\4152\\5f31\\3031\\2f45\\5645\\4e54\\2f68\\6f74\\5f32\\3034\\0000\マギニアは空を飛ぶから\f801\波に揺られる事はできないんだよねー。\f801\\ffff\</origin>
				<translate>\f859\\0100\\f81b\\565f\\4348\\4152\\5f31\\3031\\2f45\\5645\\4e54\\2f68\\6f74\\5f32\\3030\\0000\ふぁぁぁっ…\f801\そういえばみんな、海の一族とかって\f801\別のグループに出会ったんだって？\f801\\f802\大きな船に乗ってきたんでしょ？\f801\一度乗ってみたいよね、波に揺られて\f801\お昼寝ってサイコーだろうなー。\f801\\f802\\f81b\\565f\\4348\\4152\\5f31\\3031\\2f45\\5645\\4e54\\2f68\\6f74\\5f32\\3034\\0000\マギニアは空を飛ぶから\f801\波に揺られる事はできないんだよねー。\f801\\ffff\</translate>
			</id>
			<id id="1141"/>
			<id id="1142"/>
			<id id="1143"/>
			<id id="1144"/>
			<id id="1145"/>
			<id id="1146"/>
			<id id="1147"/>
			<id id="1148"/>
			<id id="1149"/>
			<id id="1150">
				<origin>\f859\\0100\\f81b\\565f\\4348\\4152\\5f31\\3031\\2f45\\5645\\4e54\\2f68\\6f74\\5f32\\3034\\0000\最近、街の衛兵たちが騒がしいけど…\f801\みんな、何かあったの？\f801\\f802\もし大変な事があったのなら\f801\この宿に来た時くらいゆっくり休むんだぞ。\f801\\f802\\f81b\\565f\\4348\\4152\\5f31\\3031\\2f45\\5645\\4e54\\2f68\\6f74\\5f32\\3031\\0000\…え？ 今日は真面目だなって？\f801\うーん、昨日たっぷり寝すぎちゃって\f801\今日は目が冴えてるんだよねー。\f801\\ffff\</origin>
				<translate>\f859\\0100\\f81b\\565f\\4348\\4152\\5f31\\3031\\2f45\\5645\\4e54\\2f68\\6f74\\5f32\\3034\\0000\最近、街の衛兵たちが騒がしいけど…\f801\みんな、何かあったの？\f801\\f802\もし大変な事があったのなら\f801\この宿に来た時くらいゆっくり休むんだぞ。\f801\\f802\\f81b\\565f\\4348\\4152\\5f31\\3031\\2f45\\5645\\4e54\\2f68\\6f74\\5f32\\3031\\0000\…え？ 今日は真面目だなって？\f801\うーん、昨日たっぷり寝すぎちゃって\f801\今日は目が冴えてるんだよねー。\f801\\ffff\</translate>
			</id>
			<id id="1151"/>
			<id id="1152"/>
			<id id="1153"/>
			<id id="1154"/>
			<id id="1155"/>
			<id id="1156"/>
			<id id="1157"/>
			<id id="1158"/>
			<id id="1159"/>
			<id id="1160">
				<origin>\f859\\0100\\f81b\\565f\\4348\\4152\\5f31\\3031\\2f45\\5645\\4e54\\2f68\\6f74\\5f32\\3132\\0000\タルシスから来た冒険者の中には\f801\ウロビトっていう人とは違う\f801\種族がいるんだってね。\f801\\f802\きけば、他にもイクサビトっていう\f801\獣のような種族もいたんだって。\f801\…ネコみたいなヤツもいるのかなぁ？\f801\\ffff\</origin>
				<translate>\f859\\0100\\f81b\\565f\\4348\\4152\\5f31\\3031\\2f45\\5645\\4e54\\2f68\\6f74\\5f32\\3132\\0000\タルシスから来た冒険者の中には\f801\ウロビトっていう人とは違う\f801\種族がいるんだってね。\f801\\f802\きけば、他にもイクサビトっていう\f801\獣のような種族もいたんだって。\f801\…ネコみたいなヤツもいるのかなぁ？\f801\\ffff\</translate>
			</id>
			<id id="1161"/>
			<id id="1162"/>
			<id id="1163"/>
			<id id="1164"/>
			<id id="1165"/>
			<id id="1166"/>
			<id id="1167"/>
			<id id="1168"/>
			<id id="1169"/>
			<id id="1170">
				<origin>\f859\\0100\\f81b\\565f\\4348\\4152\\5f31\\3031\\2f45\\5645\\4e54\\2f68\\6f74\\5f32\\3030\\0000\ふぁぁぁっ…\f801\私ね、みんなが昼寝好きで寝て暮らせれば\f801\争いは起きないんじゃないかと思うんだ。\f801\\ffff\</origin>
				<translate>\f859\\0100\\f81b\\565f\\4348\\4152\\5f31\\3031\\2f45\\5645\\4e54\\2f68\\6f74\\5f32\\3030\\0000\ふぁぁぁっ…\f801\私ね、みんなが昼寝好きで寝て暮らせれば\f801\争いは起きないんじゃないかと思うんだ。\f801\\ffff\</translate>
			</id>
			<id id="1171">
				<origin>\f859\\0100\\f81b\\565f\\4348\\4152\\5f31\\3031\\2f45\\5645\\4e54\\2f68\\6f74\\5f32\\3038\\0000\そう、だから私がいつも寝るのは\f801\世界平和を目指す崇高な行動なのです。\f801\だから…おや…すみぃぃ……むにゃ…。\f801\\ffff\</origin>
				<translate>\f859\\0100\\f81b\\565f\\4348\\4152\\5f31\\3031\\2f45\\5645\\4e54\\2f68\\6f74\\5f32\\3038\\0000\そう、だから私がいつも寝るのは\f801\世界平和を目指す崇高な行動なのです。\f801\だから…おや…すみぃぃ……むにゃ…。\f801\\ffff\</translate>
			</id>
			<id id="1172"/>
			<id id="1173"/>
			<id id="1174"/>
			<id id="1175"/>
			<id id="1176"/>
			<id id="1177"/>
			<id id="1178"/>
			<id id="1179"/>
			<id id="1180">
				<origin>\f859\\0100\\f81b\\565f\\4348\\4152\\5f31\\3031\\2f45\\5645\\4e54\\2f68\\6f74\\5f32\\3130\\0000\おー\f840\。\f801\みんなも金剛獣ノ岩窟ってとこに\f801\いってたりするのか？\f801\\f802\あそこに行く人たちは、暑いといったり\f801\寒いといったりよくわかんないんだけど…\f801\\f802\\f81b\\565f\\4348\\4152\\5f31\\3031\\2f45\\5645\\4e54\\2f68\\6f74\\5f32\\3036\\0000\疲れてるならとにかく寝ていくといいよ。\f801\マーリンさんもそういってるからねー。\f801\\ffff\</origin>
				<translate>\f859\\0100\\f81b\\565f\\4348\\4152\\5f31\\3031\\2f45\\5645\\4e54\\2f68\\6f74\\5f32\\3130\\0000\おー\f840\。\f801\みんなも金剛獣ノ岩窟ってとこに\f801\いってたりするのか？\f801\\f802\あそこに行く人たちは、暑いといったり\f801\寒いといったりよくわかんないんだけど…\f801\\f802\\f81b\\565f\\4348\\4152\\5f31\\3031\\2f45\\5645\\4e54\\2f68\\6f74\\5f32\\3036\\0000\疲れてるならとにかく寝ていくといいよ。\f801\マーリンさんもそういってるからねー。\f801\\ffff\</translate>
			</id>
			<id id="1181"/>
			<id id="1182"/>
			<id id="1183"/>
			<id id="1184"/>
			<id id="1185"/>
			<id id="1186"/>
			<id id="1187"/>
			<id id="1188"/>
			<id id="1189"/>
			<id id="1190">
				<origin>\f859\\0100\\f81b\\565f\\4348\\4152\\5f31\\3031\\2f45\\5645\\4e54\\2f68\\6f74\\5f32\\3034\\0000\あの～、樹海に人とは違う種族が\f801\いるらしいってきいたんだけど…本当か？\f801\\f802\人とは違う人種なら、物好きなヤツがいて\f801\無償で宿で働いてくれたりしないかな～。\f801\そしたら私が楽できるのになぁ。\f801\\ffff\</origin>
				<translate>\f859\\0100\\f81b\\565f\\4348\\4152\\5f31\\3031\\2f45\\5645\\4e54\\2f68\\6f74\\5f32\\3034\\0000\あの～、樹海に人とは違う種族が\f801\いるらしいってきいたんだけど…本当か？\f801\\f802\人とは違う人種なら、物好きなヤツがいて\f801\無償で宿で働いてくれたりしないかな～。\f801\そしたら私が楽できるのになぁ。\f801\\ffff\</translate>
			</id>
			<id id="1191"/>
			<id id="1192"/>
			<id id="1193"/>
			<id id="1194"/>
			<id id="1195"/>
			<id id="1196"/>
			<id id="1197"/>
			<id id="1198"/>
			<id id="1199"/>
			<id id="1200">
				<origin>\f859\\0100\\f81b\\565f\\4348\\4152\\5f31\\3031\\2f45\\5645\\4e54\\2f68\\6f74\\5f32\\3035\\0000\この前、街に出かけるマーリンさんに\f801\ついて行ったんだ。そしたら…\f801\\f802\ネコの集会場所に遭遇してね。\f801\ブチに黒にマダラに三毛に……\f801\とにかく大勢のネコが集まってたんだ！\f801\\f802\\f81b\\565f\\4348\\4152\\5f31\\3031\\2f45\\5645\\4e54\\2f68\\6f74\\5f32\\3231\\0000\気になって私もずっとそばにいたんだけど\f801\とにかく、癒しの楽園だったなー。\f801\\ffff\</origin>
				<translate>\f859\\0100\\f81b\\565f\\4348\\4152\\5f31\\3031\\2f45\\5645\\4e54\\2f68\\6f74\\5f32\\3035\\0000\この前、街に出かけるマーリンさんに\f801\ついて行ったんだ。そしたら…\f801\\f802\ネコの集会場所に遭遇してね。\f801\ブチに黒にマダラに三毛に……\f801\とにかく大勢のネコが集まってたんだ！\f801\\f802\\f81b\\565f\\4348\\4152\\5f31\\3031\\2f45\\5645\\4e54\\2f68\\6f74\\5f32\\3231\\0000\気になって私もずっとそばにいたんだけど\f801\とにかく、癒しの楽園だったなー。\f801\\ffff\</translate>
			</id>
			<id id="1201"/>
			<id id="1202"/>
			<id id="1203"/>
			<id id="1204"/>
			<id id="1205"/>
			<id id="1206"/>
			<id id="1207"/>
			<id id="1208"/>
			<id id="1209"/>
			<id id="1210">
				<origin>\f859\\0100\\f81b\\565f\\4348\\4152\\5f31\\3031\\2f45\\5645\\4e54\\2f68\\6f74\\5f32\\3130\\0000\おー\f840\。\f801\聞いてくれるか？\f801\\f802\先日マーリンさんが私の部屋の天井を\f801\ずっと眺めていたんだよ。\f801\\f802\どうしたのかと思って見ていると\f801\いきなり全身を総毛立たせて\f801\フーッて威嚇を始めたんだ！\f801\\f802\\f81b\\565f\\4348\\4152\\5f31\\3031\\2f45\\5645\\4e54\\2f68\\6f74\\5f32\\3033\\0000\……あれって何が理由だと思う？\f801\\ffff\</origin>
				<translate>\f859\\0100\\f81b\\565f\\4348\\4152\\5f31\\3031\\2f45\\5645\\4e54\\2f68\\6f74\\5f32\\3130\\0000\おー\f840\。\f801\聞いてくれるか？\f801\\f802\先日マーリンさんが私の部屋の天井を\f801\ずっと眺めていたんだよ。\f801\\f802\どうしたのかと思って見ていると\f801\いきなり全身を総毛立たせて\f801\フーッて威嚇を始めたんだ！\f801\\f802\\f81b\\565f\\4348\\4152\\5f31\\3031\\2f45\\5645\\4e54\\2f68\\6f74\\5f32\\3033\\0000\……あれって何が理由だと思う？\f801\\ffff\</translate>
			</id>
			<id id="1211">
				<origin>\f804\\0500\どう答えますか？\f804\\0000\\f801\霊的な何かを見てるんじゃ？\f801\人に聞こえない音を聞いてるんじゃ？\f801\\ffff\</origin>
				<translate>\f804\\0500\どう答えますか？\f804\\0000\\f801\霊的な何かを見てるんじゃ？\f801\人に聞こえない音を聞いてるんじゃ？\f801\\ffff\</translate>
			</id>
			<id id="1212">
				<origin>\f859\\0100\\f81b\\565f\\4348\\4152\\5f31\\3031\\2f45\\5645\\4e54\\2f68\\6f74\\5f32\\3230\\0000\エーッ！？\f801\や、やめろよ、そういう話……\f801\私、苦手なんだぞ。\f801\\ffff\</origin>
				<translate>\f859\\0100\\f81b\\565f\\4348\\4152\\5f31\\3031\\2f45\\5645\\4e54\\2f68\\6f74\\5f32\\3230\\0000\エーッ！？\f801\や、やめろよ、そういう話……\f801\私、苦手なんだぞ。\f801\\ffff\</translate>
			</id>
			<id id="1213">
				<origin>\f859\\0100\\f81b\\565f\\4348\\4152\\5f31\\3031\\2f45\\5645\\4e54\\2f68\\6f74\\5f32\\3130\\0000\音、か。確かにネコは\f801\聴覚が優れていると聞くからなー。\f801\\f802\でも急に威嚇するのは\f801\びっくりするからやめて欲しいよな？\f801\\ffff\</origin>
				<translate>\f859\\0100\\f81b\\565f\\4348\\4152\\5f31\\3031\\2f45\\5645\\4e54\\2f68\\6f74\\5f32\\3130\\0000\音、か。確かにネコは\f801\聴覚が優れていると聞くからなー。\f801\\f802\でも急に威嚇するのは\f801\びっくりするからやめて欲しいよな？\f801\\ffff\</translate>
			</id>
			<id id="1214"/>
			<id id="1215"/>
			<id id="1216"/>
			<id id="1217"/>
			<id id="1218"/>
			<id id="1219"/>
			<id id="1220">
				<origin>\f859\\0100\\f81b\\565f\\4348\\4152\\5f31\\3031\\2f45\\5645\\4e54\\2f68\\6f74\\5f32\\3039\\0000\あー、詳しくわかんないけど…\f801\なんか大変な事になってるらしいな？\f801\\f802\私は\f840\を信頼しているから\f801\大船に乗ったつもりで\f801\いつも通りここで寝てるからなー。\f801\\ffff\</origin>
				<translate>\f859\\0100\\f81b\\565f\\4348\\4152\\5f31\\3031\\2f45\\5645\\4e54\\2f68\\6f74\\5f32\\3039\\0000\あー、詳しくわかんないけど…\f801\なんか大変な事になってるらしいな？\f801\\f802\私は\f840\を信頼しているから\f801\大船に乗ったつもりで\f801\いつも通りここで寝てるからなー。\f801\\ffff\</translate>
			</id>
			<id id="1221"/>
			<id id="1222"/>
			<id id="1223"/>
			<id id="1224"/>
			<id id="1225"/>
			<id id="1226"/>
			<id id="1227"/>
			<id id="1228"/>
			<id id="1229"/>
			<id id="1230">
				<origin>\f859\\0100\\f81b\\565f\\4348\\4152\\5f31\\3031\\2f45\\5645\\4e54\\2f68\\6f74\\5f32\\3033\\0000\なーなー、みんな。\f801\寝る子は育つっていう言葉知ってるか？\f801\\f802\私はその言葉を信じ、より大きく\f801\より立派な大人に育つと信じ\f801\毎日頑張って寝てるというのに…。\f801\\f802\\f81b\\565f\\4348\\4152\\5f31\\3031\\2f45\\5645\\4e54\\2f68\\6f74\\5f32\\3131\\0000\だのに、両親にそれは違うって\f801\言われたんだけど何が違うと思う？\f801\\f802\私はもう充分立派だって事かな？\f801\\ffff\</origin>
				<translate>\f859\\0100\\f81b\\565f\\4348\\4152\\5f31\\3031\\2f45\\5645\\4e54\\2f68\\6f74\\5f32\\3033\\0000\なーなー、みんな。\f801\寝る子は育つっていう言葉知ってるか？\f801\\f802\私はその言葉を信じ、より大きく\f801\より立派な大人に育つと信じ\f801\毎日頑張って寝てるというのに…。\f801\\f802\\f81b\\565f\\4348\\4152\\5f31\\3031\\2f45\\5645\\4e54\\2f68\\6f74\\5f32\\3131\\0000\だのに、両親にそれは違うって\f801\言われたんだけど何が違うと思う？\f801\\f802\私はもう充分立派だって事かな？\f801\\ffff\</translate>
			</id>
			<id id="1231"/>
			<id id="1232"/>
			<id id="1233"/>
			<id id="1234"/>
			<id id="1235"/>
			<id id="1236"/>
			<id id="1237"/>
			<id id="1238"/>
			<id id="1239"/>
			<id id="1240">
				<origin>\f859\\0100\\f81b\\565f\\4348\\4152\\5f31\\3031\\2f45\\5645\\4e54\\2f68\\6f74\\5f32\\3039\\0000\最近、ちょっとヘンだよな？\f801\マーリンさんが何かに怯えてるようで…。\f801\\f802\だから私もなるべく一緒にいて\f801\一緒に寝るようにしてるんだ。\f801\\f802\マーリンさんのためだぞ！\f801\だから誰に遠慮する事もなく\f801\今から眠りの世界に旅立つのだ。\f801\\ffff\</origin>
				<translate>\f859\\0100\\f81b\\565f\\4348\\4152\\5f31\\3031\\2f45\\5645\\4e54\\2f68\\6f74\\5f32\\3039\\0000\最近、ちょっとヘンだよな？\f801\マーリンさんが何かに怯えてるようで…。\f801\\f802\だから私もなるべく一緒にいて\f801\一緒に寝るようにしてるんだ。\f801\\f802\マーリンさんのためだぞ！\f801\だから誰に遠慮する事もなく\f801\今から眠りの世界に旅立つのだ。\f801\\ffff\</translate>
			</id>
			<id id="1241">
				<origin>\f859\\0100\\f81b\\565f\\4348\\4152\\5f31\\3031\\2f45\\5645\\4e54\\2f68\\6f74\\5f32\\3030\\0000\それじゃ…おや…すみぃぃ……\f801\\ffff\</origin>
				<translate>\f859\\0100\\f81b\\565f\\4348\\4152\\5f31\\3031\\2f45\\5645\\4e54\\2f68\\6f74\\5f32\\3030\\0000\それじゃ…おや…すみぃぃ……\f801\\ffff\</translate>
			</id>
			<id id="1242"/>
			<id id="1243"/>
			<id id="1244"/>
			<id id="1245"/>
			<id id="1246"/>
			<id id="1247"/>
			<id id="1248"/>
			<id id="1249"/>
			<id id="1250">
				<origin>\f859\\0100\\f81b\\565f\\4348\\4152\\5f31\\3031\\2f45\\5645\\4e54\\2f68\\6f74\\5f32\\3030\\0000\ふぁぁぁっ…、最近寝てると\f801\ヘンな夢を見るんだよなー。\f801\\f802\世界に危機が訪れて\f801\それを防ごうと誰かが戦ってる夢。\f801\\f802\\f81b\\565f\\4348\\4152\\5f31\\3031\\2f45\\5645\\4e54\\2f68\\6f74\\5f32\\3039\\0000\その戦っている人たちは\f801\私の知っている人たちで…\f801\\f802\だから私はいつも応援してて…\f801\その戦いが終わりそうな時\f801\夢が覚めちゃうんだ……。\f801\\ffff\</origin>
				<translate>\f859\\0100\\f81b\\565f\\4348\\4152\\5f31\\3031\\2f45\\5645\\4e54\\2f68\\6f74\\5f32\\3030\\0000\ふぁぁぁっ…、最近寝てると\f801\ヘンな夢を見るんだよなー。\f801\\f802\世界に危機が訪れて\f801\それを防ごうと誰かが戦ってる夢。\f801\\f802\\f81b\\565f\\4348\\4152\\5f31\\3031\\2f45\\5645\\4e54\\2f68\\6f74\\5f32\\3039\\0000\その戦っている人たちは\f801\私の知っている人たちで…\f801\\f802\だから私はいつも応援してて…\f801\その戦いが終わりそうな時\f801\夢が覚めちゃうんだ……。\f801\\ffff\</translate>
			</id>
			<id id="1251">
				<origin>\f859\\0100\\f81b\\565f\\4348\\4152\\5f31\\3031\\2f45\\5645\\4e54\\2f68\\6f74\\5f32\\3030\\0000\その夢の続きが\f801\気になるから今日も私は寝まーす。\f801\\f802\それじゃ……頑張ってね。\f801\\ffff\</origin>
				<translate>\f859\\0100\\f81b\\565f\\4348\\4152\\5f31\\3031\\2f45\\5645\\4e54\\2f68\\6f74\\5f32\\3030\\0000\その夢の続きが\f801\気になるから今日も私は寝まーす。\f801\\f802\それじゃ……頑張ってね。\f801\\ffff\</translate>
			</id>
			<id id="1252"/>
			<id id="1253"/>
			<id id="1254"/>
			<id id="1255"/>
			<id id="1256"/>
			<id id="1257"/>
			<id id="1258"/>
			<id id="1259"/>
			<id id="1260">
				<origin>\f859\\0100\\f81b\\565f\\4348\\4152\\5f31\\3031\\2f45\\5645\\4e54\\2f68\\6f74\\5f32\\3030\\0000\ふぁぁぁっ…。\f801\あ、\f840\だー。\f801\\f802\\f840\はこれからも\f801\冒険を続けるの？\f801\\f802\たまにはゆっくり\f801\休んでもいいと思うよ？\f801\\ffff\</origin>
				<translate>\f859\\0100\\f81b\\565f\\4348\\4152\\5f31\\3031\\2f45\\5645\\4e54\\2f68\\6f74\\5f32\\3030\\0000\ふぁぁぁっ…。\f801\あ、\f840\だー。\f801\\f802\\f840\はこれからも\f801\冒険を続けるの？\f801\\f802\たまにはゆっくり\f801\休んでもいいと思うよ？\f801\\ffff\</translate>
			</id>
			<id id="1261"/>
			<id id="1262"/>
			<id id="1263"/>
			<id id="1264"/>
			<id id="1265"/>
			<id id="1266"/>
			<id id="1267"/>
			<id id="1268"/>
			<id id="1269"/>
			<id id="1270">
				<origin>\f859\\0100\\f81b\\565f\\4348\\4152\\5f31\\3031\\2f45\\5645\\4e54\\2f68\\6f74\\5f32\\3034\\0000\あのさ、みんなって\f801\どうして迷宮に行くの？\f801\\f802\新しい迷宮って聞いたら、\f801\目の色変えちゃってさー。\f801\……それ、疲れない？\f801\\ffff\</origin>
				<translate>\f859\\0100\\f81b\\565f\\4348\\4152\\5f31\\3031\\2f45\\5645\\4e54\\2f68\\6f74\\5f32\\3034\\0000\あのさ、みんなって\f801\どうして迷宮に行くの？\f801\\f802\新しい迷宮って聞いたら、\f801\目の色変えちゃってさー。\f801\……それ、疲れない？\f801\\ffff\</translate>
			</id>
			<id id="1271">
				<origin>\f859\\0100\\f81b\\565f\\4348\\4152\\5f31\\3031\\2f45\\5645\\4e54\\2f68\\6f74\\5f32\\3038\\0000\まぁ、疲れたときのために\f801\この宿屋があるわけだけどさー。\f801\\f802\あんまり根詰めすぎると\f801\パンクしちゃうぞー？\f801\ぱーーん！ って。\f801\\ffff\</origin>
				<translate>\f859\\0100\\f81b\\565f\\4348\\4152\\5f31\\3031\\2f45\\5645\\4e54\\2f68\\6f74\\5f32\\3038\\0000\まぁ、疲れたときのために\f801\この宿屋があるわけだけどさー。\f801\\f802\あんまり根詰めすぎると\f801\パンクしちゃうぞー？\f801\ぱーーん！ って。\f801\\ffff\</translate>
			</id>
			<id id="1272"/>
			<id id="1273"/>
			<id id="1274"/>
			<id id="1275"/>
			<id id="1276"/>
			<id id="1277"/>
			<id id="1278"/>
			<id id="1279"/>
			<id id="1280">
				<origin>\f859\\0100\\f81b\\565f\\4348\\4152\\5f31\\3031\\2f45\\5645\\4e54\\2f68\\6f74\\5f32\\3130\\0000\おおー、よく来たな冒険者よ！\f801\\f802\マーリンさんのありがたいお告げを\f801\教えてしんぜよう。\f801\\f802\\f81b\\565f\\4348\\4152\\5f31\\3031\\2f45\\5645\\4e54\\2f68\\6f74\\5f32\\3037\\0000\お主たちの前に、\f801\やがて強大な敵が立ちふさがるであろう！\f801\\f802\だからこの宿で疲れを癒やしつつ、\f801\その敵に挑むのじゃー！\f801\\f802\……だってさ。\f801\\ffff\</origin>
				<translate>\f859\\0100\\f81b\\565f\\4348\\4152\\5f31\\3031\\2f45\\5645\\4e54\\2f68\\6f74\\5f32\\3130\\0000\おおー、よく来たな冒険者よ！\f801\\f802\マーリンさんのありがたいお告げを\f801\教えてしんぜよう。\f801\\f802\\f81b\\565f\\4348\\4152\\5f31\\3031\\2f45\\5645\\4e54\\2f68\\6f74\\5f32\\3037\\0000\お主たちの前に、\f801\やがて強大な敵が立ちふさがるであろう！\f801\\f802\だからこの宿で疲れを癒やしつつ、\f801\その敵に挑むのじゃー！\f801\\f802\……だってさ。\f801\\ffff\</translate>
			</id>
		</body>
	</mbm>
