<?xml version="1.0" encoding="UTF-8"?>
	<mbm>
		<head>000000004d53473200000100</head>
		<size>60000000</size>
		<number>02000000</number>
		<j>200000000000000000000000</j>
		<body>
			<id id="0"/>
			<id id="1">
				<origin>第三迷宮\f801\\ffff\</origin>
				<translate>第三迷宮\f801\\ffff\</translate>
			</id>
			<id id="2">
				<origin>第三の迷宮（仮）\f801\\ffff\</origin>
				<translate>第三の迷宮（仮）\f801\\ffff\</translate>
			</id>
		</body>
	</mbm>
