<?xml version="1.0" encoding="UTF-8"?>
	<mbm>
		<head>000000004d53473200000100</head>
		<size>6e060000</size>
		<number>2d000000</number>
		<j>200000000000000000000000</j>
		<body>
			<id id="0">
				<origin>\f859\\0300\\f81b\\565f\\4348\\4152\\5f31\\3032\\2f45\\5645\\4e54\\2f62\\6172\\5f32\\3035\\0000\あ、その依頼かー。\f801\前にフグを持ち帰った依頼覚えてる？\f801\あれ達成したのって君たちだったよね？\f801\\f802\依頼してきたのはまたそこのお店でね。\f801\今回は\f804\\0500\海嶺ノ水林\f804\\0000\にいる動く珊瑚を\f801\見てみたいって言ってるんだよ。\f801\\ffff\</origin>
				<translate>\f859\\0300\\f81b\\565f\\4348\\4152\\5f31\\3032\\2f45\\5645\\4e54\\2f62\\6172\\5f32\\3035\\0000\あ、その依頼かー。\f801\前にフグを持ち帰った依頼覚えてる？\f801\あれ達成したのって君たちだったよね？\f801\\f802\依頼してきたのはまたそこのお店でね。\f801\今回は\f804\\0500\海嶺ノ水林\f804\\0000\にいる動く珊瑚を\f801\見てみたいって言ってるんだよ。\f801\\ffff\</translate>
			</id>
			<id id="1">
				<origin>\f859\\0300\\f81b\\565f\\4348\\4152\\5f31\\3032\\2f45\\5645\\4e54\\2f62\\6172\\5f32\\3137\\0000\まあ、そうは言っても、魔物を生け捕りに\f801\してきても危ないから、今回は素材を\f801\持ち帰って欲しいって話だよ。\f801\\ffff\</origin>
				<translate>\f859\\0300\\f81b\\565f\\4348\\4152\\5f31\\3032\\2f45\\5645\\4e54\\2f62\\6172\\5f32\\3137\\0000\まあ、そうは言っても、魔物を生け捕りに\f801\してきても危ないから、今回は素材を\f801\持ち帰って欲しいって話だよ。\f801\\ffff\</translate>
			</id>
			<id id="2">
				<origin>\f859\\0300\\f81b\\565f\\4348\\4152\\5f31\\3032\\2f53\\5953\\5445\\4d2f\\4558\\4954\\325f\\4e4f\\524d\\414c\\2f62\\6172\\5f30\\3231\\0000\というわけだから、\f804\\0500\海嶺ノ水林\f804\\0000\にいる\f801\\f804\\0500\人食いサンゴ\f804\\0000\からとれる\f804\\0500\珊瑚の腕\f804\\0000\を\f801\\f804\\0500\３つ\f804\\0000\持ち帰ってちょうだいな。\f801\\ffff\</origin>
				<translate>\f859\\0300\\f81b\\565f\\4348\\4152\\5f31\\3032\\2f53\\5953\\5445\\4d2f\\4558\\4954\\325f\\4e4f\\524d\\414c\\2f62\\6172\\5f30\\3231\\0000\というわけだから、\f804\\0500\海嶺ノ水林\f804\\0000\にいる\f801\\f804\\0500\人食いサンゴ\f804\\0000\からとれる\f804\\0500\珊瑚の腕\f804\\0000\を\f801\\f804\\0500\３つ\f804\\0000\持ち帰ってちょうだいな。\f801\\ffff\</translate>
			</id>
			<id id="3"/>
			<id id="4"/>
			<id id="5"/>
			<id id="6"/>
			<id id="7"/>
			<id id="8"/>
			<id id="9"/>
			<id id="10">
				<origin>\f859\\0300\\f81b\\565f\\4348\\4152\\5f31\\3032\\2f45\\5645\\4e54\\2f62\\6172\\5f32\\3034\\0000\おかえりー。\f801\で、これが持ち帰ってきた\f801\珊瑚の腕…ね。\f801\\f802\まあ、腕っていうからどんなもんかと\f801\思ってたけど、思ってたよりも腕だね！\f801\義手の人の代わりになりそうだよ？\f801\\ffff\</origin>
				<translate>\f859\\0300\\f81b\\565f\\4348\\4152\\5f31\\3032\\2f45\\5645\\4e54\\2f62\\6172\\5f32\\3034\\0000\おかえりー。\f801\で、これが持ち帰ってきた\f801\珊瑚の腕…ね。\f801\\f802\まあ、腕っていうからどんなもんかと\f801\思ってたけど、思ってたよりも腕だね！\f801\義手の人の代わりになりそうだよ？\f801\\ffff\</translate>
			</id>
			<id id="11">
				<origin>\f859\\0300\\f81b\\565f\\4348\\4152\\5f31\\3032\\2f45\\5645\\4e54\\2f62\\6172\\5f32\\3033\\0000\……まてよ、これをここに、こう付けて\f801\「奥の手！」なんてね！\f801\だーはっはっは……つまらなかった？\f801\\ffff\</origin>
				<translate>\f859\\0300\\f81b\\565f\\4348\\4152\\5f31\\3032\\2f45\\5645\\4e54\\2f62\\6172\\5f32\\3033\\0000\……まてよ、これをここに、こう付けて\f801\「奥の手！」なんてね！\f801\だーはっはっは……つまらなかった？\f801\\ffff\</translate>
			</id>
			<id id="12">
				<origin>\f859\\0300\ごめんねー、はい、報酬。\f801\お疲れさんでしたー。\f801\\ffff\</origin>
				<translate>\f859\\0300\ごめんねー、はい、報酬。\f801\お疲れさんでしたー。\f801\\ffff\</translate>
			</id>
			<id id="13">
				<origin>\f859\\0300\\f81b\\565f\\4348\\4152\\5f31\\3032\\2f45\\5645\\4e54\\2f62\\6172\\5f32\\3231\\0000\それにしても、ここに依頼を\f801\持ち込む人って、人手不足みたいだから、\f801\これを見せてみようかな？\f801\\ffff\</origin>
				<translate>\f859\\0300\\f81b\\565f\\4348\\4152\\5f31\\3032\\2f45\\5645\\4e54\\2f62\\6172\\5f32\\3231\\0000\それにしても、ここに依頼を\f801\持ち込む人って、人手不足みたいだから、\f801\これを見せてみようかな？\f801\\ffff\</translate>
			</id>
			<id id="14"/>
			<id id="15"/>
			<id id="16"/>
			<id id="17"/>
			<id id="18"/>
			<id id="19"/>
			<id id="20"/>
			<id id="21"/>
			<id id="22"/>
			<id id="23"/>
			<id id="24"/>
			<id id="25"/>
			<id id="26"/>
			<id id="27"/>
			<id id="28"/>
			<id id="29"/>
			<id id="30"/>
			<id id="31"/>
			<id id="32"/>
			<id id="33"/>
			<id id="34"/>
			<id id="35">
				<origin>依頼されていた\f804\\0500\\f810\\0000\\f804\\0000\が\f801\\f804\\0500\３個\f804\\0000\集まった。後はこれを酒場に\f801\納品すれば依頼は完了だ。\f801\\ffff\</origin>
				<translate>依頼されていた\f804\\0500\\f810\\0000\\f804\\0000\が\f801\\f804\\0500\３個\f804\\0000\集まった。後はこれを酒場に\f801\納品すれば依頼は完了だ。\f801\\ffff\</translate>
			</id>
			<id id="36"/>
			<id id="37"/>
			<id id="38"/>
			<id id="39"/>
			<id id="40">
				<origin>君たちは酒場で引き受けた\f801\\f804\\0500\\f810\\0000\\f804\\0000\を納品して欲しいという\f801\依頼を覚えているだろうか？\f801\\f802\依頼を達成したいのであれば、\f801\必要分の\f804\\0500\\f810\\0000\\f804\\0000\を売却しないよう\f801\気を付けたまえ。\f801\\ffff\</origin>
				<translate>君たちは酒場で引き受けた\f801\\f804\\0500\\f810\\0000\\f804\\0000\を納品して欲しいという\f801\依頼を覚えているだろうか？\f801\\f802\依頼を達成したいのであれば、\f801\必要分の\f804\\0500\\f810\\0000\\f804\\0000\を売却しないよう\f801\気を付けたまえ。\f801\\ffff\</translate>
			</id>
			<id id="41"/>
			<id id="42"/>
			<id id="43"/>
			<id id="44"/>
			<id id="45">
				<origin>\f804\\0500\海嶺ノ水林\f804\\0000\にいる\f804\\0500\人食いサンゴ\f804\\0000\から\f801\とれる\f804\\0500\珊瑚の腕\f804\\0000\を\f804\\0500\３つ\f804\\0000\納品せよ！\f801\\ffff\</origin>
				<translate>\f804\\0500\海嶺ノ水林\f804\\0000\にいる\f804\\0500\人食いサンゴ\f804\\0000\から\f801\とれる\f804\\0500\珊瑚の腕\f804\\0000\を\f804\\0500\３つ\f804\\0000\納品せよ！\f801\\ffff\</translate>
			</id>
		</body>
	</mbm>
