<?xml version="1.0" encoding="UTF-8"?>
	<mbm>
		<head>000000004d53473200000100</head>
		<size>d4080000</size>
		<number>32000000</number>
		<j>200000000000000000000000</j>
		<body>
			<id id="0">
				<origin>\f859\\0300\\f81b\\565f\\4348\\4152\\5f31\\3032\\2f45\\5645\\4e54\\2f62\\6172\\5f32\\3236\\0000\その依頼だね？\f801\それは街の畜産家からの依頼だね。\f801\\f802\\f81b\\565f\\4348\\4152\\5f31\\3032\\2f45\\5645\\4e54\\2f62\\6172\\5f32\\3239\\0000\飛行都市であるマギニアには\f801\新鮮なお肉やお乳を供給するために\f801\色んな種類の家畜が飼われているんだ。\f801\\f802\ヤギ、羊、牛、馬……移動する事で\f801\環境が変化するんで大変らしいんだけどね。\f801\\ffff\</origin>
				<translate>\f859\\0300\\f81b\\565f\\4348\\4152\\5f31\\3032\\2f45\\5645\\4e54\\2f62\\6172\\5f32\\3236\\0000\その依頼だね？\f801\それは街の畜産家からの依頼だね。\f801\\f802\\f81b\\565f\\4348\\4152\\5f31\\3032\\2f45\\5645\\4e54\\2f62\\6172\\5f32\\3239\\0000\飛行都市であるマギニアには\f801\新鮮なお肉やお乳を供給するために\f801\色んな種類の家畜が飼われているんだ。\f801\\f802\ヤギ、羊、牛、馬……移動する事で\f801\環境が変化するんで大変らしいんだけどね。\f801\\ffff\</translate>
			</id>
			<id id="1">
				<origin>\f859\\0300\\f81b\\565f\\4348\\4152\\5f31\\3032\\2f45\\5645\\4e54\\2f62\\6172\\5f32\\3137\\0000\彼らは新しい土地につくと\f801\新鮮な草…家畜の餌を求めて\f801\マギニアから降りるんだ。\f801\\f802\だけど…今回だけは別だ。\f801\前人未踏の危険な島…ときては\f801\安易に降りることもできない。\f801\\ffff\</origin>
				<translate>\f859\\0300\\f81b\\565f\\4348\\4152\\5f31\\3032\\2f45\\5645\\4e54\\2f62\\6172\\5f32\\3137\\0000\彼らは新しい土地につくと\f801\新鮮な草…家畜の餌を求めて\f801\マギニアから降りるんだ。\f801\\f802\だけど…今回だけは別だ。\f801\前人未踏の危険な島…ときては\f801\安易に降りることもできない。\f801\\ffff\</translate>
			</id>
			<id id="2">
				<origin>\f859\\0300\\f81b\\565f\\4348\\4152\\5f31\\3032\\2f45\\5645\\4e54\\2f62\\6172\\5f32\\3030\\0000\そこで、クエストという訳だ。\f801\冒険者に護衛代わりについてきて\f801\欲しいんだってさ。\f801\\ffff\</origin>
				<translate>\f859\\0300\\f81b\\565f\\4348\\4152\\5f31\\3032\\2f45\\5645\\4e54\\2f62\\6172\\5f32\\3030\\0000\そこで、クエストという訳だ。\f801\冒険者に護衛代わりについてきて\f801\欲しいんだってさ。\f801\\ffff\</translate>
			</id>
			<id id="3">
				<origin>\f859\\0300\\f81b\\565f\\4348\\4152\\5f31\\3032\\2f45\\5645\\4e54\\2f62\\6172\\5f32\\3137\\0000\もちろんヤギの誘導は専門の衛兵が行う。\f801\君たちの任務はその間の護衛だ。\f801\\f802\ヤギの好む野草や樹皮等を\f801\お腹いっぱい食べさせる間\f801\周辺を警護してほしいという訳だ。\f801\\f802\\f81b\\565f\\4348\\4152\\5f31\\3032\\2f53\\5953\\5445\\4d2f\\4558\\4954\\325f\\4e4f\\524d\\414c\\2f62\\6172\\5f30\\3231\\0000\新米冒険者さんに相応しい仕事だ。\f801\街を出た所で待ち合わせているから\f801\よろしく頼んだよ！\f801\\ffff\</origin>
				<translate>\f859\\0300\\f81b\\565f\\4348\\4152\\5f31\\3032\\2f45\\5645\\4e54\\2f62\\6172\\5f32\\3137\\0000\もちろんヤギの誘導は専門の衛兵が行う。\f801\君たちの任務はその間の護衛だ。\f801\\f802\ヤギの好む野草や樹皮等を\f801\お腹いっぱい食べさせる間\f801\周辺を警護してほしいという訳だ。\f801\\f802\\f81b\\565f\\4348\\4152\\5f31\\3032\\2f53\\5953\\5445\\4d2f\\4558\\4954\\325f\\4e4f\\524d\\414c\\2f62\\6172\\5f30\\3231\\0000\新米冒険者さんに相応しい仕事だ。\f801\街を出た所で待ち合わせているから\f801\よろしく頼んだよ！\f801\\ffff\</translate>
			</id>
			<id id="4"/>
			<id id="5"/>
			<id id="6"/>
			<id id="7"/>
			<id id="8"/>
			<id id="9"/>
			<id id="10">
				<origin>\f859\\0300\\f81b\\565f\\4348\\4152\\5f31\\3032\\2f53\\5953\\5445\\4d2f\\454e\\5445\\5232\\2f62\\6172\\5f30\\3131\\0000\お、依頼達成みたいだね！\f801\お疲れ様！\f801\\f802\消えたヤギを見つけたんだって？\f801\ヤギ追いの勇者として\f801\\f840\の名が街に広まってるよ！\f801\\ffff\</origin>
				<translate>\f859\\0300\\f81b\\565f\\4348\\4152\\5f31\\3032\\2f53\\5953\\5445\\4d2f\\454e\\5445\\5232\\2f62\\6172\\5f30\\3131\\0000\お、依頼達成みたいだね！\f801\お疲れ様！\f801\\f802\消えたヤギを見つけたんだって？\f801\ヤギ追いの勇者として\f801\\f840\の名が街に広まってるよ！\f801\\ffff\</translate>
			</id>
			<id id="11">
				<origin>\f859\\0300\\f81b\\565f\\4348\\4152\\5f31\\3032\\2f45\\5645\\4e54\\2f62\\6172\\5f32\\3135\\0000\これからドシドシと\f801\ヤギ放牧の依頼がくるかもしれないね？\f801\\f802\ま、とにかく依頼人も喜んでたよ。\f801\はい、これが今回の報酬！\f801\また別の依頼もよろしくね！\f801\\ffff\</origin>
				<translate>\f859\\0300\\f81b\\565f\\4348\\4152\\5f31\\3032\\2f45\\5645\\4e54\\2f62\\6172\\5f32\\3135\\0000\これからドシドシと\f801\ヤギ放牧の依頼がくるかもしれないね？\f801\\f802\ま、とにかく依頼人も喜んでたよ。\f801\はい、これが今回の報酬！\f801\また別の依頼もよろしくね！\f801\\ffff\</translate>
			</id>
			<id id="12"/>
			<id id="13"/>
			<id id="14"/>
			<id id="15"/>
			<id id="16"/>
			<id id="17"/>
			<id id="18"/>
			<id id="19"/>
			<id id="20">
				<origin>\f859\\0300\\f81b\\565f\\4348\\4152\\5f31\\3032\\2f45\\5645\\4e54\\2f62\\6172\\5f32\\3137\\0000\立て続けに２つの依頼を達成するなんて、\f801\君たちなかなかやるね！\f801\\ffff\</origin>
				<translate>\f859\\0300\\f81b\\565f\\4348\\4152\\5f31\\3032\\2f45\\5645\\4e54\\2f62\\6172\\5f32\\3137\\0000\立て続けに２つの依頼を達成するなんて、\f801\君たちなかなかやるね！\f801\\ffff\</translate>
			</id>
			<id id="21">
				<origin>\f859\\0300\\f81b\\565f\\4348\\4152\\5f31\\3032\\2f45\\5645\\4e54\\2f62\\6172\\5f32\\3231\\0000\う～ん、これだったらアレも\f801\君たちにお願いできるかな……？\f801\\ffff\</origin>
				<translate>\f859\\0300\\f81b\\565f\\4348\\4152\\5f31\\3032\\2f45\\5645\\4e54\\2f62\\6172\\5f32\\3231\\0000\う～ん、これだったらアレも\f801\君たちにお願いできるかな……？\f801\\ffff\</translate>
			</id>
			<id id="22">
				<origin>\f859\\0300\実はね、君たちにぜひ受けて欲しい\f801\依頼があるんだよ。\f801\\ffff\</origin>
				<translate>\f859\\0300\実はね、君たちにぜひ受けて欲しい\f801\依頼があるんだよ。\f801\\ffff\</translate>
			</id>
			<id id="23">
				<origin>\f859\\0300\\f81b\\565f\\4348\\4152\\5f31\\3032\\2f45\\5645\\4e54\\2f62\\6172\\5f32\\3030\\0000\それというのは人捜しなんだけどね、\f801\薬師の女の子が、薬草を摘みに行ったきり\f801\戻らないらしいんだ。\f801\\f802\急がないと、一人の少女の命が\f801\散ってしまうかもしれない！\f801\……ね？ 危険な予感でしょ？\f801\\ffff\</origin>
				<translate>\f859\\0300\\f81b\\565f\\4348\\4152\\5f31\\3032\\2f45\\5645\\4e54\\2f62\\6172\\5f32\\3030\\0000\それというのは人捜しなんだけどね、\f801\薬師の女の子が、薬草を摘みに行ったきり\f801\戻らないらしいんだ。\f801\\f802\急がないと、一人の少女の命が\f801\散ってしまうかもしれない！\f801\……ね？ 危険な予感でしょ？\f801\\ffff\</translate>
			</id>
			<id id="24">
				<origin>\f859\\0300\\f81b\\565f\\4348\\4152\\5f31\\3032\\2f45\\5645\\4e54\\2f62\\6172\\5f32\\3434\\0000\詳しい話は依頼を受けてくれないと\f801\説明できないからさ、\f801\よかったら依頼を受けてくれないかな？\f801\\ffff\</origin>
				<translate>\f859\\0300\\f81b\\565f\\4348\\4152\\5f31\\3032\\2f45\\5645\\4e54\\2f62\\6172\\5f32\\3434\\0000\詳しい話は依頼を受けてくれないと\f801\説明できないからさ、\f801\よかったら依頼を受けてくれないかな？\f801\\ffff\</translate>
			</id>
			<id id="25"/>
			<id id="26"/>
			<id id="27"/>
			<id id="28"/>
			<id id="29"/>
			<id id="30"/>
			<id id="31"/>
			<id id="32"/>
			<id id="33"/>
			<id id="34"/>
			<id id="35"/>
			<id id="36"/>
			<id id="37"/>
			<id id="38"/>
			<id id="39"/>
			<id id="40">
				<origin>街から出て北の草原で待っている衛兵と\f801\合流して、ヤギの放牧の手伝いをせよ！\f801\\ffff\</origin>
				<translate>街から出て北の草原で待っている衛兵と\f801\合流して、ヤギの放牧の手伝いをせよ！\f801\\ffff\</translate>
			</id>
			<id id="41"/>
			<id id="42"/>
			<id id="43"/>
			<id id="44"/>
			<id id="45"/>
			<id id="46"/>
			<id id="47"/>
			<id id="48"/>
			<id id="49"/>
			<id id="50">
				<origin>依頼内容を達成した。\f801\後は酒場で報告をすれば、完了だ。\f801\\ffff\</origin>
				<translate>依頼内容を達成した。\f801\後は酒場で報告をすれば、完了だ。\f801\\ffff\</translate>
			</id>
		</body>
	</mbm>
