<?xml version="1.0" encoding="UTF-8"?>
	<mbm>
		<head>000000004d53473200000100</head>
		<size>06070000</size>
		<number>2d000000</number>
		<j>200000000000000000000000</j>
		<body>
			<id id="0">
				<origin>\f859\\0300\\f81b\\565f\\4348\\4152\\5f31\\3032\\2f45\\5645\\4e54\\2f62\\6172\\5f32\\3435\\0000\その依頼は、僕も圧倒されちゃうくらい\f801\すっごい元気な子が依頼人だったね！\f801\\ffff\</origin>
				<translate>\f859\\0300\\f81b\\565f\\4348\\4152\\5f31\\3032\\2f45\\5645\\4e54\\2f62\\6172\\5f32\\3435\\0000\その依頼は、僕も圧倒されちゃうくらい\f801\すっごい元気な子が依頼人だったね！\f801\\ffff\</translate>
			</id>
			<id id="1">
				<origin>\f859\\0300\なんか帽子がトレードマークらしいんだけど\f801\さすがにもうボロボロだから新しいのを\f801\作りたいとか言ってたんだ。\f801\\f802\要するにその素材のひとつを入手するのに\f801\手こずってるから、誰かに力を借りたい、\f801\……って依頼なわけだね。\f801\\ffff\</origin>
				<translate>\f859\\0300\なんか帽子がトレードマークらしいんだけど\f801\さすがにもうボロボロだから新しいのを\f801\作りたいとか言ってたんだ。\f801\\f802\要するにその素材のひとつを入手するのに\f801\手こずってるから、誰かに力を借りたい、\f801\……って依頼なわけだね。\f801\\ffff\</translate>
			</id>
			<id id="2">
				<origin>\f859\\0300\\f81b\\565f\\4348\\4152\\5f31\\3032\\2f45\\5645\\4e54\\2f62\\6172\\5f32\\3030\\0000\で、欲しがってるのは\f804\\0500\古跡ノ樹海\f804\\0000\にいる\f801\\f804\\0500\嗅ぎまわる大飛鼠\f804\\0000\っていう魔物からとれる\f801\\f804\\0500\コウモリの赤膜\f804\\0000\を\f804\\0500\１つ\f804\\0000\。\f801\\f802\結構手強い相手っぽいから充分に準備を\f801\してからいくようにねー。\f801\\ffff\</origin>
				<translate>\f859\\0300\\f81b\\565f\\4348\\4152\\5f31\\3032\\2f45\\5645\\4e54\\2f62\\6172\\5f32\\3030\\0000\で、欲しがってるのは\f804\\0500\古跡ノ樹海\f804\\0000\にいる\f801\\f804\\0500\嗅ぎまわる大飛鼠\f804\\0000\っていう魔物からとれる\f801\\f804\\0500\コウモリの赤膜\f804\\0000\を\f804\\0500\１つ\f804\\0000\。\f801\\f802\結構手強い相手っぽいから充分に準備を\f801\してからいくようにねー。\f801\\ffff\</translate>
			</id>
			<id id="3"/>
			<id id="4"/>
			<id id="5"/>
			<id id="6"/>
			<id id="7"/>
			<id id="8"/>
			<id id="9"/>
			<id id="10">
				<origin>\f859\\0300\\f81b\\565f\\4348\\4152\\5f31\\3032\\2f45\\5645\\4e54\\2f62\\6172\\5f32\\3236\\0000\ほい、報告どうもー。\f801\\f802\そういえばみんながいない間に依頼人が\f801\来てたんだけど、依頼受けてくれたよ、って\f801\話したらすごい喜んでたよ。\f801\\ffff\</origin>
				<translate>\f859\\0300\\f81b\\565f\\4348\\4152\\5f31\\3032\\2f45\\5645\\4e54\\2f62\\6172\\5f32\\3236\\0000\ほい、報告どうもー。\f801\\f802\そういえばみんながいない間に依頼人が\f801\来てたんだけど、依頼受けてくれたよ、って\f801\話したらすごい喜んでたよ。\f801\\ffff\</translate>
			</id>
			<id id="11">
				<origin>\f859\\0300\\f81b\\565f\\4348\\4152\\5f31\\3032\\2f45\\5645\\4e54\\2f62\\6172\\5f32\\3133\\0000\やるな！ \f840\とやら！\f801\次に会ったら拳ひとつで勝負してやるぜ！\f801\うぉおおおっ！ なんて叫び出してね。\f801\\ffff\</origin>
				<translate>\f859\\0300\\f81b\\565f\\4348\\4152\\5f31\\3032\\2f45\\5645\\4e54\\2f62\\6172\\5f32\\3133\\0000\やるな！ \f840\とやら！\f801\次に会ったら拳ひとつで勝負してやるぜ！\f801\うぉおおおっ！ なんて叫び出してね。\f801\\ffff\</translate>
			</id>
			<id id="12">
				<origin>\f859\\0300\\f81b\\565f\\4348\\4152\\5f31\\3032\\2f45\\5645\\4e54\\2f62\\6172\\5f32\\3436\\0000\いやぁ、止めるの大変だったよ。\f801\止められなかったら、君たちのところに\f801\殴りに行ってたんだからね！\f801\\f802\僕に少しは感謝して欲しいな～。\f801\まぁ、実際に体張って止めたのは\f801\彼女のお仲間だけどね！\f801\\ffff\</origin>
				<translate>\f859\\0300\\f81b\\565f\\4348\\4152\\5f31\\3032\\2f45\\5645\\4e54\\2f62\\6172\\5f32\\3436\\0000\いやぁ、止めるの大変だったよ。\f801\止められなかったら、君たちのところに\f801\殴りに行ってたんだからね！\f801\\f802\僕に少しは感謝して欲しいな～。\f801\まぁ、実際に体張って止めたのは\f801\彼女のお仲間だけどね！\f801\\ffff\</translate>
			</id>
			<id id="13">
				<origin>\f859\\0300\とにかく依頼のお品物ちゃんは\f801\僕からきっちり渡しとくよ。\f801\\f802\\f81b\\565f\\4348\\4152\\5f31\\3032\\2f45\\5645\\4e54\\2f62\\6172\\5f32\\3439\\0000\それじゃこれが今回の報酬ね、\f801\ありがとさん。\f801\\ffff\</origin>
				<translate>\f859\\0300\とにかく依頼のお品物ちゃんは\f801\僕からきっちり渡しとくよ。\f801\\f802\\f81b\\565f\\4348\\4152\\5f31\\3032\\2f45\\5645\\4e54\\2f62\\6172\\5f32\\3439\\0000\それじゃこれが今回の報酬ね、\f801\ありがとさん。\f801\\ffff\</translate>
			</id>
			<id id="14"/>
			<id id="15"/>
			<id id="16"/>
			<id id="17"/>
			<id id="18"/>
			<id id="19"/>
			<id id="20"/>
			<id id="21"/>
			<id id="22"/>
			<id id="23"/>
			<id id="24"/>
			<id id="25"/>
			<id id="26"/>
			<id id="27"/>
			<id id="28"/>
			<id id="29"/>
			<id id="30"/>
			<id id="31"/>
			<id id="32"/>
			<id id="33"/>
			<id id="34"/>
			<id id="35">
				<origin>依頼されていた\f804\\0500\\f810\\0000\\f804\\0000\が\f801\１個集まった。後はこれを酒場に\f801\納品すれば依頼は完了だ。\f801\\ffff\</origin>
				<translate>依頼されていた\f804\\0500\\f810\\0000\\f804\\0000\が\f801\１個集まった。後はこれを酒場に\f801\納品すれば依頼は完了だ。\f801\\ffff\</translate>
			</id>
			<id id="36"/>
			<id id="37"/>
			<id id="38"/>
			<id id="39"/>
			<id id="40">
				<origin>君たちは酒場で引き受けた\f801\\f804\\0500\\f810\\0000\\f804\\0000\を納品して欲しいという\f801\依頼を覚えているだろうか？\f801\\f802\依頼を達成したいのであれば、\f801\必要分の\f804\\0500\\f810\\0000\\f804\\0000\を売却しないよう\f801\気を付けたまえ。\f801\\ffff\</origin>
				<translate>君たちは酒場で引き受けた\f801\\f804\\0500\\f810\\0000\\f804\\0000\を納品して欲しいという\f801\依頼を覚えているだろうか？\f801\\f802\依頼を達成したいのであれば、\f801\必要分の\f804\\0500\\f810\\0000\\f804\\0000\を売却しないよう\f801\気を付けたまえ。\f801\\ffff\</translate>
			</id>
			<id id="41"/>
			<id id="42"/>
			<id id="43"/>
			<id id="44"/>
			<id id="45">
				<origin>\f804\\0500\古跡ノ樹海\f804\\0000\にいる\f804\\0500\嗅ぎまわる大飛鼠\f804\\0000\から\f801\とれる\f804\\0500\コウモリの赤膜\f804\\0000\を\f804\\0500\１つ\f804\\0000\納品せよ！\f801\\ffff\</origin>
				<translate>\f804\\0500\古跡ノ樹海\f804\\0000\にいる\f804\\0500\嗅ぎまわる大飛鼠\f804\\0000\から\f801\とれる\f804\\0500\コウモリの赤膜\f804\\0000\を\f804\\0500\１つ\f804\\0000\納品せよ！\f801\\ffff\</translate>
			</id>
		</body>
	</mbm>
