<?xml version="1.0" encoding="UTF-8"?>
	<mbm>
		<head>000000004d53473200000100</head>
		<size>10060000</size>
		<number>2d000000</number>
		<j>200000000000000000000000</j>
		<body>
			<id id="0">
				<origin>\f859\\0300\\f81b\\565f\\4348\\4152\\5f31\\3032\\2f45\\5645\\4e54\\2f62\\6172\\5f32\\3236\\0000\それは寝具店のお兄さんからの\f801\依頼だねー。\f801\\f802\マギニアはけっこう大都市だからね、\f801\いろんなお店があるわけなのよ。\f801\\f802\それで寝具屋さん、入ったらすやすやと\f801\熟睡できる布団を作るために必要なものを\f801\持ってきてほしいみたいだね。\f801\\ffff\</origin>
				<translate>\f859\\0300\\f81b\\565f\\4348\\4152\\5f31\\3032\\2f45\\5645\\4e54\\2f62\\6172\\5f32\\3236\\0000\それは寝具店のお兄さんからの\f801\依頼だねー。\f801\\f802\マギニアはけっこう大都市だからね、\f801\いろんなお店があるわけなのよ。\f801\\f802\それで寝具屋さん、入ったらすやすやと\f801\熟睡できる布団を作るために必要なものを\f801\持ってきてほしいみたいだね。\f801\\ffff\</translate>
			</id>
			<id id="1">
				<origin>\f859\\0300\\f81b\\565f\\4348\\4152\\5f31\\3032\\2f45\\5645\\4e54\\2f62\\6172\\5f32\\3132\\0000\僕としては安らかな眠りを与えるなら、\f801\布団より棺桶じゃないかと思うんだけどね。\f801\そうは思わない？\f801\\ffff\</origin>
				<translate>\f859\\0300\\f81b\\565f\\4348\\4152\\5f31\\3032\\2f45\\5645\\4e54\\2f62\\6172\\5f32\\3132\\0000\僕としては安らかな眠りを与えるなら、\f801\布団より棺桶じゃないかと思うんだけどね。\f801\そうは思わない？\f801\\ffff\</translate>
			</id>
			<id id="2">
				<origin>\f859\\0300\で、それは\f804\\0500\西方ノ霊堂\f804\\0000\にいる\f801\\f804\\0500\沈黙の夢喰い\f804\\0000\って魔物からとれる\f801\\f804\\0500\ふかふかの羊毛\f804\\0000\なんだってさ。\f801\\f802\\f81b\\565f\\4348\\4152\\5f31\\3032\\2f45\\5645\\4e54\\2f62\\6172\\5f32\\3036\\0000\強い魔物らしいから充分注意して挑んでね。\f801\そうじゃないと、君たちが棺桶入りだよ！\f801\\ffff\</origin>
				<translate>\f859\\0300\で、それは\f804\\0500\西方ノ霊堂\f804\\0000\にいる\f801\\f804\\0500\沈黙の夢喰い\f804\\0000\って魔物からとれる\f801\\f804\\0500\ふかふかの羊毛\f804\\0000\なんだってさ。\f801\\f802\\f81b\\565f\\4348\\4152\\5f31\\3032\\2f45\\5645\\4e54\\2f62\\6172\\5f32\\3036\\0000\強い魔物らしいから充分注意して挑んでね。\f801\そうじゃないと、君たちが棺桶入りだよ！\f801\\ffff\</translate>
			</id>
			<id id="3"/>
			<id id="4"/>
			<id id="5"/>
			<id id="6"/>
			<id id="7"/>
			<id id="8"/>
			<id id="9"/>
			<id id="10">
				<origin>\f859\\0300\\f81b\\565f\\4348\\4152\\5f31\\3032\\2f45\\5645\\4e54\\2f62\\6172\\5f32\\3135\\0000\お疲れさーん。\f801\ふむぅ、この羊毛は確かに\f801\すっごいふかふかだぁ…。\f801\\f802\こんなので布団作られたら、\f801\もしかしたら一度入ったが最後の\f801\安眠布団ができちゃうかもねぇ…。\f801\\f802\安眠しすぎて、起きられなくなったら\f801\この布団のせいにしてもいいのかな？\f801\だったら僕も買おうかな？\f801\\ffff\</origin>
				<translate>\f859\\0300\\f81b\\565f\\4348\\4152\\5f31\\3032\\2f45\\5645\\4e54\\2f62\\6172\\5f32\\3135\\0000\お疲れさーん。\f801\ふむぅ、この羊毛は確かに\f801\すっごいふかふかだぁ…。\f801\\f802\こんなので布団作られたら、\f801\もしかしたら一度入ったが最後の\f801\安眠布団ができちゃうかもねぇ…。\f801\\f802\安眠しすぎて、起きられなくなったら\f801\この布団のせいにしてもいいのかな？\f801\だったら僕も買おうかな？\f801\\ffff\</translate>
			</id>
			<id id="11">
				<origin>\f859\\0300\さて、それはそれとしてみんなには\f801\報酬を渡しておこうか。\f801\今回もありがとうねー。\f801\\ffff\</origin>
				<translate>\f859\\0300\さて、それはそれとしてみんなには\f801\報酬を渡しておこうか。\f801\今回もありがとうねー。\f801\\ffff\</translate>
			</id>
			<id id="12"/>
			<id id="13"/>
			<id id="14"/>
			<id id="15"/>
			<id id="16"/>
			<id id="17"/>
			<id id="18"/>
			<id id="19"/>
			<id id="20"/>
			<id id="21"/>
			<id id="22"/>
			<id id="23"/>
			<id id="24"/>
			<id id="25"/>
			<id id="26"/>
			<id id="27"/>
			<id id="28"/>
			<id id="29"/>
			<id id="30"/>
			<id id="31"/>
			<id id="32"/>
			<id id="33"/>
			<id id="34"/>
			<id id="35">
				<origin>依頼されていた\f804\\0500\\f810\\0000\\f804\\0000\が\f801\\f804\\0500\１個\f804\\0000\集まった。後はこれを酒場に\f801\納品すれば依頼は完了だ。\f801\\ffff\</origin>
				<translate>依頼されていた\f804\\0500\\f810\\0000\\f804\\0000\が\f801\\f804\\0500\１個\f804\\0000\集まった。後はこれを酒場に\f801\納品すれば依頼は完了だ。\f801\\ffff\</translate>
			</id>
			<id id="36"/>
			<id id="37"/>
			<id id="38"/>
			<id id="39"/>
			<id id="40">
				<origin>君たちは酒場で引き受けた\f801\\f804\\0500\\f810\\0000\\f804\\0000\を納品して欲しいという\f801\依頼を覚えているだろうか？\f801\\f802\依頼を達成したいのであれば、\f801\必要分の\f804\\0500\\f810\\0000\\f804\\0000\を売却しないよう\f801\気を付けたまえ。\f801\\ffff\</origin>
				<translate>君たちは酒場で引き受けた\f801\\f804\\0500\\f810\\0000\\f804\\0000\を納品して欲しいという\f801\依頼を覚えているだろうか？\f801\\f802\依頼を達成したいのであれば、\f801\必要分の\f804\\0500\\f810\\0000\\f804\\0000\を売却しないよう\f801\気を付けたまえ。\f801\\ffff\</translate>
			</id>
			<id id="41"/>
			<id id="42"/>
			<id id="43"/>
			<id id="44"/>
			<id id="45">
				<origin>\f804\\0500\西方ノ霊堂\f804\\0000\にいる\f804\\0500\沈黙の夢喰い\f804\\0000\から\f801\とれる\f804\\0500\ふかふかの羊毛\f804\\0000\を\f804\\0500\１つ\f804\\0000\納品せよ！\f801\\ffff\</origin>
				<translate>\f804\\0500\西方ノ霊堂\f804\\0000\にいる\f804\\0500\沈黙の夢喰い\f804\\0000\から\f801\とれる\f804\\0500\ふかふかの羊毛\f804\\0000\を\f804\\0500\１つ\f804\\0000\納品せよ！\f801\\ffff\</translate>
			</id>
		</body>
	</mbm>
