<?xml version="1.0" encoding="UTF-8"?>
	<mbm>
		<head>000000004d53473200000100</head>
		<size>62070000</size>
		<number>28000000</number>
		<j>200000000000000000000000</j>
		<body>
			<id id="0">
				<origin>\f859\\0300\\f81b\\565f\\4348\\4152\\5f31\\3032\\2f45\\5645\\4e54\\2f62\\6172\\5f32\\3234\\0000\はいはい、その依頼ね…。\f801\それはマギニアの郵便配達員さんからの\f801\依頼だね。\f801\\ffff\</origin>
				<translate>\f859\\0300\\f81b\\565f\\4348\\4152\\5f31\\3032\\2f45\\5645\\4e54\\2f62\\6172\\5f32\\3234\\0000\はいはい、その依頼ね…。\f801\それはマギニアの郵便配達員さんからの\f801\依頼だね。\f801\\ffff\</translate>
			</id>
			<id id="1">
				<origin>\f859\\0300\\f81b\\565f\\4348\\4152\\5f31\\3032\\2f45\\5645\\4e54\\2f62\\6172\\5f32\\3235\\0000\郵便配達、人のためになる仕事だよね。\f801\一軒一軒歩いて手渡しなんて、僕には\f801\絶対に無理だね、……わかるでしょ？\f801\\f802\一日働いたあとは、お風呂に入って\f801\汗を流すまでが仕事だ……なんて\f801\職人気質な人でね～。\f801\\f802\\f81b\\565f\\4348\\4152\\5f31\\3032\\2f45\\5645\\4e54\\2f62\\6172\\5f32\\3238\\0000\その風呂上がりに、涼しげなドリンクを\f801\きゅ～っとキメるらしいんだよ。\f801\……首でも絞めてろって感じだよね！\f801\\ffff\</origin>
				<translate>\f859\\0300\\f81b\\565f\\4348\\4152\\5f31\\3032\\2f45\\5645\\4e54\\2f62\\6172\\5f32\\3235\\0000\郵便配達、人のためになる仕事だよね。\f801\一軒一軒歩いて手渡しなんて、僕には\f801\絶対に無理だね、……わかるでしょ？\f801\\f802\一日働いたあとは、お風呂に入って\f801\汗を流すまでが仕事だ……なんて\f801\職人気質な人でね～。\f801\\f802\\f81b\\565f\\4348\\4152\\5f31\\3032\\2f45\\5645\\4e54\\2f62\\6172\\5f32\\3238\\0000\その風呂上がりに、涼しげなドリンクを\f801\きゅ～っとキメるらしいんだよ。\f801\……首でも絞めてろって感じだよね！\f801\\ffff\</translate>
			</id>
			<id id="2">
				<origin>\f859\\0300\\f81b\\565f\\4348\\4152\\5f31\\3032\\2f45\\5645\\4e54\\2f62\\6172\\5f32\\3030\\0000\話が逸れたね。それで樹海で\f804\\0500\ミント草\f804\\0000\って\f801\いうのが採れるのがわかったから、\f801\依頼人はそれが欲しいってことだね。\f801\\f802\というわけで、\f804\\0500\原始ノ大密林\f804\\0000\で\f801\\f804\\0500\採取\f804\\0000\できる\f804\\0500\ミント草\f804\\0000\を\f804\\0500\３つ\f804\\0000\の\f801\納品よろしく頼むね！\f801\\ffff\</origin>
				<translate>\f859\\0300\\f81b\\565f\\4348\\4152\\5f31\\3032\\2f45\\5645\\4e54\\2f62\\6172\\5f32\\3030\\0000\話が逸れたね。それで樹海で\f804\\0500\ミント草\f804\\0000\って\f801\いうのが採れるのがわかったから、\f801\依頼人はそれが欲しいってことだね。\f801\\f802\というわけで、\f804\\0500\原始ノ大密林\f804\\0000\で\f801\\f804\\0500\採取\f804\\0000\できる\f804\\0500\ミント草\f804\\0000\を\f804\\0500\３つ\f804\\0000\の\f801\納品よろしく頼むね！\f801\\ffff\</translate>
			</id>
			<id id="3"/>
			<id id="4"/>
			<id id="5"/>
			<id id="6"/>
			<id id="7"/>
			<id id="8"/>
			<id id="9"/>
			<id id="10">
				<origin>\f859\\0300\\f81b\\565f\\4348\\4152\\5f31\\3032\\2f45\\5645\\4e54\\2f62\\6172\\5f32\\3132\\0000\お疲れ、お疲れ～。\f801\無事に終わったみたいだね。\f801\ちょっと簡単すぎた？\f801\\f802\へ～、これがミント草かぁ。\f801\見た目はただの草だね、当たり前だけど。\f801\\ffff\</origin>
				<translate>\f859\\0300\\f81b\\565f\\4348\\4152\\5f31\\3032\\2f45\\5645\\4e54\\2f62\\6172\\5f32\\3132\\0000\お疲れ、お疲れ～。\f801\無事に終わったみたいだね。\f801\ちょっと簡単すぎた？\f801\\f802\へ～、これがミント草かぁ。\f801\見た目はただの草だね、当たり前だけど。\f801\\ffff\</translate>
			</id>
			<id id="11">
				<origin>\f859\\0300\\f81b\\565f\\4348\\4152\\5f31\\3032\\2f45\\5645\\4e54\\2f62\\6172\\5f32\\3137\\0000\くんくん…。匂いは…、\f801\あ、ちょっといい香り…。\f801\\f802\これをかじると爽やか～な味が\f801\口いっぱいに広がるって話だったね。\f801\\f802\うちもちょっとそういうので\f801\新しいメニュー考えてみようかね。\f801\\ffff\</origin>
				<translate>\f859\\0300\\f81b\\565f\\4348\\4152\\5f31\\3032\\2f45\\5645\\4e54\\2f62\\6172\\5f32\\3137\\0000\くんくん…。匂いは…、\f801\あ、ちょっといい香り…。\f801\\f802\これをかじると爽やか～な味が\f801\口いっぱいに広がるって話だったね。\f801\\f802\うちもちょっとそういうので\f801\新しいメニュー考えてみようかね。\f801\\ffff\</translate>
			</id>
			<id id="12">
				<origin>\f859\\0300\\f81b\\565f\\4348\\4152\\5f31\\3032\\2f45\\5645\\4e54\\2f62\\6172\\5f32\\3135\\0000\年老いても日々これ精進する僕って\f801\なかなかイケてない？\f801\あっはっは！ ……惚れてもいいよ？\f801\\ffff\</origin>
				<translate>\f859\\0300\\f81b\\565f\\4348\\4152\\5f31\\3032\\2f45\\5645\\4e54\\2f62\\6172\\5f32\\3135\\0000\年老いても日々これ精進する僕って\f801\なかなかイケてない？\f801\あっはっは！ ……惚れてもいいよ？\f801\\ffff\</translate>
			</id>
			<id id="13">
				<origin>\f859\\0300\\f81b\\565f\\4348\\4152\\5f31\\3032\\2f45\\5645\\4e54\\2f62\\6172\\5f32\\3439\\0000\それじゃこれが今回の報酬だよ。\f801\ありがとね～。\f801\\ffff\</origin>
				<translate>\f859\\0300\\f81b\\565f\\4348\\4152\\5f31\\3032\\2f45\\5645\\4e54\\2f62\\6172\\5f32\\3439\\0000\それじゃこれが今回の報酬だよ。\f801\ありがとね～。\f801\\ffff\</translate>
			</id>
			<id id="14"/>
			<id id="15"/>
			<id id="16"/>
			<id id="17"/>
			<id id="18"/>
			<id id="19"/>
			<id id="20">
				<origin>依頼されていた\f804\\0500\\f810\\0000\\f804\\0000\が３個集まった。\f801\後はこれを酒場に納品すれば依頼は完了だ。\f801\\ffff\</origin>
				<translate>依頼されていた\f804\\0500\\f810\\0000\\f804\\0000\が３個集まった。\f801\後はこれを酒場に納品すれば依頼は完了だ。\f801\\ffff\</translate>
			</id>
			<id id="21"/>
			<id id="22"/>
			<id id="23"/>
			<id id="24"/>
			<id id="25"/>
			<id id="26"/>
			<id id="27"/>
			<id id="28"/>
			<id id="29"/>
			<id id="30">
				<origin>君たちは酒場で引き受けた\f801\\f804\\0500\\f810\\0000\\f804\\0000\を納品して欲しいという\f801\依頼を覚えているだろうか？\f801\\f802\依頼を達成したいのであれば、\f801\必要分の\f804\\0500\\f810\\0000\\f804\\0000\を売却しないよう\f801\気を付けたまえ。\f801\\ffff\</origin>
				<translate>君たちは酒場で引き受けた\f801\\f804\\0500\\f810\\0000\\f804\\0000\を納品して欲しいという\f801\依頼を覚えているだろうか？\f801\\f802\依頼を達成したいのであれば、\f801\必要分の\f804\\0500\\f810\\0000\\f804\\0000\を売却しないよう\f801\気を付けたまえ。\f801\\ffff\</translate>
			</id>
			<id id="31"/>
			<id id="32"/>
			<id id="33"/>
			<id id="34"/>
			<id id="35"/>
			<id id="36"/>
			<id id="37"/>
			<id id="38"/>
			<id id="39"/>
			<id id="40">
				<origin>\f804\\0500\原始ノ大密林\f804\\0000\で\f804\\0500\ミント草\f804\\0000\を\f801\\f804\\0500\３つ\f804\\0000\、\f804\\0500\採取\f804\\0000\して納品せよ！\f801\\ffff\</origin>
				<translate>\f804\\0500\原始ノ大密林\f804\\0000\で\f804\\0500\ミント草\f804\\0000\を\f801\\f804\\0500\３つ\f804\\0000\、\f804\\0500\採取\f804\\0000\して納品せよ！\f801\\ffff\</translate>
			</id>
		</body>
	</mbm>
