<?xml version="1.0" encoding="UTF-8"?>
	<mbm>
		<head>000000004d53473200000100</head>
		<size>9a070000</size>
		<number>28000000</number>
		<j>200000000000000000000000</j>
		<body>
			<id id="0">
				<origin>\f859\\0300\\f81b\\565f\\4348\\4152\\5f31\\3032\\2f45\\5645\\4e54\\2f62\\6172\\5f32\\3236\\0000\お、今日もお仕事、精が出るねぇ！\f801\いやぁ、若いってのはいいねぇ～！\f801\\ffff\</origin>
				<translate>\f859\\0300\\f81b\\565f\\4348\\4152\\5f31\\3032\\2f45\\5645\\4e54\\2f62\\6172\\5f32\\3236\\0000\お、今日もお仕事、精が出るねぇ！\f801\いやぁ、若いってのはいいねぇ～！\f801\\ffff\</translate>
			</id>
			<id id="1">
				<origin>\f859\\0300\\f81b\\565f\\4348\\4152\\5f31\\3032\\2f45\\5645\\4e54\\2f62\\6172\\5f32\\3135\\0000\僕もあと２年若ければ……、\f801\……え？ ２年じゃ何も変わらないって？\f801\だーはっはっはっ！\f801\\f802\もう、バカなこと言ってると\f801\全然先に進まないじゃない！\f801\\ffff\</origin>
				<translate>\f859\\0300\\f81b\\565f\\4348\\4152\\5f31\\3032\\2f45\\5645\\4e54\\2f62\\6172\\5f32\\3135\\0000\僕もあと２年若ければ……、\f801\……え？ ２年じゃ何も変わらないって？\f801\だーはっはっはっ！\f801\\f802\もう、バカなこと言ってると\f801\全然先に進まないじゃない！\f801\\ffff\</translate>
			</id>
			<id id="2">
				<origin>\f859\\0300\\f81b\\565f\\4348\\4152\\5f31\\3032\\2f45\\5645\\4e54\\2f62\\6172\\5f32\\3436\\0000\さて、それじゃ早速依頼内容の\f801\ご説明、はじまりはじまり～。\f801\\ffff\</origin>
				<translate>\f859\\0300\\f81b\\565f\\4348\\4152\\5f31\\3032\\2f45\\5645\\4e54\\2f62\\6172\\5f32\\3436\\0000\さて、それじゃ早速依頼内容の\f801\ご説明、はじまりはじまり～。\f801\\ffff\</translate>
			</id>
			<id id="3">
				<origin>\f859\\0300\あるところに樹海で採れる木材に\f801\たいへん感銘を受けた\f801\建築家がおったそうな……。\f801\\ffff\</origin>
				<translate>\f859\\0300\あるところに樹海で採れる木材に\f801\たいへん感銘を受けた\f801\建築家がおったそうな……。\f801\\ffff\</translate>
			</id>
			<id id="4">
				<origin>\f859\\0300\面倒だから結論から言うと、\f801\\f804\\0500\原始ノ大密林\f804\\0000\で手に入る\f804\\0500\軽量の堅木\f804\\0000\を\f804\\0500\３つ\f804\\0000\！\f801\その建築家が欲しいんだってさ！\f801\\f802\\f81b\\565f\\4348\\4152\\5f31\\3032\\2f45\\5645\\4e54\\2f62\\6172\\5f32\\3036\\0000\というわけだから、\f801\がんばって\f804\\0500\伐採\f804\\0000\してきてね～。\f801\\ffff\</origin>
				<translate>\f859\\0300\面倒だから結論から言うと、\f801\\f804\\0500\原始ノ大密林\f804\\0000\で手に入る\f804\\0500\軽量の堅木\f804\\0000\を\f804\\0500\３つ\f804\\0000\！\f801\その建築家が欲しいんだってさ！\f801\\f802\\f81b\\565f\\4348\\4152\\5f31\\3032\\2f45\\5645\\4e54\\2f62\\6172\\5f32\\3036\\0000\というわけだから、\f801\がんばって\f804\\0500\伐採\f804\\0000\してきてね～。\f801\\ffff\</translate>
			</id>
			<id id="5"/>
			<id id="6"/>
			<id id="7"/>
			<id id="8"/>
			<id id="9"/>
			<id id="10">
				<origin>\f859\\0300\\f81b\\565f\\4348\\4152\\5f31\\3032\\2f45\\5645\\4e54\\2f62\\6172\\5f32\\3035\\0000\ひーふーみー、うんうん。\f801\確かに依頼の品の納品確認したよー。\f801\ありがとさーん。\f801\\ffff\</origin>
				<translate>\f859\\0300\\f81b\\565f\\4348\\4152\\5f31\\3032\\2f45\\5645\\4e54\\2f62\\6172\\5f32\\3035\\0000\ひーふーみー、うんうん。\f801\確かに依頼の品の納品確認したよー。\f801\ありがとさーん。\f801\\ffff\</translate>
			</id>
			<id id="11">
				<origin>\f859\\0300\\f81b\\565f\\4348\\4152\\5f31\\3032\\2f45\\5645\\4e54\\2f62\\6172\\5f32\\3137\\0000\いやー、でも新築か～。\f801\いいよねー、新築って響き。\f801\\f802\この店を建てて云十年経つんだけど\f801\いい加減店のいたるところが\f801\ボロっちくなっててねぇ。\f801\\f802\それと僕はこの店の２階に住んでるんだけど\f801\仕事が終わったあと、部屋に戻るのが\f801\面倒なんだ。\f801\\ffff\</origin>
				<translate>\f859\\0300\\f81b\\565f\\4348\\4152\\5f31\\3032\\2f45\\5645\\4e54\\2f62\\6172\\5f32\\3137\\0000\いやー、でも新築か～。\f801\いいよねー、新築って響き。\f801\\f802\この店を建てて云十年経つんだけど\f801\いい加減店のいたるところが\f801\ボロっちくなっててねぇ。\f801\\f802\それと僕はこの店の２階に住んでるんだけど\f801\仕事が終わったあと、部屋に戻るのが\f801\面倒なんだ。\f801\\ffff\</translate>
			</id>
			<id id="12">
				<origin>\f859\\0300\\f81b\\565f\\4348\\4152\\5f31\\3032\\2f45\\5645\\4e54\\2f62\\6172\\5f32\\3030\\0000\だからお店を２階にして、\f801\僕が１階に住めばいいと思うんだよね！\f801\\ffff\</origin>
				<translate>\f859\\0300\\f81b\\565f\\4348\\4152\\5f31\\3032\\2f45\\5645\\4e54\\2f62\\6172\\5f32\\3030\\0000\だからお店を２階にして、\f801\僕が１階に住めばいいと思うんだよね！\f801\\ffff\</translate>
			</id>
			<id id="13">
				<origin>\f859\\0300\……え？\f801\そうしたらお店に行くのが面倒になって\f801\お店を開けなくなるだろうって？\f801\\ffff\</origin>
				<translate>\f859\\0300\……え？\f801\そうしたらお店に行くのが面倒になって\f801\お店を開けなくなるだろうって？\f801\\ffff\</translate>
			</id>
			<id id="14">
				<origin>\f81b\\565f\\4348\\4152\\5f31\\3032\\2f45\\5645\\4e54\\2f62\\6172\\5f32\\3136\\0000\だーはっはっはっ！\f801\いやぁ、よく気づいたねぇ！\f801\はい、今回の報酬！\f801\\ffff\</origin>
				<translate>\f81b\\565f\\4348\\4152\\5f31\\3032\\2f45\\5645\\4e54\\2f62\\6172\\5f32\\3136\\0000\だーはっはっはっ！\f801\いやぁ、よく気づいたねぇ！\f801\はい、今回の報酬！\f801\\ffff\</translate>
			</id>
			<id id="15"/>
			<id id="16"/>
			<id id="17"/>
			<id id="18"/>
			<id id="19"/>
			<id id="20">
				<origin>依頼されていた\f804\\0500\\f810\\0000\\f804\\0000\が３個集まった。\f801\後はこれを酒場に納品すれば依頼は完了だ。\f801\\ffff\</origin>
				<translate>依頼されていた\f804\\0500\\f810\\0000\\f804\\0000\が３個集まった。\f801\後はこれを酒場に納品すれば依頼は完了だ。\f801\\ffff\</translate>
			</id>
			<id id="21"/>
			<id id="22"/>
			<id id="23"/>
			<id id="24"/>
			<id id="25"/>
			<id id="26"/>
			<id id="27"/>
			<id id="28"/>
			<id id="29"/>
			<id id="30">
				<origin>君たちは酒場で引き受けた\f801\\f804\\0500\\f810\\0000\\f804\\0000\を納品して欲しいという\f801\依頼を覚えているだろうか？\f801\\f802\依頼を達成したいのであれば、\f801\必要分の\f804\\0500\\f810\\0000\\f804\\0000\を売却しないよう\f801\気を付けたまえ。\f801\\ffff\</origin>
				<translate>君たちは酒場で引き受けた\f801\\f804\\0500\\f810\\0000\\f804\\0000\を納品して欲しいという\f801\依頼を覚えているだろうか？\f801\\f802\依頼を達成したいのであれば、\f801\必要分の\f804\\0500\\f810\\0000\\f804\\0000\を売却しないよう\f801\気を付けたまえ。\f801\\ffff\</translate>
			</id>
			<id id="31"/>
			<id id="32"/>
			<id id="33"/>
			<id id="34"/>
			<id id="35"/>
			<id id="36"/>
			<id id="37"/>
			<id id="38"/>
			<id id="39"/>
			<id id="40">
				<origin>\f804\\0500\原始ノ大密林\f804\\0000\で\f804\\0500\軽量の堅木\f804\\0000\を\f801\\f804\\0500\３つ\f804\\0000\、\f804\\0500\伐採\f804\\0000\して納品せよ！\f801\\ffff\</origin>
				<translate>\f804\\0500\原始ノ大密林\f804\\0000\で\f804\\0500\軽量の堅木\f804\\0000\を\f801\\f804\\0500\３つ\f804\\0000\、\f804\\0500\伐採\f804\\0000\して納品せよ！\f801\\ffff\</translate>
			</id>
		</body>
	</mbm>
