<?xml version="1.0" encoding="UTF-8"?>
	<mbm>
		<head>000000004d53473200000100</head>
		<size>bc040000</size>
		<number>15000000</number>
		<j>200000000000000000000000</j>
		<body>
			<id id="0">
				<origin>\f859\\0300\\f81b\\565f\\4348\\4152\\5f31\\3032\\2f45\\5645\\4e54\\2f62\\6172\\5f32\\3236\\0000\ああ、その依頼だね！\f801\それは若い冒険者の女の子からの依頼だよ。\f801\\ffff\</origin>
				<translate>\f859\\0300\\f81b\\565f\\4348\\4152\\5f31\\3032\\2f45\\5645\\4e54\\2f62\\6172\\5f32\\3236\\0000\ああ、その依頼だね！\f801\それは若い冒険者の女の子からの依頼だよ。\f801\\ffff\</translate>
			</id>
			<id id="1">
				<origin>\f859\\0300\\f81b\\565f\\4348\\4152\\5f31\\3032\\2f45\\5645\\4e54\\2f62\\6172\\5f32\\3235\\0000\あのテーブルで、死にそうな顔をしてる子。\f801\せっかくの可愛い顔なのに、\f801\もったいないよねぇ。\f801\\f802\僕は慰めるのは苦手……というか\f801\ガラじゃないからねぇ。\f801\君たち、直接話を聞いてくれるかな？\f801\\ffff\</origin>
				<translate>\f859\\0300\\f81b\\565f\\4348\\4152\\5f31\\3032\\2f45\\5645\\4e54\\2f62\\6172\\5f32\\3235\\0000\あのテーブルで、死にそうな顔をしてる子。\f801\せっかくの可愛い顔なのに、\f801\もったいないよねぇ。\f801\\f802\僕は慰めるのは苦手……というか\f801\ガラじゃないからねぇ。\f801\君たち、直接話を聞いてくれるかな？\f801\\ffff\</translate>
			</id>
			<id id="2"/>
			<id id="3"/>
			<id id="4"/>
			<id id="5"/>
			<id id="6"/>
			<id id="7"/>
			<id id="8"/>
			<id id="9"/>
			<id id="10">
				<origin>\f859\\0300\\f81b\\565f\\4348\\4152\\5f31\\3032\\2f45\\5645\\4e54\\2f62\\6172\\5f32\\3137\\0000\みんな、お疲れ～！\f801\いやぁ、あの子も笑顔が戻ってよかったよ！\f801\\f802\落ち込んでる人だと、おちょくりがいが\f801\ないからねぇ～。\f801\\ffff\</origin>
				<translate>\f859\\0300\\f81b\\565f\\4348\\4152\\5f31\\3032\\2f45\\5645\\4e54\\2f62\\6172\\5f32\\3137\\0000\みんな、お疲れ～！\f801\いやぁ、あの子も笑顔が戻ってよかったよ！\f801\\f802\落ち込んでる人だと、おちょくりがいが\f801\ないからねぇ～。\f801\\ffff\</translate>
			</id>
			<id id="11">
				<origin>\f859\\0300\\f81b\\565f\\4348\\4152\\5f31\\3032\\2f45\\5645\\4e54\\2f62\\6172\\5f32\\3033\\0000\……だーはっはっは！\f801\ウソだよ、ウソ！ そんなことしないよ！\f801\……ほんの少しだけだよ！\f801\\ffff\</origin>
				<translate>\f859\\0300\\f81b\\565f\\4348\\4152\\5f31\\3032\\2f45\\5645\\4e54\\2f62\\6172\\5f32\\3033\\0000\……だーはっはっは！\f801\ウソだよ、ウソ！ そんなことしないよ！\f801\……ほんの少しだけだよ！\f801\\ffff\</translate>
			</id>
			<id id="12">
				<origin>\f859\\0300\それにしてもギルドを組む時は、力量の差は\f801\考えないとダメだよね～。\f801\釣り合いって、本当に大切。\f801\\ffff\</origin>
				<translate>\f859\\0300\それにしてもギルドを組む時は、力量の差は\f801\考えないとダメだよね～。\f801\釣り合いって、本当に大切。\f801\\ffff\</translate>
			</id>
			<id id="13">
				<origin>\f859\\0300\\f81b\\565f\\4348\\4152\\5f31\\3032\\2f45\\5645\\4e54\\2f62\\6172\\5f32\\3231\\0000\……僕に釣り合う人っていつになったら\f801\現れるんだろうねぇ～。\f801\\f802\出て行っちゃった奥さんたち、\f801\今頃何をしてるかな～？\f801\\ffff\</origin>
				<translate>\f859\\0300\\f81b\\565f\\4348\\4152\\5f31\\3032\\2f45\\5645\\4e54\\2f62\\6172\\5f32\\3231\\0000\……僕に釣り合う人っていつになったら\f801\現れるんだろうねぇ～。\f801\\f802\出て行っちゃった奥さんたち、\f801\今頃何をしてるかな～？\f801\\ffff\</translate>
			</id>
			<id id="14">
				<origin>\f859\\0300\おっと、思い出に浸ってる場合じゃないね！\f801\はい、これが今回の報酬だよ！\f801\またよろしくね～！\f801\\ffff\</origin>
				<translate>\f859\\0300\おっと、思い出に浸ってる場合じゃないね！\f801\はい、これが今回の報酬だよ！\f801\またよろしくね～！\f801\\ffff\</translate>
			</id>
			<id id="15"/>
			<id id="16"/>
			<id id="17"/>
			<id id="18"/>
			<id id="19"/>
			<id id="20">
				<origin>酒場にいる若い女性冒険者と話し、\f801\詳しい依頼を聞こう！\f801\\ffff\</origin>
				<translate>酒場にいる若い女性冒険者と話し、\f801\詳しい依頼を聞こう！\f801\\ffff\</translate>
			</id>
			<id id="21">
				<origin>先輩冒険者に手紙を届けよう！\f801\\ffff\</origin>
				<translate>先輩冒険者に手紙を届けよう！\f801\\ffff\</translate>
			</id>
		</body>
	</mbm>
