<?xml version="1.0" encoding="UTF-8"?>
	<mbm>
		<head>000000004d53473200000100</head>
		<size>b40a0000</size>
		<number>28000000</number>
		<j>200000000000000000000000</j>
		<body>
			<id id="0">
				<origin>\f859\\0300\\f81b\\565f\\4348\\4152\\5f31\\3032\\2f45\\5645\\4e54\\2f62\\6172\\5f32\\3333\\0000\はいはい依頼ね。\f801\君たちも真面目なんだね。\f801\それとも金欠なの？\f801\\ffff\</origin>
				<translate>\f859\\0300\\f81b\\565f\\4348\\4152\\5f31\\3032\\2f45\\5645\\4e54\\2f62\\6172\\5f32\\3333\\0000\はいはい依頼ね。\f801\君たちも真面目なんだね。\f801\それとも金欠なの？\f801\\ffff\</translate>
			</id>
			<id id="1">
				<origin>\f859\\0300\\f81b\\565f\\4348\\4152\\5f31\\3032\\2f45\\5645\\4e54\\2f62\\6172\\5f32\\3231\\0000\えーと、その依頼は近所の薬剤師さんだね。\f801\依頼書によると、最近不安で夜に\f801\眠れなくて困ってるみたい。\f801\\f802\そんな不安になるなら、マギニアが\f801\飛び立つ前に降りておけばよかったのにね！\f801\思っていたのと違ったってことかな？\f801\\ffff\</origin>
				<translate>\f859\\0300\\f81b\\565f\\4348\\4152\\5f31\\3032\\2f45\\5645\\4e54\\2f62\\6172\\5f32\\3231\\0000\えーと、その依頼は近所の薬剤師さんだね。\f801\依頼書によると、最近不安で夜に\f801\眠れなくて困ってるみたい。\f801\\f802\そんな不安になるなら、マギニアが\f801\飛び立つ前に降りておけばよかったのにね！\f801\思っていたのと違ったってことかな？\f801\\ffff\</translate>
			</id>
			<id id="2">
				<origin>\f859\\0300\\f81b\\565f\\4348\\4152\\5f31\\3032\\2f45\\5645\\4e54\\2f62\\6172\\5f32\\3033\\0000\そこに行くと僕には想定外なんてないよ。\f801\だって何も想定してないからね！\f801\だーはっはっは！\f801\\ffff\</origin>
				<translate>\f859\\0300\\f81b\\565f\\4348\\4152\\5f31\\3032\\2f45\\5645\\4e54\\2f62\\6172\\5f32\\3033\\0000\そこに行くと僕には想定外なんてないよ。\f801\だって何も想定してないからね！\f801\だーはっはっは！\f801\\ffff\</translate>
			</id>
			<id id="3">
				<origin>\f859\\0300\\f81b\\565f\\4348\\4152\\5f31\\3032\\2f45\\5645\\4e54\\2f62\\6172\\5f32\\3238\\0000\まぁ、そういうわけでその薬剤師さん、\f801\ぐっすり快眠できる睡眠導入剤を\f801\作りたいんだってさ。\f801\\f802\なので。みんなには\f804\\0500\原始ノ大密林\f804\\0000\にいる\f801\\f804\\0500\スリーパーウーズ\f804\\0000\が落とす\f804\\0500\ねばつく液体\f804\\0000\を\f801\\f804\\0500\２つ\f804\\0000\納品して欲しいんだ。\f801\\f802\\f81b\\565f\\4348\\4152\\5f31\\3032\\2f53\\5953\\5445\\4d2f\\4558\\4954\\325f\\4e4f\\524d\\414c\\2f62\\6172\\5f30\\3231\\0000\急がなくても死ぬことはなさそうだし、\f801\のんびり探索してるついでに\f801\集めるくらいでいいんで、よろしくね～！\f801\\ffff\</origin>
				<translate>\f859\\0300\\f81b\\565f\\4348\\4152\\5f31\\3032\\2f45\\5645\\4e54\\2f62\\6172\\5f32\\3238\\0000\まぁ、そういうわけでその薬剤師さん、\f801\ぐっすり快眠できる睡眠導入剤を\f801\作りたいんだってさ。\f801\\f802\なので。みんなには\f804\\0500\原始ノ大密林\f804\\0000\にいる\f801\\f804\\0500\スリーパーウーズ\f804\\0000\が落とす\f804\\0500\ねばつく液体\f804\\0000\を\f801\\f804\\0500\２つ\f804\\0000\納品して欲しいんだ。\f801\\f802\\f81b\\565f\\4348\\4152\\5f31\\3032\\2f53\\5953\\5445\\4d2f\\4558\\4954\\325f\\4e4f\\524d\\414c\\2f62\\6172\\5f30\\3231\\0000\急がなくても死ぬことはなさそうだし、\f801\のんびり探索してるついでに\f801\集めるくらいでいいんで、よろしくね～！\f801\\ffff\</translate>
			</id>
			<id id="4"/>
			<id id="5"/>
			<id id="6"/>
			<id id="7"/>
			<id id="8"/>
			<id id="9"/>
			<id id="10">
				<origin>\f859\\0300\\f81b\\565f\\4348\\4152\\5f31\\3032\\2f45\\5645\\4e54\\2f62\\6172\\5f32\\3332\\0000\おや、依頼達成？\f801\本当に真面目だね～。\f801\\ffff\</origin>
				<translate>\f859\\0300\\f81b\\565f\\4348\\4152\\5f31\\3032\\2f45\\5645\\4e54\\2f62\\6172\\5f32\\3332\\0000\おや、依頼達成？\f801\本当に真面目だね～。\f801\\ffff\</translate>
			</id>
			<id id="11">
				<origin>\f859\\0300\そんなんで、疲れない？\f801\特に疲れない？ ああ、そう。\f801\さてさて、納品物はどんなのかな～？\f801\\ffff\</origin>
				<translate>\f859\\0300\そんなんで、疲れない？\f801\特に疲れない？ ああ、そう。\f801\さてさて、納品物はどんなのかな～？\f801\\ffff\</translate>
			</id>
			<id id="12">
				<origin>\f859\\0300\\f81b\\565f\\4348\\4152\\5f31\\3032\\2f45\\5645\\4e54\\2f62\\6172\\5f32\\3135\\0000\うわっはあ、すごいネバネバだね、これ。\f801\しかもすっごい伸びる！ わはは！\f801\\f802\ねえねえ、これをさ、冷やして固めて\f801\壁に投げつけたら、壁にぺたって\f801\くっ付くんじゃないかな！？\f801\\ffff\</origin>
				<translate>\f859\\0300\\f81b\\565f\\4348\\4152\\5f31\\3032\\2f45\\5645\\4e54\\2f62\\6172\\5f32\\3135\\0000\うわっはあ、すごいネバネバだね、これ。\f801\しかもすっごい伸びる！ わはは！\f801\\f802\ねえねえ、これをさ、冷やして固めて\f801\壁に投げつけたら、壁にぺたって\f801\くっ付くんじゃないかな！？\f801\\ffff\</translate>
			</id>
			<id id="13">
				<origin>\f804\\0500\何と答えますか？\f804\\0000\\f801\それは楽しそうだ\f801\依頼人に怒られるぞ\f801\\ffff\</origin>
				<translate>\f804\\0500\何と答えますか？\f804\\0000\\f801\それは楽しそうだ\f801\依頼人に怒られるぞ\f801\\ffff\</translate>
			</id>
			<id id="14">
				<origin>\f859\\0300\\f81b\\565f\\4348\\4152\\5f31\\3032\\2f45\\5645\\4e54\\2f62\\6172\\5f32\\3137\\0000\でしょ！？\f801\いやー、なんか楽しそうだよね。\f801\\f802\しかも思い切り投げつけても、\f801\多分これすごい柔らかいから壁には\f801\傷も付かない！ いいこと尽くめ！\f801\\f802\\f81b\\565f\\4348\\4152\\5f31\\3032\\2f45\\5645\\4e54\\2f62\\6172\\5f32\\3330\\0000\これ、僕がもらっておくから、\f801\依頼はなかったことにしない？\f801\……ダメ？ じゃぁ、しょうがないか。\f801\\ffff\</origin>
				<translate>\f859\\0300\\f81b\\565f\\4348\\4152\\5f31\\3032\\2f45\\5645\\4e54\\2f62\\6172\\5f32\\3137\\0000\でしょ！？\f801\いやー、なんか楽しそうだよね。\f801\\f802\しかも思い切り投げつけても、\f801\多分これすごい柔らかいから壁には\f801\傷も付かない！ いいこと尽くめ！\f801\\f802\\f81b\\565f\\4348\\4152\\5f31\\3032\\2f45\\5645\\4e54\\2f62\\6172\\5f32\\3330\\0000\これ、僕がもらっておくから、\f801\依頼はなかったことにしない？\f801\……ダメ？ じゃぁ、しょうがないか。\f801\\ffff\</translate>
			</id>
			<id id="15">
				<origin>\f859\\0300\\f81b\\565f\\4348\\4152\\5f31\\3032\\2f45\\5645\\4e54\\2f62\\6172\\5f32\\3439\\0000\さて、じゃあ報酬ターイム！\f801\今回もありがとさ～ん！\f801\\ffff\</origin>
				<translate>\f859\\0300\\f81b\\565f\\4348\\4152\\5f31\\3032\\2f45\\5645\\4e54\\2f62\\6172\\5f32\\3439\\0000\さて、じゃあ報酬ターイム！\f801\今回もありがとさ～ん！\f801\\ffff\</translate>
			</id>
			<id id="16">
				<origin>\f859\\0300\\f81b\\565f\\4348\\4152\\5f31\\3032\\2f45\\5645\\4e54\\2f62\\6172\\5f32\\3436\\0000\本当に真面目だね～。\f801\人生は一度きりだから、\f801\楽しんだほうがいいと思うよ？\f801\\ffff\</origin>
				<translate>\f859\\0300\\f81b\\565f\\4348\\4152\\5f31\\3032\\2f45\\5645\\4e54\\2f62\\6172\\5f32\\3436\\0000\本当に真面目だね～。\f801\人生は一度きりだから、\f801\楽しんだほうがいいと思うよ？\f801\\ffff\</translate>
			</id>
			<id id="17">
				<origin>\f859\\0300\僕なんてさ……。\f801\……はいはい、分かりました。\f801\\ffff\</origin>
				<translate>\f859\\0300\僕なんてさ……。\f801\……はいはい、分かりました。\f801\\ffff\</translate>
			</id>
			<id id="18">
				<origin>\f859\\0300\\f81b\\565f\\4348\\4152\\5f31\\3032\\2f45\\5645\\4e54\\2f62\\6172\\5f32\\3335\\0000\暇を持て余した老人のしょうもない\f801\話だから怖い顔しないで！\f801\\ffff\</origin>
				<translate>\f859\\0300\\f81b\\565f\\4348\\4152\\5f31\\3032\\2f45\\5645\\4e54\\2f62\\6172\\5f32\\3335\\0000\暇を持て余した老人のしょうもない\f801\話だから怖い顔しないで！\f801\\ffff\</translate>
			</id>
			<id id="19">
				<origin>\f859\\0300\\f81b\\565f\\4348\\4152\\5f31\\3032\\2f45\\5645\\4e54\\2f62\\6172\\5f32\\3439\\0000\はい、これ報酬ね！\f801\今回もありがとさ～ん！\f801\\ffff\</origin>
				<translate>\f859\\0300\\f81b\\565f\\4348\\4152\\5f31\\3032\\2f45\\5645\\4e54\\2f62\\6172\\5f32\\3439\\0000\はい、これ報酬ね！\f801\今回もありがとさ～ん！\f801\\ffff\</translate>
			</id>
			<id id="20">
				<origin>依頼されていた\f804\\0500\\f810\\0000\\f804\\0000\が\f801\２個集まった。後はこれを酒場に\f801\納品すれば依頼は完了だ。\f801\\ffff\</origin>
				<translate>依頼されていた\f804\\0500\\f810\\0000\\f804\\0000\が\f801\２個集まった。後はこれを酒場に\f801\納品すれば依頼は完了だ。\f801\\ffff\</translate>
			</id>
			<id id="21"/>
			<id id="22"/>
			<id id="23"/>
			<id id="24"/>
			<id id="25"/>
			<id id="26"/>
			<id id="27"/>
			<id id="28"/>
			<id id="29"/>
			<id id="30">
				<origin>君たちは酒場で引き受けた\f801\\f804\\0500\\f810\\0000\\f804\\0000\を納品して欲しいという\f801\依頼を覚えているだろうか？\f801\\f802\依頼を達成したいのであれば、\f801\必要分の\f804\\0500\\f810\\0000\\f804\\0000\を売却しないよう\f801\気を付けたまえ。\f801\\ffff\</origin>
				<translate>君たちは酒場で引き受けた\f801\\f804\\0500\\f810\\0000\\f804\\0000\を納品して欲しいという\f801\依頼を覚えているだろうか？\f801\\f802\依頼を達成したいのであれば、\f801\必要分の\f804\\0500\\f810\\0000\\f804\\0000\を売却しないよう\f801\気を付けたまえ。\f801\\ffff\</translate>
			</id>
			<id id="31"/>
			<id id="32"/>
			<id id="33"/>
			<id id="34"/>
			<id id="35"/>
			<id id="36"/>
			<id id="37"/>
			<id id="38"/>
			<id id="39"/>
			<id id="40">
				<origin>\f804\\0500\原始ノ大密林\f804\\0000\にいる\f804\\0500\スリーパーウーズ\f804\\0000\から\f801\とれる\f804\\0500\ねばつく液体\f804\\0000\を\f804\\0500\２つ\f804\\0000\納品せよ！\f801\\ffff\</origin>
				<translate>\f804\\0500\原始ノ大密林\f804\\0000\にいる\f804\\0500\スリーパーウーズ\f804\\0000\から\f801\とれる\f804\\0500\ねばつく液体\f804\\0000\を\f804\\0500\２つ\f804\\0000\納品せよ！\f801\\ffff\</translate>
			</id>
		</body>
	</mbm>
