<?xml version="1.0" encoding="UTF-8"?>
	<mbm>
		<head>000000004d53473200000100</head>
		<size>501c0000</size>
		<number>71010000</number>
		<j>200000000000000000000000</j>
		<body>
			<id id="0">
				<origin>\f859\\0300\\f81b\\565f\\4348\\4152\\5f31\\3032\\2f45\\5645\\4e54\\2f62\\6172\\5f32\\3436\\0000\あー、その依頼はマギニアの衛兵隊が\f801\出してきたやつだね。\f801\\f802\結構手こずってるみたいだから、\f801\みんなが受けてくれるのは諸手をあげての\f801\大喜びなんじゃないかな。\f801\\ffff\</origin>
				<translate>\f859\\0300\\f81b\\565f\\4348\\4152\\5f31\\3032\\2f45\\5645\\4e54\\2f62\\6172\\5f32\\3436\\0000\あー、その依頼はマギニアの衛兵隊が\f801\出してきたやつだね。\f801\\f802\結構手こずってるみたいだから、\f801\みんなが受けてくれるのは諸手をあげての\f801\大喜びなんじゃないかな。\f801\\ffff\</translate>
			</id>
			<id id="1">
				<origin>\f859\\0300\\f81b\\565f\\4348\\4152\\5f31\\3032\\2f45\\5645\\4e54\\2f62\\6172\\5f32\\3030\\0000\ざっくり言うと、樹海での魔物の討伐に\f801\協力して欲しいって話だったと思う。\f801\\f802\今回は\f804\\0500\桜ノ立橋\f804\\0000\の\f804\\0500\地下３階\f804\\0000\で衛兵隊が\f801\待ってるはずだから行ってみて\f801\そこで詳しく聞いてくれるかな？\f801\\ffff\</origin>
				<translate>\f859\\0300\\f81b\\565f\\4348\\4152\\5f31\\3032\\2f45\\5645\\4e54\\2f62\\6172\\5f32\\3030\\0000\ざっくり言うと、樹海での魔物の討伐に\f801\協力して欲しいって話だったと思う。\f801\\f802\今回は\f804\\0500\桜ノ立橋\f804\\0000\の\f804\\0500\地下３階\f804\\0000\で衛兵隊が\f801\待ってるはずだから行ってみて\f801\そこで詳しく聞いてくれるかな？\f801\\ffff\</translate>
			</id>
			<id id="2"/>
			<id id="3">
				<origin>\f859\\0300\\f81b\\565f\\4348\\4152\\5f31\\3032\\2f53\\5953\\5445\\4d2f\\4558\\4954\\325f\\4e4f\\524d\\414c\\2f62\\6172\\5f30\\3231\\0000\そいじゃよろしく頼んだよー。\f801\\ffff\</origin>
				<translate>\f859\\0300\\f81b\\565f\\4348\\4152\\5f31\\3032\\2f53\\5953\\5445\\4d2f\\4558\\4954\\325f\\4e4f\\524d\\414c\\2f62\\6172\\5f30\\3231\\0000\そいじゃよろしく頼んだよー。\f801\\ffff\</translate>
			</id>
			<id id="4"/>
			<id id="5"/>
			<id id="6">
				<origin>\f859\\0300\\f81b\\565f\\4348\\4152\\5f31\\3032\\2f45\\5645\\4e54\\2f62\\6172\\5f32\\3231\\0000\えーっと、その依頼は一度途中で\f801\やめちゃった魔物の討伐依頼だね。\f801\\f802\確か経過報告を衛兵隊からもらってて…。\f801\あ、あったこれこれ。\f801\\ffff\</origin>
				<translate>\f859\\0300\\f81b\\565f\\4348\\4152\\5f31\\3032\\2f45\\5645\\4e54\\2f62\\6172\\5f32\\3231\\0000\えーっと、その依頼は一度途中で\f801\やめちゃった魔物の討伐依頼だね。\f801\\f802\確か経過報告を衛兵隊からもらってて…。\f801\あ、あったこれこれ。\f801\\ffff\</translate>
			</id>
			<id id="7">
				<origin>\f859\\0300\\f81b\\565f\\4348\\4152\\5f31\\3032\\2f45\\5645\\4e54\\2f62\\6172\\5f32\\3137\\0000\今はこの場所に魔物がいるはずだから、\f801\依頼を受けたらこの場所にいる魔物を\f801\討伐してくれってさ。\f801\\ffff\</origin>
				<translate>\f859\\0300\\f81b\\565f\\4348\\4152\\5f31\\3032\\2f45\\5645\\4e54\\2f62\\6172\\5f32\\3137\\0000\今はこの場所に魔物がいるはずだから、\f801\依頼を受けたらこの場所にいる魔物を\f801\討伐してくれってさ。\f801\\ffff\</translate>
			</id>
			<id id="8"/>
			<id id="9">
				<origin>\f859\\0300\\f81b\\565f\\4348\\4152\\5f31\\3032\\2f53\\5953\\5445\\4d2f\\4558\\4954\\325f\\4e4f\\524d\\414c\\2f62\\6172\\5f30\\3231\\0000\それじゃ今回こそ見事に依頼を\f801\果たしちゃってねー。\f801\\ffff\</origin>
				<translate>\f859\\0300\\f81b\\565f\\4348\\4152\\5f31\\3032\\2f53\\5953\\5445\\4d2f\\4558\\4954\\325f\\4e4f\\524d\\414c\\2f62\\6172\\5f30\\3231\\0000\それじゃ今回こそ見事に依頼を\f801\果たしちゃってねー。\f801\\ffff\</translate>
			</id>
			<id id="10"/>
			<id id="11"/>
			<id id="12">
				<origin>\f804\\0300\目的地が表示されました。\f804\\0000\\f801\\ffff\</origin>
				<translate>\f804\\0300\目的地が表示されました。\f804\\0000\\f801\\ffff\</translate>
			</id>
			<id id="13"/>
			<id id="14"/>
			<id id="15"/>
			<id id="16"/>
			<id id="17"/>
			<id id="18"/>
			<id id="19"/>
			<id id="20"/>
			<id id="21"/>
			<id id="22"/>
			<id id="23"/>
			<id id="24"/>
			<id id="25"/>
			<id id="26"/>
			<id id="27"/>
			<id id="28"/>
			<id id="29"/>
			<id id="30"/>
			<id id="31"/>
			<id id="32"/>
			<id id="33"/>
			<id id="34"/>
			<id id="35"/>
			<id id="36"/>
			<id id="37"/>
			<id id="38"/>
			<id id="39"/>
			<id id="40"/>
			<id id="41"/>
			<id id="42"/>
			<id id="43"/>
			<id id="44"/>
			<id id="45"/>
			<id id="46"/>
			<id id="47"/>
			<id id="48"/>
			<id id="49"/>
			<id id="50">
				<origin>\f859\\0300\\f81b\\565f\\4348\\4152\\5f31\\3032\\2f45\\5645\\4e54\\2f62\\6172\\5f32\\3132\\0000\お疲れさーん。\f801\いい働きをしてきたみたいじゃな～い！\f801\\f802\さっき衛兵がやってきてね、\f801\\f840\がやってきてくれて\f801\本当に助かったって言ってきたよ。\f801\\ffff\</origin>
				<translate>\f859\\0300\\f81b\\565f\\4348\\4152\\5f31\\3032\\2f45\\5645\\4e54\\2f62\\6172\\5f32\\3132\\0000\お疲れさーん。\f801\いい働きをしてきたみたいじゃな～い！\f801\\f802\さっき衛兵がやってきてね、\f801\\f840\がやってきてくれて\f801\本当に助かったって言ってきたよ。\f801\\ffff\</translate>
			</id>
			<id id="51">
				<origin>\f859\\0300\\f81b\\565f\\4348\\4152\\5f31\\3032\\2f45\\5645\\4e54\\2f62\\6172\\5f32\\3137\\0000\いやぁ、ああいうことを言われると、\f801\本当に照れるねぇ～！\f801\ガラにもなく顔が熱くなっちゃったよ！\f801\\ffff\</origin>
				<translate>\f859\\0300\\f81b\\565f\\4348\\4152\\5f31\\3032\\2f45\\5645\\4e54\\2f62\\6172\\5f32\\3137\\0000\いやぁ、ああいうことを言われると、\f801\本当に照れるねぇ～！\f801\ガラにもなく顔が熱くなっちゃったよ！\f801\\ffff\</translate>
			</id>
			<id id="52">
				<origin>\f859\\0300\\f81b\\565f\\4348\\4152\\5f31\\3032\\2f45\\5645\\4e54\\2f62\\6172\\5f32\\3033\\0000\……え？ どうして僕が照れるのかって？\f801\そりゃ、君たちの手柄は\f801\僕の手柄みたいなもんじゃない！\f801\\ffff\</origin>
				<translate>\f859\\0300\\f81b\\565f\\4348\\4152\\5f31\\3032\\2f45\\5645\\4e54\\2f62\\6172\\5f32\\3033\\0000\……え？ どうして僕が照れるのかって？\f801\そりゃ、君たちの手柄は\f801\僕の手柄みたいなもんじゃない！\f801\\ffff\</translate>
			</id>
			<id id="53">
				<origin>\f859\\0300\ささ、これが今回のお仕事の報酬！\f801\受け取ってくれたまえよ！\f801\\ffff\</origin>
				<translate>\f859\\0300\ささ、これが今回のお仕事の報酬！\f801\受け取ってくれたまえよ！\f801\\ffff\</translate>
			</id>
			<id id="54">
				<origin>\f859\\0300\良かったらウチでぱーっと飲んでって！\f801\いま受け取ったお金でね！\f801\\ffff\</origin>
				<translate>\f859\\0300\良かったらウチでぱーっと飲んでって！\f801\いま受け取ったお金でね！\f801\\ffff\</translate>
			</id>
			<id id="55"/>
			<id id="56"/>
			<id id="57"/>
			<id id="58"/>
			<id id="59"/>
			<id id="60"/>
			<id id="61"/>
			<id id="62"/>
			<id id="63"/>
			<id id="64"/>
			<id id="65"/>
			<id id="66"/>
			<id id="67"/>
			<id id="68"/>
			<id id="69"/>
			<id id="70"/>
			<id id="71"/>
			<id id="72"/>
			<id id="73"/>
			<id id="74"/>
			<id id="75"/>
			<id id="76"/>
			<id id="77"/>
			<id id="78"/>
			<id id="79"/>
			<id id="80"/>
			<id id="81"/>
			<id id="82"/>
			<id id="83"/>
			<id id="84"/>
			<id id="85"/>
			<id id="86"/>
			<id id="87"/>
			<id id="88"/>
			<id id="89"/>
			<id id="90"/>
			<id id="91"/>
			<id id="92"/>
			<id id="93"/>
			<id id="94"/>
			<id id="95"/>
			<id id="96"/>
			<id id="97"/>
			<id id="98"/>
			<id id="99"/>
			<id id="100">
				<origin>\f804\\0500\桜ノ立橋\f804\\0000\の\f804\\0500\地下３階\f804\\0000\で衛兵隊に話を聞け！\f801\\ffff\</origin>
				<translate>\f804\\0500\桜ノ立橋\f804\\0000\の\f804\\0500\地下３階\f804\\0000\で衛兵隊に話を聞け！\f801\\ffff\</translate>
			</id>
			<id id="101"/>
			<id id="102"/>
			<id id="103">
				<origin>\f804\\0500\桜ノ立橋\f804\\0000\の\f804\\0500\地下３階\f804\\0000\で暴れる\f801\芋虫の群れを討伐せよ！\f801\\ffff\</origin>
				<translate>\f804\\0500\桜ノ立橋\f804\\0000\の\f804\\0500\地下３階\f804\\0000\で暴れる\f801\芋虫の群れを討伐せよ！\f801\\ffff\</translate>
			</id>
			<id id="104"/>
			<id id="105"/>
			<id id="106"/>
			<id id="107"/>
			<id id="108"/>
			<id id="109"/>
			<id id="110"/>
			<id id="111"/>
			<id id="112"/>
			<id id="113"/>
			<id id="114"/>
			<id id="115"/>
			<id id="116"/>
			<id id="117"/>
			<id id="118"/>
			<id id="119"/>
			<id id="120"/>
			<id id="121"/>
			<id id="122"/>
			<id id="123"/>
			<id id="124"/>
			<id id="125"/>
			<id id="126"/>
			<id id="127"/>
			<id id="128"/>
			<id id="129"/>
			<id id="130"/>
			<id id="131"/>
			<id id="132"/>
			<id id="133"/>
			<id id="134"/>
			<id id="135"/>
			<id id="136"/>
			<id id="137"/>
			<id id="138"/>
			<id id="139"/>
			<id id="140"/>
			<id id="141"/>
			<id id="142"/>
			<id id="143"/>
			<id id="144"/>
			<id id="145"/>
			<id id="146"/>
			<id id="147"/>
			<id id="148"/>
			<id id="149"/>
			<id id="150">
				<origin>君たちが酒場で指定された場所に\f801\やってくると、衛兵隊の一人が\f801\駆け寄ってきた。\f801\\ffff\</origin>
				<translate>君たちが酒場で指定された場所に\f801\やってくると、衛兵隊の一人が\f801\駆け寄ってきた。\f801\\ffff\</translate>
			</id>
			<id id="151"/>
			<id id="152"/>
			<id id="153">
				<origin>\f812\衛兵\0000\「見たところ、冒険者…だよな？\f801\もしかして我々が出した依頼を受けて\f801\ここへ来てくれたのか？」\f801\\ffff\</origin>
				<translate>\f812\衛兵\0000\「見たところ、冒険者…だよな？\f801\もしかして我々が出した依頼を受けて\f801\ここへ来てくれたのか？」\f801\\ffff\</translate>
			</id>
			<id id="154"/>
			<id id="155"/>
			<id id="156">
				<origin>\f804\\0500\何と答えますか？\f804\\0000\\f801\その通りだ\f801\ただの通りすがりだ\f801\\ffff\</origin>
				<translate>\f804\\0500\何と答えますか？\f804\\0000\\f801\その通りだ\f801\ただの通りすがりだ\f801\\ffff\</translate>
			</id>
			<id id="157"/>
			<id id="158"/>
			<id id="159">
				<origin>君たちが自分たちは\f840\という\f801\ギルドで、魔物討伐の依頼を受けてきた旨を\f801\話すとその衛兵は声を上げる。\f801\\ffff\</origin>
				<translate>君たちが自分たちは\f840\という\f801\ギルドで、魔物討伐の依頼を受けてきた旨を\f801\話すとその衛兵は声を上げる。\f801\\ffff\</translate>
			</id>
			<id id="160"/>
			<id id="161"/>
			<id id="162">
				<origin>\f812\衛兵\0000\\f81b\\565f\\4348\\4152\\5f31\\3037\\2f45\\5645\\4e54\\2f62\\6172\\5f32\\3035\\0000\「おお！ よかった、待ってたんだよ」\f801\\f802\「実はこの階にいる芋虫の魔物が\f801\暴れまわっていてね」\f801\\f802\「まあ、魔物なのだから当然といえば\f801\当然なのだが、その暴れっぷりがひどくて\f801\周りの動植物への被害が大きくてね…」\f801\\f802\「無論この階を訪れる冒険者たちも\f801\その対象になっていて、実際いくつかの\f801\ギルドが被害に遭っている」\f801\\f802\「このまま放置していては被害が広まる\f801\一方だ。故に今回暴れまわる芋虫の群れを\f801\討伐することになったんだ」\f801\\ffff\</origin>
				<translate>\f812\衛兵\0000\\f81b\\565f\\4348\\4152\\5f31\\3037\\2f45\\5645\\4e54\\2f62\\6172\\5f32\\3035\\0000\「おお！ よかった、待ってたんだよ」\f801\\f802\「実はこの階にいる芋虫の魔物が\f801\暴れまわっていてね」\f801\\f802\「まあ、魔物なのだから当然といえば\f801\当然なのだが、その暴れっぷりがひどくて\f801\周りの動植物への被害が大きくてね…」\f801\\f802\「無論この階を訪れる冒険者たちも\f801\その対象になっていて、実際いくつかの\f801\ギルドが被害に遭っている」\f801\\f802\「このまま放置していては被害が広まる\f801\一方だ。故に今回暴れまわる芋虫の群れを\f801\討伐することになったんだ」\f801\\ffff\</translate>
			</id>
			<id id="163"/>
			<id id="164"/>
			<id id="165">
				<origin>そこまで説明すると、衛兵は地図の\f801\ある地点を指して話を再開した。\f801\\ffff\</origin>
				<translate>そこまで説明すると、衛兵は地図の\f801\ある地点を指して話を再開した。\f801\\ffff\</translate>
			</id>
			<id id="166"/>
			<id id="167"/>
			<id id="168">
				<origin>\f812\衛兵\0000\「芋虫たちの群れは今ここにいると\f801\別働隊から連絡が来ている」\f801\\ffff\</origin>
				<translate>\f812\衛兵\0000\「芋虫たちの群れは今ここにいると\f801\別働隊から連絡が来ている」\f801\\ffff\</translate>
			</id>
			<id id="169"/>
			<id id="170"/>
			<id id="171">
				<origin>\f812\衛兵\0000\「すまないが、そこへ行って、\f801\芋虫の群れを討伐してくれ」\f801\\ffff\</origin>
				<translate>\f812\衛兵\0000\「すまないが、そこへ行って、\f801\芋虫の群れを討伐してくれ」\f801\\ffff\</translate>
			</id>
			<id id="172"/>
			<id id="173"/>
			<id id="174">
				<origin>説明を聞き終えた君たちは準備が\f801\できているなら、芋虫たちがいるという\f801\場所へと向かってもいい。\f801\\ffff\</origin>
				<translate>説明を聞き終えた君たちは準備が\f801\できているなら、芋虫たちがいるという\f801\場所へと向かってもいい。\f801\\ffff\</translate>
			</id>
			<id id="175"/>
			<id id="176"/>
			<id id="177">
				<origin>\f812\衛兵\0000\\f81b\\565f\\4348\\4152\\5f31\\3037\\2f45\\5645\\4e54\\2f62\\6172\\5f32\\3036\\0000\「そうか。邪魔をしたな。\f801\探索、充分気をつけるんだぞ」\f801\\ffff\</origin>
				<translate>\f812\衛兵\0000\\f81b\\565f\\4348\\4152\\5f31\\3037\\2f45\\5645\\4e54\\2f62\\6172\\5f32\\3036\\0000\「そうか。邪魔をしたな。\f801\探索、充分気をつけるんだぞ」\f801\\ffff\</translate>
			</id>
			<id id="178"/>
			<id id="179"/>
			<id id="180">
				<origin>\f804\\0300\目的地が表示されました。\f804\\0000\\f801\\ffff\</origin>
				<translate>\f804\\0300\目的地が表示されました。\f804\\0000\\f801\\ffff\</translate>
			</id>
			<id id="181"/>
			<id id="182"/>
			<id id="183"/>
			<id id="184"/>
			<id id="185"/>
			<id id="186"/>
			<id id="187"/>
			<id id="188"/>
			<id id="189"/>
			<id id="190"/>
			<id id="191"/>
			<id id="192"/>
			<id id="193"/>
			<id id="194"/>
			<id id="195"/>
			<id id="196"/>
			<id id="197"/>
			<id id="198"/>
			<id id="199"/>
			<id id="200">
				<origin>君たちが衛兵に指定された場所に辿り着くと\f801\なるほど確かにそこには芋虫たちが大量に\f801\たむろしているのが見て取れた。\f801\\ffff\</origin>
				<translate>君たちが衛兵に指定された場所に辿り着くと\f801\なるほど確かにそこには芋虫たちが大量に\f801\たむろしているのが見て取れた。\f801\\ffff\</translate>
			</id>
			<id id="201">
				<origin>そしてその群れは辺りの葉や動物に\f801\お構いなしに食いついており、その様子は\f801\見ていて気分が悪くなりそうなものだ。\f801\\f802\これ以上、芋虫たちを好き勝手に\f801\暴れさせるのは危険だと判断した君たちは\f801\自然と武器に手をかける。\f801\\f802\対する芋虫も君たちのその気迫に呼応し\f801\これ見よがしに牙を見せ付けると同時に\f801\襲い掛かってきた！\f801\\ffff\</origin>
				<translate>そしてその群れは辺りの葉や動物に\f801\お構いなしに食いついており、その様子は\f801\見ていて気分が悪くなりそうなものだ。\f801\\f802\これ以上、芋虫たちを好き勝手に\f801\暴れさせるのは危険だと判断した君たちは\f801\自然と武器に手をかける。\f801\\f802\対する芋虫も君たちのその気迫に呼応し\f801\これ見よがしに牙を見せ付けると同時に\f801\襲い掛かってきた！\f801\\ffff\</translate>
			</id>
			<id id="202"/>
			<id id="203"/>
			<id id="204"/>
			<id id="205"/>
			<id id="206"/>
			<id id="207"/>
			<id id="208"/>
			<id id="209"/>
			<id id="210">
				<origin>君たちが向かってきた芋虫に刃を突き立て\f801\倒すのを見るとまだ後ろに控えていた\f801\芋虫たちが後退していく。\f801\\f802\君たちは依頼を受けた以上、芋虫たちを\f801\追いかけて討伐完了する必要がある。\f801\\f802\目前の扉をくぐって残りの芋虫たちの\f801\討伐を行いたまえ！\f801\\ffff\</origin>
				<translate>君たちが向かってきた芋虫に刃を突き立て\f801\倒すのを見るとまだ後ろに控えていた\f801\芋虫たちが後退していく。\f801\\f802\君たちは依頼を受けた以上、芋虫たちを\f801\追いかけて討伐完了する必要がある。\f801\\f802\目前の扉をくぐって残りの芋虫たちの\f801\討伐を行いたまえ！\f801\\ffff\</translate>
			</id>
			<id id="211"/>
			<id id="212"/>
			<id id="213"/>
			<id id="214"/>
			<id id="215"/>
			<id id="216"/>
			<id id="217"/>
			<id id="218"/>
			<id id="219"/>
			<id id="220"/>
			<id id="221"/>
			<id id="222"/>
			<id id="223"/>
			<id id="224"/>
			<id id="225"/>
			<id id="226"/>
			<id id="227"/>
			<id id="228"/>
			<id id="229"/>
			<id id="230"/>
			<id id="231"/>
			<id id="232"/>
			<id id="233"/>
			<id id="234"/>
			<id id="235"/>
			<id id="236"/>
			<id id="237"/>
			<id id="238"/>
			<id id="239"/>
			<id id="240"/>
			<id id="241"/>
			<id id="242"/>
			<id id="243"/>
			<id id="244"/>
			<id id="245"/>
			<id id="246"/>
			<id id="247"/>
			<id id="248"/>
			<id id="249"/>
			<id id="250">
				<origin>君たちが芋虫を追いかけて扉を抜けると\f801\そこには衛兵隊がいるのを\f801\見つけることができる。\f801\\f802\彼らのうち一人が、君たちの存在に\f801\気づくと、手を上げながら近寄ってきた。\f801\\ffff\</origin>
				<translate>君たちが芋虫を追いかけて扉を抜けると\f801\そこには衛兵隊がいるのを\f801\見つけることができる。\f801\\f802\彼らのうち一人が、君たちの存在に\f801\気づくと、手を上げながら近寄ってきた。\f801\\ffff\</translate>
			</id>
			<id id="251"/>
			<id id="252"/>
			<id id="253">
				<origin>\f812\衛兵\0000\「伝令で聞いているよ、依頼を受けてくれた\f801\\f840\だな？」\f801\\f802\「先ほどここに入ってきた芋虫の群れだが、\f801\何とか衛兵隊で追い込むことだけはできて、\f801\今はこの場所に留まっている」\f801\\ffff\</origin>
				<translate>\f812\衛兵\0000\「伝令で聞いているよ、依頼を受けてくれた\f801\\f840\だな？」\f801\\f802\「先ほどここに入ってきた芋虫の群れだが、\f801\何とか衛兵隊で追い込むことだけはできて、\f801\今はこの場所に留まっている」\f801\\ffff\</translate>
			</id>
			<id id="254"/>
			<id id="255"/>
			<id id="256">
				<origin>\f812\衛兵\0000\「すまないが、追撃して\f801\やつらの討伐をお願いする」\f801\\ffff\</origin>
				<translate>\f812\衛兵\0000\「すまないが、追撃して\f801\やつらの討伐をお願いする」\f801\\ffff\</translate>
			</id>
			<id id="257"/>
			<id id="258"/>
			<id id="259">
				<origin>依頼を完遂するためには、\f801\君たちはその衛兵の言葉に従い、\f801\示された場所へと向かう必要がある。\f801\\ffff\</origin>
				<translate>依頼を完遂するためには、\f801\君たちはその衛兵の言葉に従い、\f801\示された場所へと向かう必要がある。\f801\\ffff\</translate>
			</id>
			<id id="260"/>
			<id id="261"/>
			<id id="262">
				<origin>\f804\\0300\目的地が表示されました。\f804\\0000\\f801\\ffff\</origin>
				<translate>\f804\\0300\目的地が表示されました。\f804\\0000\\f801\\ffff\</translate>
			</id>
			<id id="263"/>
			<id id="264"/>
			<id id="265"/>
			<id id="266"/>
			<id id="267"/>
			<id id="268"/>
			<id id="269"/>
			<id id="270"/>
			<id id="271"/>
			<id id="272"/>
			<id id="273"/>
			<id id="274"/>
			<id id="275"/>
			<id id="276"/>
			<id id="277"/>
			<id id="278"/>
			<id id="279"/>
			<id id="280"/>
			<id id="281"/>
			<id id="282"/>
			<id id="283"/>
			<id id="284"/>
			<id id="285"/>
			<id id="286"/>
			<id id="287"/>
			<id id="288"/>
			<id id="289"/>
			<id id="290"/>
			<id id="291"/>
			<id id="292"/>
			<id id="293"/>
			<id id="294"/>
			<id id="295"/>
			<id id="296"/>
			<id id="297"/>
			<id id="298"/>
			<id id="299"/>
			<id id="300">
				<origin>君たちが衛兵に指定された場所に辿り着くと\f801\芋虫たちがいるのが確認できた。\f801\\ffff\</origin>
				<translate>君たちが衛兵に指定された場所に辿り着くと\f801\芋虫たちがいるのが確認できた。\f801\\ffff\</translate>
			</id>
			<id id="301">
				<origin>芋虫たちは君たちを見るや否や、\f801\戦闘態勢に入り、牙をガチガチと打ち鳴らし\f801\君たちへの殺意を露にする。\f801\\f802\そして君たちが武器を抜いたと同時に\f801\魔物たちが突撃してきた！\f801\\ffff\</origin>
				<translate>芋虫たちは君たちを見るや否や、\f801\戦闘態勢に入り、牙をガチガチと打ち鳴らし\f801\君たちへの殺意を露にする。\f801\\f802\そして君たちが武器を抜いたと同時に\f801\魔物たちが突撃してきた！\f801\\ffff\</translate>
			</id>
			<id id="302"/>
			<id id="303"/>
			<id id="304"/>
			<id id="305"/>
			<id id="306"/>
			<id id="307"/>
			<id id="308"/>
			<id id="309"/>
			<id id="310">
				<origin>二度目の戦闘も制した君たちを見ると、\f801\芋虫たちは先ほどと同じように\f801\\f804\\0500\北の方角\f804\\0000\へ後退を始める。\f801\\f802\その芋虫の足取りはここから\f801\ずっとまっすぐ北へと迷いなく\f801\進んでいっているように見える。\f801\\f802\そんな折、北側の茂みから隠れていた様子の\f801\衛兵が一人出てきて、息を一度吐いてから\f801\君たちの元へとやってきた。\f801\\ffff\</origin>
				<translate>二度目の戦闘も制した君たちを見ると、\f801\芋虫たちは先ほどと同じように\f801\\f804\\0500\北の方角\f804\\0000\へ後退を始める。\f801\\f802\その芋虫の足取りはここから\f801\ずっとまっすぐ北へと迷いなく\f801\進んでいっているように見える。\f801\\f802\そんな折、北側の茂みから隠れていた様子の\f801\衛兵が一人出てきて、息を一度吐いてから\f801\君たちの元へとやってきた。\f801\\ffff\</translate>
			</id>
			<id id="311"/>
			<id id="312">
				<origin>\f804\\0300\目的地が表示されました。\f804\\0000\\f801\\ffff\</origin>
				<translate>\f804\\0300\目的地が表示されました。\f804\\0000\\f801\\ffff\</translate>
			</id>
			<id id="313">
				<origin>\f812\衛兵\0000\「お疲れ様です！ \f840\様で\f801\いらっしゃいますよね！？」\f801\\f802\「怖くて隠れていましたが、この私！\f801\\f840\様が追い払った最後の\f801\芋虫たちが向かった先を見ていました！」\f801\\f802\「最後の芋虫たちはここへと\f801\向かったはずです！」\f801\\ffff\</origin>
				<translate>\f812\衛兵\0000\「お疲れ様です！ \f840\様で\f801\いらっしゃいますよね！？」\f801\\f802\「怖くて隠れていましたが、この私！\f801\\f840\様が追い払った最後の\f801\芋虫たちが向かった先を見ていました！」\f801\\f802\「最後の芋虫たちはここへと\f801\向かったはずです！」\f801\\ffff\</translate>
			</id>
			<id id="314"/>
			<id id="315"/>
			<id id="316">
				<origin>\f812\衛兵\0000\「ですが、気を付けてください。\f801\やつら、不思議と怯えたような様子は\f801\ありませんでした…」\f801\\f802\「危機感を元より持ち合わせていない…。\f801\そういった生き物なのかもしれませんが…。\f801\どことなく不気味でした…」\f801\\ffff\</origin>
				<translate>\f812\衛兵\0000\「ですが、気を付けてください。\f801\やつら、不思議と怯えたような様子は\f801\ありませんでした…」\f801\\f802\「危機感を元より持ち合わせていない…。\f801\そういった生き物なのかもしれませんが…。\f801\どことなく不気味でした…」\f801\\ffff\</translate>
			</id>
			<id id="317"/>
			<id id="318"/>
			<id id="319">
				<origin>君たちのことを心配する衛兵に了解の意を\f801\告げた君たちは、準備ができているならば\f801\最後の芋虫たちを追撃してもいい。\f801\\ffff\</origin>
				<translate>君たちのことを心配する衛兵に了解の意を\f801\告げた君たちは、準備ができているならば\f801\最後の芋虫たちを追撃してもいい。\f801\\ffff\</translate>
			</id>
			<id id="320"/>
			<id id="321"/>
			<id id="322"/>
			<id id="323"/>
			<id id="324"/>
			<id id="325"/>
			<id id="326"/>
			<id id="327"/>
			<id id="328"/>
			<id id="329"/>
			<id id="330"/>
			<id id="331"/>
			<id id="332"/>
			<id id="333"/>
			<id id="334"/>
			<id id="335"/>
			<id id="336"/>
			<id id="337"/>
			<id id="338"/>
			<id id="339"/>
			<id id="340"/>
			<id id="341"/>
			<id id="342"/>
			<id id="343"/>
			<id id="344"/>
			<id id="345"/>
			<id id="346"/>
			<id id="347"/>
			<id id="348"/>
			<id id="349"/>
			<id id="350">
				<origin>君たちが依頼を果たすため、樹海の道の\f801\奥まで到達すると、ぎらりと君たちを\f801\睨み付けてくる存在が待ち構えていた。\f801\\ffff\</origin>
				<translate>君たちが依頼を果たすため、樹海の道の\f801\奥まで到達すると、ぎらりと君たちを\f801\睨み付けてくる存在が待ち構えていた。\f801\\ffff\</translate>
			</id>
			<id id="351">
				<origin>そこには最後の芋虫たちがおり、君たちが\f801\来ると狂ったようにその身をくねらせる。\f801\\f802\怒りというよりは喜んでいるようにも\f801\感ぜられるその挙動は君たちの心を\f801\ざわつかせる。\f801\\f802\どうやら残っているこの芋虫たちは\f801\先ほどまで相手をしていた群れの\f801\リーダーのような存在らしい。\f801\\f802\だからこそ、このような傲岸不遜な\f801\振る舞いをしているのだ。\f801\\f802\だが、ここまで相手を追い詰めることに\f801\成功したのだ！ 君たちの技が相手に\f801\通用しないはずがない！\f801\\f802\さあ、剣を抜き放ち、\f801\この暴虐な魔物との決着を付けたまえ！\f801\\ffff\</origin>
				<translate>そこには最後の芋虫たちがおり、君たちが\f801\来ると狂ったようにその身をくねらせる。\f801\\f802\怒りというよりは喜んでいるようにも\f801\感ぜられるその挙動は君たちの心を\f801\ざわつかせる。\f801\\f802\どうやら残っているこの芋虫たちは\f801\先ほどまで相手をしていた群れの\f801\リーダーのような存在らしい。\f801\\f802\だからこそ、このような傲岸不遜な\f801\振る舞いをしているのだ。\f801\\f802\だが、ここまで相手を追い詰めることに\f801\成功したのだ！ 君たちの技が相手に\f801\通用しないはずがない！\f801\\f802\さあ、剣を抜き放ち、\f801\この暴虐な魔物との決着を付けたまえ！\f801\\ffff\</translate>
			</id>
			<id id="352"/>
			<id id="353"/>
			<id id="354"/>
			<id id="355"/>
			<id id="356"/>
			<id id="357"/>
			<id id="358"/>
			<id id="359"/>
			<id id="360">
				<origin>君たちは渾身の力で立ち向かい、\f801\ついに全ての芋虫を撃破することに\f801\成功した！\f801\\f802\これでこの桜の森も平穏を取り戻すだろう。\f801\そう思っていると、衛兵たちが\f801\進んでくるのを確認する。\f801\\ffff\</origin>
				<translate>君たちは渾身の力で立ち向かい、\f801\ついに全ての芋虫を撃破することに\f801\成功した！\f801\\f802\これでこの桜の森も平穏を取り戻すだろう。\f801\そう思っていると、衛兵たちが\f801\進んでくるのを確認する。\f801\\ffff\</translate>
			</id>
			<id id="361"/>
			<id id="362"/>
			<id id="363">
				<origin>\f812\衛兵\0000\\f81b\\565f\\4348\\4152\\5f31\\3037\\2f45\\5645\\4e54\\2f62\\6172\\5f32\\3039\\0000\「どうやら無事にあの群れの討伐に\f801\成功したようだな、\f840\」\f801\\f802\「きっと我々が挑んでいたら\f801\こうはいかなかっただろう。\f801\本当にありがとう」\f801\\f802\「依頼の報酬については酒場で\f801\受け取ってくれるだろうか？\f801\すまないな」\f801\\ffff\</origin>
				<translate>\f812\衛兵\0000\\f81b\\565f\\4348\\4152\\5f31\\3037\\2f45\\5645\\4e54\\2f62\\6172\\5f32\\3039\\0000\「どうやら無事にあの群れの討伐に\f801\成功したようだな、\f840\」\f801\\f802\「きっと我々が挑んでいたら\f801\こうはいかなかっただろう。\f801\本当にありがとう」\f801\\f802\「依頼の報酬については酒場で\f801\受け取ってくれるだろうか？\f801\すまないな」\f801\\ffff\</translate>
			</id>
			<id id="364"/>
			<id id="365"/>
			<id id="366">
				<origin>そう言って、代表して話す衛兵が頭を\f801\下げると、後ろに控えていた者たちも\f801\同じように頭を下げる。\f801\\f802\そして衛兵たちは君たちに\f801\別れの挨拶をすると、引き上げていく。\f801\\ffff\</origin>
				<translate>そう言って、代表して話す衛兵が頭を\f801\下げると、後ろに控えていた者たちも\f801\同じように頭を下げる。\f801\\f802\そして衛兵たちは君たちに\f801\別れの挨拶をすると、引き上げていく。\f801\\ffff\</translate>
			</id>
			<id id="367"/>
			<id id="368"/>
			<id id="369">
				<origin>これで依頼は完了だ！\f801\後は時間を見つけて、酒場に報告を\f801\行うといいだろう。\f801\\ffff\</origin>
				<translate>これで依頼は完了だ！\f801\後は時間を見つけて、酒場に報告を\f801\行うといいだろう。\f801\\ffff\</translate>
			</id>
		</body>
	</mbm>
