<?xml version="1.0" encoding="UTF-8"?>
	<mbm>
		<head>000000004d53473200000100</head>
		<size>020e0000</size>
		<number>32000000</number>
		<j>200000000000000000000000</j>
		<body>
			<id id="0">
				<origin>\f859\\0300\\f81b\\565f\\4348\\4152\\5f31\\3032\\2f45\\5645\\4e54\\2f62\\6172\\5f32\\3233\\0000\おや、ついにその血塗られた依頼に\f801\目をつけてしまったんだね。\f801\この、命知らず！\f801\\ffff\</origin>
				<translate>\f859\\0300\\f81b\\565f\\4348\\4152\\5f31\\3032\\2f45\\5645\\4e54\\2f62\\6172\\5f32\\3233\\0000\おや、ついにその血塗られた依頼に\f801\目をつけてしまったんだね。\f801\この、命知らず！\f801\\ffff\</translate>
			</id>
			<id id="1">
				<origin>\f859\\0300\\f81b\\565f\\4348\\4152\\5f31\\3032\\2f45\\5645\\4e54\\2f62\\6172\\5f32\\3030\\0000\早速詳細の説明なんだけど、\f801\\f804\\0500\垂水ノ樹海\f804\\0000\の\f804\\0500\地下２階\f804\\0000\で冒険者が\f801\相次いで魔物の被害に遭ってるんだ。\f801\\f802\共通してるのは、そのどれもが水辺で\f801\襲われてるってことだね。\f801\\ffff\</origin>
				<translate>\f859\\0300\\f81b\\565f\\4348\\4152\\5f31\\3032\\2f45\\5645\\4e54\\2f62\\6172\\5f32\\3030\\0000\早速詳細の説明なんだけど、\f801\\f804\\0500\垂水ノ樹海\f804\\0000\の\f804\\0500\地下２階\f804\\0000\で冒険者が\f801\相次いで魔物の被害に遭ってるんだ。\f801\\f802\共通してるのは、そのどれもが水辺で\f801\襲われてるってことだね。\f801\\ffff\</translate>
			</id>
			<id id="2">
				<origin>\f859\\0300\どうも水辺に近寄ったところを\f801\がぶりと鋭い牙で攻撃してくるみたいだね。\f801\\f802\\f81b\\565f\\4348\\4152\\5f31\\3032\\2f45\\5645\\4e54\\2f62\\6172\\5f32\\3130\\0000\気性は荒くて冒険者どころか周りの生き物\f801\全部に噛みついて、そいつらがいる水辺は\f801\いっつも血が混じってるって話さ。\f801\\ffff\</origin>
				<translate>\f859\\0300\どうも水辺に近寄ったところを\f801\がぶりと鋭い牙で攻撃してくるみたいだね。\f801\\f802\\f81b\\565f\\4348\\4152\\5f31\\3032\\2f45\\5645\\4e54\\2f62\\6172\\5f32\\3130\\0000\気性は荒くて冒険者どころか周りの生き物\f801\全部に噛みついて、そいつらがいる水辺は\f801\いっつも血が混じってるって話さ。\f801\\ffff\</translate>
			</id>
			<id id="3">
				<origin>\f859\\0300\\f81b\\565f\\4348\\4152\\5f31\\3032\\2f45\\5645\\4e54\\2f62\\6172\\5f32\\3133\\0000\ね？ 血塗られた依頼でしょ？\f801\それで、冒険者の人たちが襲われたのは\f801\これらの地点ね。\f801\\ffff\</origin>
				<translate>\f859\\0300\\f81b\\565f\\4348\\4152\\5f31\\3032\\2f45\\5645\\4e54\\2f62\\6172\\5f32\\3133\\0000\ね？ 血塗られた依頼でしょ？\f801\それで、冒険者の人たちが襲われたのは\f801\これらの地点ね。\f801\\ffff\</translate>
			</id>
			<id id="4"/>
			<id id="5"/>
			<id id="6"/>
			<id id="7"/>
			<id id="8"/>
			<id id="9"/>
			<id id="10">
				<origin>\f804\\0300\目的地が表示されました。\f804\\0000\\f801\\ffff\</origin>
				<translate>\f804\\0300\目的地が表示されました。\f804\\0000\\f801\\ffff\</translate>
			</id>
			<id id="11">
				<origin>\f859\\0300\\f81b\\565f\\4348\\4152\\5f31\\3032\\2f45\\5645\\4e54\\2f62\\6172\\5f32\\3430\\0000\よし、これで説明は終わり。\f801\君たちなら心配いらないと思うけど、\f801\気をつけて行ってきてね。\f801\\ffff\</origin>
				<translate>\f859\\0300\\f81b\\565f\\4348\\4152\\5f31\\3032\\2f45\\5645\\4e54\\2f62\\6172\\5f32\\3430\\0000\よし、これで説明は終わり。\f801\君たちなら心配いらないと思うけど、\f801\気をつけて行ってきてね。\f801\\ffff\</translate>
			</id>
			<id id="12"/>
			<id id="13"/>
			<id id="14"/>
			<id id="15"/>
			<id id="16"/>
			<id id="17"/>
			<id id="18"/>
			<id id="19"/>
			<id id="20">
				<origin>\f859\\0300\\f81b\\565f\\4348\\4152\\5f31\\3032\\2f45\\5645\\4e54\\2f62\\6172\\5f32\\3437\\0000\ええっ！？\f801\あの血塗られた依頼を達成してきたって？\f801\本当かい？\f801\\ffff\</origin>
				<translate>\f859\\0300\\f81b\\565f\\4348\\4152\\5f31\\3032\\2f45\\5645\\4e54\\2f62\\6172\\5f32\\3437\\0000\ええっ！？\f801\あの血塗られた依頼を達成してきたって？\f801\本当かい？\f801\\ffff\</translate>
			</id>
			<id id="21">
				<origin>\f859\\0300\\f81b\\565f\\4348\\4152\\5f31\\3032\\2f45\\5645\\4e54\\2f62\\6172\\5f32\\3134\\0000\……ああ、こうして伝説や怪談は\f801\一つ一つ、消えていっちゃうんだね。\f801\まったく、何てことだ……。\f801\\ffff\</origin>
				<translate>\f859\\0300\\f81b\\565f\\4348\\4152\\5f31\\3032\\2f45\\5645\\4e54\\2f62\\6172\\5f32\\3134\\0000\……ああ、こうして伝説や怪談は\f801\一つ一つ、消えていっちゃうんだね。\f801\まったく、何てことだ……。\f801\\ffff\</translate>
			</id>
			<id id="22">
				<origin>\f859\\0300\\f81b\\565f\\4348\\4152\\5f31\\3032\\2f45\\5645\\4e54\\2f62\\6172\\5f32\\3135\\0000\……嬉しくないのかって？ さぁ？\f801\人生が楽しくなるなら、僕はどっちでも\f801\いいんだよ！ 樹海には行かないしね！\f801\\ffff\</origin>
				<translate>\f859\\0300\\f81b\\565f\\4348\\4152\\5f31\\3032\\2f45\\5645\\4e54\\2f62\\6172\\5f32\\3135\\0000\……嬉しくないのかって？ さぁ？\f801\人生が楽しくなるなら、僕はどっちでも\f801\いいんだよ！ 樹海には行かないしね！\f801\\ffff\</translate>
			</id>
			<id id="23">
				<origin>\f859\\0300\樹海探索の緊張感がなくなっちゃったけど、\f801\魔物討伐完了で、水辺でのんびり\f801\できるようになるから、いいか！\f801\\ffff\</origin>
				<translate>\f859\\0300\樹海探索の緊張感がなくなっちゃったけど、\f801\魔物討伐完了で、水辺でのんびり\f801\できるようになるから、いいか！\f801\\ffff\</translate>
			</id>
			<id id="24">
				<origin>\f859\\0300\\f81b\\565f\\4348\\4152\\5f31\\3032\\2f45\\5645\\4e54\\2f62\\6172\\5f32\\3439\\0000\はい、それじゃこれが今回の報酬。\f801\また何かあったらよろしく頼むよ。\f801\\ffff\</origin>
				<translate>\f859\\0300\\f81b\\565f\\4348\\4152\\5f31\\3032\\2f45\\5645\\4e54\\2f62\\6172\\5f32\\3439\\0000\はい、それじゃこれが今回の報酬。\f801\また何かあったらよろしく頼むよ。\f801\\ffff\</translate>
			</id>
			<id id="25"/>
			<id id="26"/>
			<id id="27"/>
			<id id="28"/>
			<id id="29"/>
			<id id="30">
				<origin>酒場で依頼を受け、迷宮の水辺を歩いていた\f801\君たちは鼻につく異臭に気が付き\f801\足を止める。\f801\\ffff\</origin>
				<translate>酒場で依頼を受け、迷宮の水辺を歩いていた\f801\君たちは鼻につく異臭に気が付き\f801\足を止める。\f801\\ffff\</translate>
			</id>
			<id id="31">
				<origin>目の前の水中から君たちを射殺さんばかりの\f801\殺気を放つ魔物がいるのがはっきりと\f801\伝わってくる。\f801\\ffff\</origin>
				<translate>目の前の水中から君たちを射殺さんばかりの\f801\殺気を放つ魔物がいるのがはっきりと\f801\伝わってくる。\f801\\ffff\</translate>
			</id>
			<id id="32">
				<origin>\f804\\0500\どうしますか？\f804\\0000\\f801\魔物との戦闘を始める\f801\その場を離れる\f801\\ffff\</origin>
				<translate>\f804\\0500\どうしますか？\f804\\0000\\f801\魔物との戦闘を始める\f801\その場を離れる\f801\\ffff\</translate>
			</id>
			<id id="33">
				<origin>覚悟を決めた君たちが足を踏み出した途端\f801\目の前の水中から勢いよく魔物の群れが\f801\飛び出してきた！\f801\\ffff\</origin>
				<translate>覚悟を決めた君たちが足を踏み出した途端\f801\目の前の水中から勢いよく魔物の群れが\f801\飛び出してきた！\f801\\ffff\</translate>
			</id>
			<id id="34">
				<origin>今は準備が不足していると感じた君たちは\f801\その場から離れることにする。\f801\\ffff\</origin>
				<translate>今は準備が不足していると感じた君たちは\f801\その場から離れることにする。\f801\\ffff\</translate>
			</id>
			<id id="35"/>
			<id id="36"/>
			<id id="37"/>
			<id id="38"/>
			<id id="39"/>
			<id id="40">
				<origin>君たちは現れた魔物たちを退けることに\f801\成功し、武器を収める。\f801\\f802\とはいえ、冒険者が襲撃された場所は\f801\残り２か所存在している。\f801\\f802\依頼を達成するのなら、残りの場所へと\f801\足を運び、魔物を討伐する必要がある。\f801\\ffff\</origin>
				<translate>君たちは現れた魔物たちを退けることに\f801\成功し、武器を収める。\f801\\f802\とはいえ、冒険者が襲撃された場所は\f801\残り２か所存在している。\f801\\f802\依頼を達成するのなら、残りの場所へと\f801\足を運び、魔物を討伐する必要がある。\f801\\ffff\</translate>
			</id>
			<id id="41">
				<origin>君たちは現れた魔物たちを退けることに\f801\成功し、武器を収める。\f801\\f802\これで２か所で魔物を討伐したことになり、\f801\残るは１か所だ。\f801\\f802\依頼を達成するために、このまま残りの\f801\場所へ行ってもいいし、一旦態勢を立て直す\f801\ためにマギニアへ戻ってもいい。\f801\\ffff\</origin>
				<translate>君たちは現れた魔物たちを退けることに\f801\成功し、武器を収める。\f801\\f802\これで２か所で魔物を討伐したことになり、\f801\残るは１か所だ。\f801\\f802\依頼を達成するために、このまま残りの\f801\場所へ行ってもいいし、一旦態勢を立て直す\f801\ためにマギニアへ戻ってもいい。\f801\\ffff\</translate>
			</id>
			<id id="42">
				<origin>君たちは現れた魔物たちを退けることに\f801\成功し、周囲を改めて確認する。\f801\\f802\辺りは他の場所と同じような静けさを\f801\取り戻したように感ぜられる。\f801\\f802\君たちは見事魔物を討伐し、\f801\依頼を果たしたのだ！\f801\\f802\酒場でこのことを報告すれば依頼は完了だ。\f801\時間のある時に顔を出すといいだろう。\f801\\ffff\</origin>
				<translate>君たちは現れた魔物たちを退けることに\f801\成功し、周囲を改めて確認する。\f801\\f802\辺りは他の場所と同じような静けさを\f801\取り戻したように感ぜられる。\f801\\f802\君たちは見事魔物を討伐し、\f801\依頼を果たしたのだ！\f801\\f802\酒場でこのことを報告すれば依頼は完了だ。\f801\時間のある時に顔を出すといいだろう。\f801\\ffff\</translate>
			</id>
			<id id="43"/>
			<id id="44"/>
			<id id="45"/>
			<id id="46">
				<origin>どこから漂ってくるのかと周囲を見回すと\f801\君たちの目の前の水が一部、血で赤く斑を\f801\形作っていることがわかる。\f801\\f802\その水面からはいくつもの骨が顔を\f801\覗かせており、この場は何者かが生き物を\f801\食い散らした後だということを理解した。\f801\\f802\そして、その血の下に何かが隠れている\f801\ということも同時に察知できた。\f801\\f802\恐らく君たちがここから一歩でも\f801\前へ出れば、魔物は水中から飛び出し\f801\襲いかかってくることだろう。\f801\\f802\覚悟ができているなら何も言うことはない。\f801\携えている剣を引き抜き、その一歩を\f801\踏み出したまえ！\f801\\ffff\</origin>
				<translate>どこから漂ってくるのかと周囲を見回すと\f801\君たちの目の前の水が一部、血で赤く斑を\f801\形作っていることがわかる。\f801\\f802\その水面からはいくつもの骨が顔を\f801\覗かせており、この場は何者かが生き物を\f801\食い散らした後だということを理解した。\f801\\f802\そして、その血の下に何かが隠れている\f801\ということも同時に察知できた。\f801\\f802\恐らく君たちがここから一歩でも\f801\前へ出れば、魔物は水中から飛び出し\f801\襲いかかってくることだろう。\f801\\f802\覚悟ができているなら何も言うことはない。\f801\携えている剣を引き抜き、その一歩を\f801\踏み出したまえ！\f801\\ffff\</translate>
			</id>
			<id id="47">
				<origin>魔物とやり合う覚悟ができているなら、\f801\一歩踏み出し、戦いを始めるといいだろう。\f801\\ffff\</origin>
				<translate>魔物とやり合う覚悟ができているなら、\f801\一歩踏み出し、戦いを始めるといいだろう。\f801\\ffff\</translate>
			</id>
			<id id="48"/>
			<id id="49"/>
			<id id="50">
				<origin>\f804\\0500\垂水ノ樹海\f804\\0000\の\f804\\0500\地下２階\f804\\0000\の水辺で暴れる\f801\魔物を討伐せよ！\f801\\ffff\</origin>
				<translate>\f804\\0500\垂水ノ樹海\f804\\0000\の\f804\\0500\地下２階\f804\\0000\の水辺で暴れる\f801\魔物を討伐せよ！\f801\\ffff\</translate>
			</id>
		</body>
	</mbm>
