<?xml version="1.0" encoding="UTF-8"?>
	<mbm>
		<head>000000004d53473200000100</head>
		<size>f6060000</size>
		<number>0f000000</number>
		<j>200000000000000000000000</j>
		<body>
			<id id="0">
				<origin>\f859\\0300\\f81b\\565f\\4348\\4152\\5f31\\3032\\2f45\\5645\\4e54\\2f62\\6172\\5f32\\3236\\0000\その依頼かい？\f801\それはマギニアの大工さんたちからの\f801\依頼なんだよ。\f801\\ffff\</origin>
				<translate>\f859\\0300\\f81b\\565f\\4348\\4152\\5f31\\3032\\2f45\\5645\\4e54\\2f62\\6172\\5f32\\3236\\0000\その依頼かい？\f801\それはマギニアの大工さんたちからの\f801\依頼なんだよ。\f801\\ffff\</translate>
			</id>
			<id id="1">
				<origin>\f859\\0300\\f81b\\565f\\4348\\4152\\5f31\\3032\\2f45\\5645\\4e54\\2f62\\6172\\5f32\\3235\\0000\この世界樹に来るまでにちょこちょこ風雨に\f801\曝された結果、備蓄していた木材が結構\f801\ダメになっちゃったらしいんだ。\f801\\f802\これじゃ新築どころか家屋の修繕も\f801\すぐできなくなっちゃいそうだから\f801\\f804\\0500\木材\f804\\0000\を入手してきて欲しいんだってさ。\f801\\f802\\f81b\\565f\\4348\\4152\\5f31\\3032\\2f45\\5645\\4e54\\2f62\\6172\\5f32\\3030\\0000\依頼人が下調べした感じだと、碧照ノ樹海の\f801\\f804\\0500\地下３階\f804\\0000\でいい感じの木があったらしいから\f801\そこを探してみてくれないかな？\f801\\ffff\</origin>
				<translate>\f859\\0300\\f81b\\565f\\4348\\4152\\5f31\\3032\\2f45\\5645\\4e54\\2f62\\6172\\5f32\\3235\\0000\この世界樹に来るまでにちょこちょこ風雨に\f801\曝された結果、備蓄していた木材が結構\f801\ダメになっちゃったらしいんだ。\f801\\f802\これじゃ新築どころか家屋の修繕も\f801\すぐできなくなっちゃいそうだから\f801\\f804\\0500\木材\f804\\0000\を入手してきて欲しいんだってさ。\f801\\f802\\f81b\\565f\\4348\\4152\\5f31\\3032\\2f45\\5645\\4e54\\2f62\\6172\\5f32\\3030\\0000\依頼人が下調べした感じだと、碧照ノ樹海の\f801\\f804\\0500\地下３階\f804\\0000\でいい感じの木があったらしいから\f801\そこを探してみてくれないかな？\f801\\ffff\</translate>
			</id>
			<id id="2">
				<origin>\f859\\0300\それと木材は必ず\f804\\0500\３つ\f804\\0000\は集めてきてね。\f801\最低でもそれくらいないと補充としては\f801\不充分だって話だから。\f801\\f802\\f81b\\565f\\4348\\4152\\5f31\\3032\\2f53\\5953\\5445\\4d2f\\4558\\4954\\325f\\4e4f\\524d\\414c\\2f62\\6172\\5f30\\3231\\0000\ちなみに\f804\\0500\６つ\f804\\0000\集めてくれたら追加で報酬を\f801\出すって言っていたから、欲張って\f801\挑戦してくれても当然構わないよ～。\f801\\ffff\</origin>
				<translate>\f859\\0300\それと木材は必ず\f804\\0500\３つ\f804\\0000\は集めてきてね。\f801\最低でもそれくらいないと補充としては\f801\不充分だって話だから。\f801\\f802\\f81b\\565f\\4348\\4152\\5f31\\3032\\2f53\\5953\\5445\\4d2f\\4558\\4954\\325f\\4e4f\\524d\\414c\\2f62\\6172\\5f30\\3231\\0000\ちなみに\f804\\0500\６つ\f804\\0000\集めてくれたら追加で報酬を\f801\出すって言っていたから、欲張って\f801\挑戦してくれても当然構わないよ～。\f801\\ffff\</translate>
			</id>
			<id id="3"/>
			<id id="4"/>
			<id id="5"/>
			<id id="6"/>
			<id id="7"/>
			<id id="8"/>
			<id id="9"/>
			<id id="10">
				<origin>\f859\\0300\\f81b\\565f\\4348\\4152\\5f31\\3032\\2f45\\5645\\4e54\\2f62\\6172\\5f32\\3034\\0000\やー、お疲れさーん。\f801\無事に報告しに来てくれて\f801\よかったよかった。\f801\\ffff\</origin>
				<translate>\f859\\0300\\f81b\\565f\\4348\\4152\\5f31\\3032\\2f45\\5645\\4e54\\2f62\\6172\\5f32\\3034\\0000\やー、お疲れさーん。\f801\無事に報告しに来てくれて\f801\よかったよかった。\f801\\ffff\</translate>
			</id>
			<id id="11">
				<origin>\f859\\0300\\f81b\\565f\\4348\\4152\\5f31\\3032\\2f45\\5645\\4e54\\2f62\\6172\\5f32\\3131\\0000\えーっと、持って帰ってきた木材は…\f801\３つだね。うん、依頼人が欲しがってた\f801\数ちょうど！\f801\\f802\そいじゃあ後は僕の方で納品しとくよ！\f801\今回はありがとね！\f801\\ffff\</origin>
				<translate>\f859\\0300\\f81b\\565f\\4348\\4152\\5f31\\3032\\2f45\\5645\\4e54\\2f62\\6172\\5f32\\3131\\0000\えーっと、持って帰ってきた木材は…\f801\３つだね。うん、依頼人が欲しがってた\f801\数ちょうど！\f801\\f802\そいじゃあ後は僕の方で納品しとくよ！\f801\今回はありがとね！\f801\\ffff\</translate>
			</id>
			<id id="12">
				<origin>\f859\\0300\\f81b\\565f\\4348\\4152\\5f31\\3032\\2f45\\5645\\4e54\\2f62\\6172\\5f32\\3131\\0000\えーっと、持って帰ってきた木材は…\f801\\f810\\0000\つだね。少し気合い入れて頑張ってきた\f801\って感じだね。感心感心。\f801\\f802\そいじゃあ後は僕の方で納品しとくよ！\f801\今回はありがとね！\f801\\ffff\</origin>
				<translate>\f859\\0300\\f81b\\565f\\4348\\4152\\5f31\\3032\\2f45\\5645\\4e54\\2f62\\6172\\5f32\\3131\\0000\えーっと、持って帰ってきた木材は…\f801\\f810\\0000\つだね。少し気合い入れて頑張ってきた\f801\って感じだね。感心感心。\f801\\f802\そいじゃあ後は僕の方で納品しとくよ！\f801\今回はありがとね！\f801\\ffff\</translate>
			</id>
			<id id="13">
				<origin>\f859\\0300\\f81b\\565f\\4348\\4152\\5f31\\3032\\2f45\\5645\\4e54\\2f62\\6172\\5f32\\3135\\0000\えーっと、持って帰ってきた木材は…６つ！\f801\依頼人が要求してた最大値を持ってくるとは\f801\君たちガッチリ稼ぐタイプ？\f801\\f802\いやでも本当にこれなら依頼人も\f801\大喜びでしょ！ お手柄お手柄！\f801\\f802\そいじゃあ後は僕の方で納品しとくよ！\f801\今回はありがとね！\f801\\ffff\</origin>
				<translate>\f859\\0300\\f81b\\565f\\4348\\4152\\5f31\\3032\\2f45\\5645\\4e54\\2f62\\6172\\5f32\\3135\\0000\えーっと、持って帰ってきた木材は…６つ！\f801\依頼人が要求してた最大値を持ってくるとは\f801\君たちガッチリ稼ぐタイプ？\f801\\f802\いやでも本当にこれなら依頼人も\f801\大喜びでしょ！ お手柄お手柄！\f801\\f802\そいじゃあ後は僕の方で納品しとくよ！\f801\今回はありがとね！\f801\\ffff\</translate>
			</id>
			<id id="14"/>
			<id id="15">
				<origin>\f804\\0500\碧照ノ樹海\f804\\0000\の\f804\\0500\地下３階\f804\\0000\で木材を\f801\\f804\\0500\３つ\f804\\0000\以上集めろ！\f801\\ffff\</origin>
				<translate>\f804\\0500\碧照ノ樹海\f804\\0000\の\f804\\0500\地下３階\f804\\0000\で木材を\f801\\f804\\0500\３つ\f804\\0000\以上集めろ！\f801\\ffff\</translate>
			</id>
		</body>
	</mbm>
