<?xml version="1.0" encoding="UTF-8"?>
	<mbm>
		<head>000000004d53473200000100</head>
		<size>4e0c0000</size>
		<number>65000000</number>
		<j>200000000000000000000000</j>
		<body>
			<id id="0">
				<origin>\f859\\0300\\f81b\\565f\\4348\\4152\\5f31\\3032\\2f45\\5645\\4e54\\2f62\\6172\\5f32\\3131\\0000\その依頼は、えーっと…？\f801\ネイピアちゃんから来た依頼だね。\f801\\f802\いつもの通りにネイピア商会に行って\f801\直接本人から事情を説明してもらって\f801\ちょうだいな。よろしくちゃーん。\f801\\ffff\</origin>
				<translate>\f859\\0300\\f81b\\565f\\4348\\4152\\5f31\\3032\\2f45\\5645\\4e54\\2f62\\6172\\5f32\\3131\\0000\その依頼は、えーっと…？\f801\ネイピアちゃんから来た依頼だね。\f801\\f802\いつもの通りにネイピア商会に行って\f801\直接本人から事情を説明してもらって\f801\ちょうだいな。よろしくちゃーん。\f801\\ffff\</translate>
			</id>
			<id id="1"/>
			<id id="2"/>
			<id id="3"/>
			<id id="4"/>
			<id id="5"/>
			<id id="6"/>
			<id id="7"/>
			<id id="8"/>
			<id id="9"/>
			<id id="10">
				<origin>\f859\\0300\\f81b\\565f\\4348\\4152\\5f31\\3032\\2f45\\5645\\4e54\\2f62\\6172\\5f32\\3034\\0000\お疲れさん、みんなー。\f801\ネイピアちゃんの依頼はどうだった？\f801\\ffff\</origin>
				<translate>\f859\\0300\\f81b\\565f\\4348\\4152\\5f31\\3032\\2f45\\5645\\4e54\\2f62\\6172\\5f32\\3034\\0000\お疲れさん、みんなー。\f801\ネイピアちゃんの依頼はどうだった？\f801\\ffff\</translate>
			</id>
			<id id="11">
				<origin>\f859\\0300\\f81b\\565f\\4348\\4152\\5f31\\3032\\2f45\\5645\\4e54\\2f62\\6172\\5f32\\3232\\0000\ほうほう、アモロの花を懐かしんで、\f801\依頼を出していたんだねぇ。\f801\意外とおセンチなところもあるんだね！\f801\\f802\うちにちょこちょこ顔出しても、今日は\f801\良い酒が手に入ったぞ、１ダースどうじゃ？\f801\とかの話ばっかりだったからね～。\f801\\f802\\f81b\\565f\\4348\\4152\\5f31\\3032\\2f45\\5645\\4e54\\2f62\\6172\\5f32\\3236\\0000\今度それをネタに\f801\値引き交渉してみようかな？\f801\\ffff\</origin>
				<translate>\f859\\0300\\f81b\\565f\\4348\\4152\\5f31\\3032\\2f45\\5645\\4e54\\2f62\\6172\\5f32\\3232\\0000\ほうほう、アモロの花を懐かしんで、\f801\依頼を出していたんだねぇ。\f801\意外とおセンチなところもあるんだね！\f801\\f802\うちにちょこちょこ顔出しても、今日は\f801\良い酒が手に入ったぞ、１ダースどうじゃ？\f801\とかの話ばっかりだったからね～。\f801\\f802\\f81b\\565f\\4348\\4152\\5f31\\3032\\2f45\\5645\\4e54\\2f62\\6172\\5f32\\3236\\0000\今度それをネタに\f801\値引き交渉してみようかな？\f801\\ffff\</translate>
			</id>
			<id id="12">
				<origin>\f859\\0300\その花を持っていったら、\f801\値引きしてくれるかな？\f801\\ffff\</origin>
				<translate>\f859\\0300\その花を持っていったら、\f801\値引きしてくれるかな？\f801\\ffff\</translate>
			</id>
			<id id="13">
				<origin>\f859\\0300\\f81b\\565f\\4348\\4152\\5f31\\3032\\2f45\\5645\\4e54\\2f62\\6172\\5f32\\3033\\0000\まぁ、それで値引きしてくれるようじゃ\f801\彼女じゃない気もするけどね！\f801\\ffff\</origin>
				<translate>\f859\\0300\\f81b\\565f\\4348\\4152\\5f31\\3032\\2f45\\5645\\4e54\\2f62\\6172\\5f32\\3033\\0000\まぁ、それで値引きしてくれるようじゃ\f801\彼女じゃない気もするけどね！\f801\\ffff\</translate>
			</id>
			<id id="14">
				<origin>\f859\\0300\\f81b\\565f\\4348\\4152\\5f31\\3032\\2f45\\5645\\4e54\\2f62\\6172\\5f32\\3336\\0000\さてさて、これが今回の報酬だよ。\f801\また何かあったらよろしく頼むね～。\f801\\ffff\</origin>
				<translate>\f859\\0300\\f81b\\565f\\4348\\4152\\5f31\\3032\\2f45\\5645\\4e54\\2f62\\6172\\5f32\\3336\\0000\さてさて、これが今回の報酬だよ。\f801\また何かあったらよろしく頼むね～。\f801\\ffff\</translate>
			</id>
			<id id="15"/>
			<id id="16"/>
			<id id="17"/>
			<id id="18"/>
			<id id="19"/>
			<id id="20">
				<origin>\f859\\0200\\f81b\\565f\\4348\\4152\\5f31\\3034\\2f45\\5645\\4e54\\2f73\\6870\\5f32\\3033\\0000\お主らか、その様子じゃと\f801\依頼を受けてくれたようじゃの。\f801\\f802\依頼内容はそう大したものではない。\f801\\f804\\0500\垂水ノ樹海\f804\\0000\で\f804\\0500\採取\f804\\0000\できる\f804\\0500\仏桑花\f804\\0000\を\f801\\f804\\0500\１つ\f804\\0000\持ってきて欲しいのじゃ。\f801\\f802\\f81b\\565f\\4348\\4152\\5f31\\3034\\2f45\\5645\\4e54\\2f73\\6870\\5f32\\3036\\0000\まあ、少し珍しいものではあるが、\f801\根気強くやれば手に入るはずじゃ。\f801\すまんが、よろしく頼んだぞ。\f801\\ffff\</origin>
				<translate>\f859\\0200\\f81b\\565f\\4348\\4152\\5f31\\3034\\2f45\\5645\\4e54\\2f73\\6870\\5f32\\3033\\0000\お主らか、その様子じゃと\f801\依頼を受けてくれたようじゃの。\f801\\f802\依頼内容はそう大したものではない。\f801\\f804\\0500\垂水ノ樹海\f804\\0000\で\f804\\0500\採取\f804\\0000\できる\f804\\0500\仏桑花\f804\\0000\を\f801\\f804\\0500\１つ\f804\\0000\持ってきて欲しいのじゃ。\f801\\f802\\f81b\\565f\\4348\\4152\\5f31\\3034\\2f45\\5645\\4e54\\2f73\\6870\\5f32\\3036\\0000\まあ、少し珍しいものではあるが、\f801\根気強くやれば手に入るはずじゃ。\f801\すまんが、よろしく頼んだぞ。\f801\\ffff\</translate>
			</id>
			<id id="21">
				<origin>\f859\\0200\\f81b\\565f\\4348\\4152\\5f31\\3034\\2f45\\5645\\4e54\\2f73\\6870\\5f32\\3231\\0000\\f804\\0500\仏桑花\f804\\0000\の入手、よろしく頼む。\f801\\f804\\0500\垂水ノ樹海\f804\\0000\で\f804\\0500\採取\f804\\0000\を繰り返せば\f801\見つかるはずじゃ。\f801\\ffff\</origin>
				<translate>\f859\\0200\\f81b\\565f\\4348\\4152\\5f31\\3034\\2f45\\5645\\4e54\\2f73\\6870\\5f32\\3231\\0000\\f804\\0500\仏桑花\f804\\0000\の入手、よろしく頼む。\f801\\f804\\0500\垂水ノ樹海\f804\\0000\で\f804\\0500\採取\f804\\0000\を繰り返せば\f801\見つかるはずじゃ。\f801\\ffff\</translate>
			</id>
			<id id="22">
				<origin>\f859\\0200\\f81b\\565f\\4348\\4152\\5f31\\3034\\2f45\\5645\\4e54\\2f73\\6870\\5f32\\3034\\0000\どうじゃ？ 仏桑花は見つかったかえ？\f801\\ffff\</origin>
				<translate>\f859\\0200\\f81b\\565f\\4348\\4152\\5f31\\3034\\2f45\\5645\\4e54\\2f73\\6870\\5f32\\3034\\0000\どうじゃ？ 仏桑花は見つかったかえ？\f801\\ffff\</translate>
			</id>
			<id id="23">
				<origin>\f804\\0500\どうしますか？\f804\\0000\\f801\仏桑花を渡す\f801\仏桑花を渡さない\f801\\ffff\</origin>
				<translate>\f804\\0500\どうしますか？\f804\\0000\\f801\仏桑花を渡す\f801\仏桑花を渡さない\f801\\ffff\</translate>
			</id>
			<id id="24">
				<origin>\f859\\0200\\f81b\\565f\\4348\\4152\\5f31\\3034\\2f45\\5645\\4e54\\2f73\\6870\\5f32\\3039\\0000\おお、これじゃこれじゃ。\f801\まさしく我が探しておった仏桑花。\f801\\ffff\</origin>
				<translate>\f859\\0200\\f81b\\565f\\4348\\4152\\5f31\\3034\\2f45\\5645\\4e54\\2f73\\6870\\5f32\\3039\\0000\おお、これじゃこれじゃ。\f801\まさしく我が探しておった仏桑花。\f801\\ffff\</translate>
			</id>
			<id id="25">
				<origin>\f859\\0200\この仏桑花はアーモロードでも\f801\よく見る花でな。\f801\\f802\垂水ノ樹海が発見されたと聞いて\f801\気になっておったのじゃ。\f801\\f802\\f81b\\565f\\4348\\4152\\5f31\\3034\\2f45\\5645\\4e54\\2f73\\6870\\5f32\\3036\\0000\ふむふむ、この赤さにこの匂い\f801\懐かしいのう…。\f801\\ffff\</origin>
				<translate>\f859\\0200\この仏桑花はアーモロードでも\f801\よく見る花でな。\f801\\f802\垂水ノ樹海が発見されたと聞いて\f801\気になっておったのじゃ。\f801\\f802\\f81b\\565f\\4348\\4152\\5f31\\3034\\2f45\\5645\\4e54\\2f73\\6870\\5f32\\3036\\0000\ふむふむ、この赤さにこの匂い\f801\懐かしいのう…。\f801\\ffff\</translate>
			</id>
			<id id="26">
				<origin>\f804\\0500\何と発言しますか？\f804\\0000\\f801\ホームシックか？\f801\もっと持ってこようか？\f801\\ffff\</origin>
				<translate>\f804\\0500\何と発言しますか？\f804\\0000\\f801\ホームシックか？\f801\もっと持ってこようか？\f801\\ffff\</translate>
			</id>
			<id id="27">
				<origin>\f859\\0200\\f81b\\565f\\4348\\4152\\5f31\\3034\\2f45\\5645\\4e54\\2f73\\6870\\5f32\\3133\\0000\む？ 心配してくれてるのなら\f801\ありがたいが、そういうのではない。\f801\\ffff\</origin>
				<translate>\f859\\0200\\f81b\\565f\\4348\\4152\\5f31\\3034\\2f45\\5645\\4e54\\2f73\\6870\\5f32\\3133\\0000\む？ 心配してくれてるのなら\f801\ありがたいが、そういうのではない。\f801\\ffff\</translate>
			</id>
			<id id="28">
				<origin>\f859\\0200\\f81b\\565f\\4348\\4152\\5f31\\3034\\2f45\\5645\\4e54\\2f73\\6870\\5f32\\3036\\0000\いやいや大丈夫じゃ。これを売りさばいて\f801\どうこうする気はないのでな。\f801\\f802\いや、超高額で買い取ってくれる御仁が\f801\いれば大量に抱え込むのじゃが、\f801\そういうわけではないしの。\f801\\ffff\</origin>
				<translate>\f859\\0200\\f81b\\565f\\4348\\4152\\5f31\\3034\\2f45\\5645\\4e54\\2f73\\6870\\5f32\\3036\\0000\いやいや大丈夫じゃ。これを売りさばいて\f801\どうこうする気はないのでな。\f801\\f802\いや、超高額で買い取ってくれる御仁が\f801\いれば大量に抱え込むのじゃが、\f801\そういうわけではないしの。\f801\\ffff\</translate>
			</id>
			<id id="29">
				<origin>\f859\\0200\既に言っておる通り、懐かしくて\f801\ちょっと見てみたいと思っただけじゃ。\f801\\ffff\</origin>
				<translate>\f859\\0200\既に言っておる通り、懐かしくて\f801\ちょっと見てみたいと思っただけじゃ。\f801\\ffff\</translate>
			</id>
			<id id="30">
				<origin>\f859\\0200\\f81b\\565f\\4348\\4152\\5f31\\3034\\2f45\\5645\\4e54\\2f73\\6870\\5f32\\3037\\0000\何しろ故郷を思うよりも、あれやこれやと\f801\持ち込んでくる面白い連中がおるからの。\f801\\ffff\</origin>
				<translate>\f859\\0200\\f81b\\565f\\4348\\4152\\5f31\\3034\\2f45\\5645\\4e54\\2f73\\6870\\5f32\\3037\\0000\何しろ故郷を思うよりも、あれやこれやと\f801\持ち込んでくる面白い連中がおるからの。\f801\\ffff\</translate>
			</id>
			<id id="31">
				<origin>\f859\\0200\さて、此度も世話になったな。\f801\報酬は酒場の店主殿に預けてある故\f801\そちらで受け取ってくりゃれ。\f801\\ffff\</origin>
				<translate>\f859\\0200\さて、此度も世話になったな。\f801\報酬は酒場の店主殿に預けてある故\f801\そちらで受け取ってくりゃれ。\f801\\ffff\</translate>
			</id>
			<id id="32"/>
			<id id="33"/>
			<id id="34"/>
			<id id="35"/>
			<id id="36"/>
			<id id="37"/>
			<id id="38"/>
			<id id="39"/>
			<id id="40">
				<origin>\f859\\0200\\f81b\\565f\\4348\\4152\\5f31\\3034\\2f45\\5645\\4e54\\2f73\\6870\\5f32\\3131\\0000\ふむ、そうか。では都合がよくなったら\f801\我に渡してくれると助かる。\f801\\ffff\</origin>
				<translate>\f859\\0200\\f81b\\565f\\4348\\4152\\5f31\\3034\\2f45\\5645\\4e54\\2f73\\6870\\5f32\\3131\\0000\ふむ、そうか。では都合がよくなったら\f801\我に渡してくれると助かる。\f801\\ffff\</translate>
			</id>
			<id id="41"/>
			<id id="42"/>
			<id id="43"/>
			<id id="44"/>
			<id id="45"/>
			<id id="46"/>
			<id id="47"/>
			<id id="48"/>
			<id id="49"/>
			<id id="50">
				<origin>依頼されていた\f804\\0500\\f810\\0000\\f804\\0000\が集まった。\f801\後はこれをネイピア商会に\f801\納品すれば依頼は完了だ。\f801\\ffff\</origin>
				<translate>依頼されていた\f804\\0500\\f810\\0000\\f804\\0000\が集まった。\f801\後はこれをネイピア商会に\f801\納品すれば依頼は完了だ。\f801\\ffff\</translate>
			</id>
			<id id="51"/>
			<id id="52"/>
			<id id="53"/>
			<id id="54"/>
			<id id="55"/>
			<id id="56"/>
			<id id="57"/>
			<id id="58"/>
			<id id="59"/>
			<id id="60"/>
			<id id="61"/>
			<id id="62"/>
			<id id="63"/>
			<id id="64"/>
			<id id="65"/>
			<id id="66"/>
			<id id="67"/>
			<id id="68"/>
			<id id="69"/>
			<id id="70"/>
			<id id="71"/>
			<id id="72"/>
			<id id="73"/>
			<id id="74"/>
			<id id="75"/>
			<id id="76"/>
			<id id="77"/>
			<id id="78"/>
			<id id="79"/>
			<id id="80"/>
			<id id="81"/>
			<id id="82"/>
			<id id="83"/>
			<id id="84"/>
			<id id="85"/>
			<id id="86"/>
			<id id="87"/>
			<id id="88"/>
			<id id="89"/>
			<id id="90"/>
			<id id="91"/>
			<id id="92"/>
			<id id="93"/>
			<id id="94"/>
			<id id="95"/>
			<id id="96"/>
			<id id="97"/>
			<id id="98"/>
			<id id="99"/>
			<id id="100">
				<origin>ネイピア商会で話を聞け！\f801\\ffff\</origin>
				<translate>ネイピア商会で話を聞け！\f801\\ffff\</translate>
			</id>
			<id id="101">
				<origin>\f804\\0500\垂水ノ樹海\f804\\0000\で\f804\\0500\仏桑花\f804\\0000\を\f801\\f804\\0500\１つ\f804\\0000\、\f804\\0500\採取\f804\\0000\して商会に届けろ！\f801\\ffff\</origin>
				<translate>\f804\\0500\垂水ノ樹海\f804\\0000\で\f804\\0500\仏桑花\f804\\0000\を\f801\\f804\\0500\１つ\f804\\0000\、\f804\\0500\採取\f804\\0000\して商会に届けろ！\f801\\ffff\</translate>
			</id>
		</body>
	</mbm>
