<?xml version="1.0" encoding="UTF-8"?>
	<mbm>
		<head>000000004d53473200000100</head>
		<size>de070000</size>
		<number>c8000000</number>
		<j>200000000000000000000000</j>
		<body>
			<id id="0">
				<origin>\f859\\0300\\f81b\\565f\\4348\\4152\\5f31\\3032\\2f45\\5645\\4e54\\2f62\\6172\\5f32\\3236\\0000\おっと、その依頼だね？\f801\それは鉱物学者さんからの依頼だよ。\f801\\ffff\</origin>
				<translate>\f859\\0300\\f81b\\565f\\4348\\4152\\5f31\\3032\\2f45\\5645\\4e54\\2f62\\6172\\5f32\\3236\\0000\おっと、その依頼だね？\f801\それは鉱物学者さんからの依頼だよ。\f801\\ffff\</translate>
			</id>
			<id id="1">
				<origin>\f859\\0300\\f81b\\565f\\4348\\4152\\5f31\\3032\\2f45\\5645\\4e54\\2f62\\6172\\5f32\\3235\\0000\鉱物学者って、何するんだろうね？\f801\鉱物が好物なんだって！\f801\偉い人の考えることはわからないねぇ。\f801\\ffff\</origin>
				<translate>\f859\\0300\\f81b\\565f\\4348\\4152\\5f31\\3032\\2f45\\5645\\4e54\\2f62\\6172\\5f32\\3235\\0000\鉱物学者って、何するんだろうね？\f801\鉱物が好物なんだって！\f801\偉い人の考えることはわからないねぇ。\f801\\ffff\</translate>
			</id>
			<id id="2">
				<origin>\f859\\0300\まぁ、とにかく樹海での鉱物を\f801\調べてるみたいで、いくつか持ってきて\f801\欲しいというのが依頼だよ。\f801\\f802\\f804\\0500\枯レ森\f804\\0000\にある\f804\\0500\カリナン\f804\\0000\を\f804\\0500\１つ\f804\\0000\、\f804\\0500\採掘\f804\\0000\と\f801\\f804\\0500\スナトビデメキン\f804\\0000\の\f804\\0500\砂目魚の水晶体\f804\\0000\を\f804\\0500\２つ\f804\\0000\。\f801\これが依頼の品だよ！\f801\\ffff\</origin>
				<translate>\f859\\0300\まぁ、とにかく樹海での鉱物を\f801\調べてるみたいで、いくつか持ってきて\f801\欲しいというのが依頼だよ。\f801\\f802\\f804\\0500\枯レ森\f804\\0000\にある\f804\\0500\カリナン\f804\\0000\を\f804\\0500\１つ\f804\\0000\、\f804\\0500\採掘\f804\\0000\と\f801\\f804\\0500\スナトビデメキン\f804\\0000\の\f804\\0500\砂目魚の水晶体\f804\\0000\を\f804\\0500\２つ\f804\\0000\。\f801\これが依頼の品だよ！\f801\\ffff\</translate>
			</id>
			<id id="3">
				<origin>\f859\\0300\ところで、カリナンって何だろうね？\f801\食べられるのかな？\f801\カレー＆ナンだったら大好物だけどね～。\f801\\f802\\f81b\\565f\\4348\\4152\\5f31\\3032\\2f45\\5645\\4e54\\2f62\\6172\\5f32\\3036\\0000\気をつけて行ってらっしゃ～い！\f801\\ffff\</origin>
				<translate>\f859\\0300\ところで、カリナンって何だろうね？\f801\食べられるのかな？\f801\カレー＆ナンだったら大好物だけどね～。\f801\\f802\\f81b\\565f\\4348\\4152\\5f31\\3032\\2f45\\5645\\4e54\\2f62\\6172\\5f32\\3036\\0000\気をつけて行ってらっしゃ～い！\f801\\ffff\</translate>
			</id>
			<id id="4"/>
			<id id="5"/>
			<id id="6"/>
			<id id="7"/>
			<id id="8"/>
			<id id="9"/>
			<id id="10"/>
			<id id="11"/>
			<id id="12"/>
			<id id="13"/>
			<id id="14"/>
			<id id="15"/>
			<id id="16"/>
			<id id="17"/>
			<id id="18"/>
			<id id="19"/>
			<id id="20"/>
			<id id="21"/>
			<id id="22"/>
			<id id="23"/>
			<id id="24"/>
			<id id="25"/>
			<id id="26"/>
			<id id="27"/>
			<id id="28"/>
			<id id="29"/>
			<id id="30"/>
			<id id="31"/>
			<id id="32"/>
			<id id="33"/>
			<id id="34"/>
			<id id="35"/>
			<id id="36"/>
			<id id="37"/>
			<id id="38"/>
			<id id="39"/>
			<id id="40"/>
			<id id="41"/>
			<id id="42"/>
			<id id="43"/>
			<id id="44"/>
			<id id="45"/>
			<id id="46"/>
			<id id="47"/>
			<id id="48"/>
			<id id="49"/>
			<id id="50">
				<origin>\f859\\0300\\f81b\\565f\\4348\\4152\\5f31\\3032\\2f45\\5645\\4e54\\2f62\\6172\\5f32\\3234\\0000\やー、お疲れお疲れ～。\f801\簡単に見つかったかな？\f801\\ffff\</origin>
				<translate>\f859\\0300\\f81b\\565f\\4348\\4152\\5f31\\3032\\2f45\\5645\\4e54\\2f62\\6172\\5f32\\3234\\0000\やー、お疲れお疲れ～。\f801\簡単に見つかったかな？\f801\\ffff\</translate>
			</id>
			<id id="51">
				<origin>\f859\\0300\\f81b\\565f\\4348\\4152\\5f31\\3032\\2f45\\5645\\4e54\\2f62\\6172\\5f32\\3235\\0000\石ころくらいで……って、おや？\f801\これがカリナンって石か～、\f801\凄くキレイだね、ちょっとよく見せて。\f801\\f802\実はこう見えて僕は昔、\f801\宝石を扱ってたことがあってね～。\f801\ウソみたいな、本当の話。\f801\\f802\……あー、これダイヤの原石だね。\f801\これは硬くて食べられないわ。\f801\カレー＆ナンのことじゃなかったね。\f801\\ffff\</origin>
				<translate>\f859\\0300\\f81b\\565f\\4348\\4152\\5f31\\3032\\2f45\\5645\\4e54\\2f62\\6172\\5f32\\3235\\0000\石ころくらいで……って、おや？\f801\これがカリナンって石か～、\f801\凄くキレイだね、ちょっとよく見せて。\f801\\f802\実はこう見えて僕は昔、\f801\宝石を扱ってたことがあってね～。\f801\ウソみたいな、本当の話。\f801\\f802\……あー、これダイヤの原石だね。\f801\これは硬くて食べられないわ。\f801\カレー＆ナンのことじゃなかったね。\f801\\ffff\</translate>
			</id>
			<id id="52">
				<origin>\f859\\0300\\f81b\\565f\\4348\\4152\\5f31\\3032\\2f45\\5645\\4e54\\2f62\\6172\\5f32\\3135\\0000\それにしてもこの原石、大きいね～！\f801\これはカットする職人も大変だ！\f801\\ffff\</origin>
				<translate>\f859\\0300\\f81b\\565f\\4348\\4152\\5f31\\3032\\2f45\\5645\\4e54\\2f62\\6172\\5f32\\3135\\0000\それにしてもこの原石、大きいね～！\f801\これはカットする職人も大変だ！\f801\\ffff\</translate>
			</id>
			<id id="53">
				<origin>\f859\\0300\……って、よく考えたら、\f801\学者さんの研究資料だったね！\f801\商品にしないのはもったいないなぁ。\f801\\f802\それとなくアドバイスしておこうかな。\f801\そして、アドバイス料を……。\f801\\ffff\</origin>
				<translate>\f859\\0300\……って、よく考えたら、\f801\学者さんの研究資料だったね！\f801\商品にしないのはもったいないなぁ。\f801\\f802\それとなくアドバイスしておこうかな。\f801\そして、アドバイス料を……。\f801\\ffff\</translate>
			</id>
			<id id="54">
				<origin>\f859\\0300\おっと！\f801\君たちへの報酬だったね！\f801\はい、お疲れ様でした～！\f801\\ffff\</origin>
				<translate>\f859\\0300\おっと！\f801\君たちへの報酬だったね！\f801\はい、お疲れ様でした～！\f801\\ffff\</translate>
			</id>
			<id id="55"/>
			<id id="56"/>
			<id id="57"/>
			<id id="58"/>
			<id id="59"/>
			<id id="60"/>
			<id id="61"/>
			<id id="62"/>
			<id id="63"/>
			<id id="64"/>
			<id id="65"/>
			<id id="66"/>
			<id id="67"/>
			<id id="68"/>
			<id id="69"/>
			<id id="70"/>
			<id id="71"/>
			<id id="72"/>
			<id id="73"/>
			<id id="74"/>
			<id id="75"/>
			<id id="76"/>
			<id id="77"/>
			<id id="78"/>
			<id id="79"/>
			<id id="80"/>
			<id id="81"/>
			<id id="82"/>
			<id id="83"/>
			<id id="84"/>
			<id id="85"/>
			<id id="86"/>
			<id id="87"/>
			<id id="88"/>
			<id id="89"/>
			<id id="90"/>
			<id id="91"/>
			<id id="92"/>
			<id id="93"/>
			<id id="94"/>
			<id id="95"/>
			<id id="96"/>
			<id id="97"/>
			<id id="98"/>
			<id id="99"/>
			<id id="100">
				<origin>依頼されていた\f804\\0500\\f810\\0000\\f804\\0000\が\f804\\0500\１つ\f804\\0000\と\f801\\f804\\0500\\f810\\0100\\f804\\0000\が\f804\\0500\２つ\f804\\0000\集まった。\f801\これを酒場に納品すれば依頼は完了だ。\f801\\ffff\</origin>
				<translate>依頼されていた\f804\\0500\\f810\\0000\\f804\\0000\が\f804\\0500\１つ\f804\\0000\と\f801\\f804\\0500\\f810\\0100\\f804\\0000\が\f804\\0500\２つ\f804\\0000\集まった。\f801\これを酒場に納品すれば依頼は完了だ。\f801\\ffff\</translate>
			</id>
			<id id="101"/>
			<id id="102"/>
			<id id="103"/>
			<id id="104"/>
			<id id="105"/>
			<id id="106"/>
			<id id="107"/>
			<id id="108"/>
			<id id="109"/>
			<id id="110"/>
			<id id="111"/>
			<id id="112"/>
			<id id="113"/>
			<id id="114"/>
			<id id="115"/>
			<id id="116"/>
			<id id="117"/>
			<id id="118"/>
			<id id="119"/>
			<id id="120"/>
			<id id="121"/>
			<id id="122"/>
			<id id="123"/>
			<id id="124"/>
			<id id="125"/>
			<id id="126"/>
			<id id="127"/>
			<id id="128"/>
			<id id="129"/>
			<id id="130"/>
			<id id="131"/>
			<id id="132"/>
			<id id="133"/>
			<id id="134"/>
			<id id="135"/>
			<id id="136"/>
			<id id="137"/>
			<id id="138"/>
			<id id="139"/>
			<id id="140"/>
			<id id="141"/>
			<id id="142"/>
			<id id="143"/>
			<id id="144"/>
			<id id="145"/>
			<id id="146"/>
			<id id="147"/>
			<id id="148"/>
			<id id="149"/>
			<id id="150">
				<origin>君たちは\f804\\0500\\f810\\0000\\f804\\0000\と\f801\\f804\\0500\\f810\\0100\\f804\\0000\を納品して\f801\欲しいという依頼を覚えているだろうか？\f801\\f802\依頼を達成したいのであれば、\f801\必要分の依頼品を売却しないよう\f801\気を付けたまえ。\f801\\ffff\</origin>
				<translate>君たちは\f804\\0500\\f810\\0000\\f804\\0000\と\f801\\f804\\0500\\f810\\0100\\f804\\0000\を納品して\f801\欲しいという依頼を覚えているだろうか？\f801\\f802\依頼を達成したいのであれば、\f801\必要分の依頼品を売却しないよう\f801\気を付けたまえ。\f801\\ffff\</translate>
			</id>
			<id id="151"/>
			<id id="152"/>
			<id id="153"/>
			<id id="154"/>
			<id id="155"/>
			<id id="156"/>
			<id id="157"/>
			<id id="158"/>
			<id id="159"/>
			<id id="160"/>
			<id id="161"/>
			<id id="162"/>
			<id id="163"/>
			<id id="164"/>
			<id id="165"/>
			<id id="166"/>
			<id id="167"/>
			<id id="168"/>
			<id id="169"/>
			<id id="170"/>
			<id id="171"/>
			<id id="172"/>
			<id id="173"/>
			<id id="174"/>
			<id id="175"/>
			<id id="176"/>
			<id id="177"/>
			<id id="178"/>
			<id id="179"/>
			<id id="180"/>
			<id id="181"/>
			<id id="182"/>
			<id id="183"/>
			<id id="184"/>
			<id id="185"/>
			<id id="186"/>
			<id id="187"/>
			<id id="188"/>
			<id id="189"/>
			<id id="190"/>
			<id id="191"/>
			<id id="192"/>
			<id id="193"/>
			<id id="194"/>
			<id id="195"/>
			<id id="196"/>
			<id id="197"/>
			<id id="198"/>
			<id id="199"/>
			<id id="200">
				<origin>\f804\\0500\枯レ森\f804\\0000\で\f804\\0500\カリナン\f804\\0000\を\f804\\0500\１つ\f804\\0000\と\f801\\f804\\0500\砂目魚の水晶体\f804\\0000\を\f804\\0500\２つ\f804\\0000\入手して納品せよ！\f801\\ffff\</origin>
				<translate>\f804\\0500\枯レ森\f804\\0000\で\f804\\0500\カリナン\f804\\0000\を\f804\\0500\１つ\f804\\0000\と\f801\\f804\\0500\砂目魚の水晶体\f804\\0000\を\f804\\0500\２つ\f804\\0000\入手して納品せよ！\f801\\ffff\</translate>
			</id>
		</body>
	</mbm>
