<?xml version="1.0" encoding="UTF-8"?>
	<mbm>
		<head>000000004d53473200000100</head>
		<size>90090000</size>
		<number>19000000</number>
		<j>200000000000000000000000</j>
		<body>
			<id id="0">
				<origin>\f859\\0300\\f81b\\565f\\4348\\4152\\5f31\\3032\\2f45\\5645\\4e54\\2f62\\6172\\5f32\\3034\\0000\いやぁ！\f801\この依頼を受けてくれるんだね！\f801\\f802\受けてくれるなら、君たちだと思ったよ！\f801\みんな話を聞いたらキャンセルしちゃうんだ。\f801\君たちはキャンセル不可でよろしく！\f801\\ffff\</origin>
				<translate>\f859\\0300\\f81b\\565f\\4348\\4152\\5f31\\3032\\2f45\\5645\\4e54\\2f62\\6172\\5f32\\3034\\0000\いやぁ！\f801\この依頼を受けてくれるんだね！\f801\\f802\受けてくれるなら、君たちだと思ったよ！\f801\みんな話を聞いたらキャンセルしちゃうんだ。\f801\君たちはキャンセル不可でよろしく！\f801\\ffff\</translate>
			</id>
			<id id="1">
				<origin>\f859\\0300\実はこれ、みんなと同じ冒険者からの依頼。\f801\今ちょうど\f804\\0500\原始ノ大密林\f804\\0000\を攻略している\f801\ところらしいんだけどね。\f801\\f802\彼、\f804\\0500\地下１階\f804\\0000\を探索している最中に\f801\恐ろしい\f804\\0500\鳥の魔物\f804\\0000\に出くわして大慌てで\f801\逃げ出したんだって。\f801\\ffff\</origin>
				<translate>\f859\\0300\実はこれ、みんなと同じ冒険者からの依頼。\f801\今ちょうど\f804\\0500\原始ノ大密林\f804\\0000\を攻略している\f801\ところらしいんだけどね。\f801\\f802\彼、\f804\\0500\地下１階\f804\\0000\を探索している最中に\f801\恐ろしい\f804\\0500\鳥の魔物\f804\\0000\に出くわして大慌てで\f801\逃げ出したんだって。\f801\\ffff\</translate>
			</id>
			<id id="2">
				<origin>\f859\\0300\\f81b\\565f\\4348\\4152\\5f31\\3032\\2f45\\5645\\4e54\\2f62\\6172\\5f32\\3231\\0000\まあ、慌てに慌てたせいで自分が大切に\f801\してたものを落としたことに帰ってきてから\f801\気づいたみたいだね。\f801\\f802\僕ならいちばん大切なのは自分の命だけど\f801\彼も命を置いてきたのかと思ったら、\f801\どうやら違うんだって。\f801\\f802\それが、単なるコインだって言うんだ。\f801\どうも困ったときに運を任せる\f801\重要アイテムらしいよ。\f801\\f802\本人曰くエトリアに続いてここでも\f801\なくすなんてよくよくジャングルには\f801\向いてないのかもとかなんとか…。\f801\\ffff\</origin>
				<translate>\f859\\0300\\f81b\\565f\\4348\\4152\\5f31\\3032\\2f45\\5645\\4e54\\2f62\\6172\\5f32\\3231\\0000\まあ、慌てに慌てたせいで自分が大切に\f801\してたものを落としたことに帰ってきてから\f801\気づいたみたいだね。\f801\\f802\僕ならいちばん大切なのは自分の命だけど\f801\彼も命を置いてきたのかと思ったら、\f801\どうやら違うんだって。\f801\\f802\それが、単なるコインだって言うんだ。\f801\どうも困ったときに運を任せる\f801\重要アイテムらしいよ。\f801\\f802\本人曰くエトリアに続いてここでも\f801\なくすなんてよくよくジャングルには\f801\向いてないのかもとかなんとか…。\f801\\ffff\</translate>
			</id>
			<id id="3">
				<origin>\f859\\0300\\f81b\\565f\\4348\\4152\\5f31\\3032\\2f45\\5645\\4e54\\2f62\\6172\\5f32\\3132\\0000\だったら先に\f801\「この先コインなくすか？」って、\f801\占えばよかったのにね！\f801\\ffff\</origin>
				<translate>\f859\\0300\\f81b\\565f\\4348\\4152\\5f31\\3032\\2f45\\5645\\4e54\\2f62\\6172\\5f32\\3132\\0000\だったら先に\f801\「この先コインなくすか？」って、\f801\占えばよかったのにね！\f801\\ffff\</translate>
			</id>
			<id id="4">
				<origin>\f859\\0300\まぁ、とにかくそういう依頼なんだ。\f801\樹海でコイン一枚捜すのは大変だと\f801\思うけど、よろしく頼むよ。\f801\\f802\依頼人が出くわした魔物に出会うかも\f801\しれないけど、死んでもコインだけは\f801\持ち帰ってね！\f801\\ffff\</origin>
				<translate>\f859\\0300\まぁ、とにかくそういう依頼なんだ。\f801\樹海でコイン一枚捜すのは大変だと\f801\思うけど、よろしく頼むよ。\f801\\f802\依頼人が出くわした魔物に出会うかも\f801\しれないけど、死んでもコインだけは\f801\持ち帰ってね！\f801\\ffff\</translate>
			</id>
			<id id="5"/>
			<id id="6"/>
			<id id="7"/>
			<id id="8"/>
			<id id="9"/>
			<id id="10">
				<origin>\f859\\0300\\f81b\\565f\\4348\\4152\\5f31\\3032\\2f45\\5645\\4e54\\2f62\\6172\\5f32\\3137\\0000\やー、お疲れさん。\f801\本当に見つけてきたんだね！\f801\危険な魔物ってのは大丈夫だった？\f801\\ffff\</origin>
				<translate>\f859\\0300\\f81b\\565f\\4348\\4152\\5f31\\3032\\2f45\\5645\\4e54\\2f62\\6172\\5f32\\3137\\0000\やー、お疲れさん。\f801\本当に見つけてきたんだね！\f801\危険な魔物ってのは大丈夫だった？\f801\\ffff\</translate>
			</id>
			<id id="11">
				<origin>\f859\\0300\へぇ～、そのコインがそうなんだ！\f801\…………。\f801\イタズラして、両方裏にしておく？\f801\\ffff\</origin>
				<translate>\f859\\0300\へぇ～、そのコインがそうなんだ！\f801\…………。\f801\イタズラして、両方裏にしておく？\f801\\ffff\</translate>
			</id>
			<id id="12">
				<origin>\f859\\0300\\f81b\\565f\\4348\\4152\\5f31\\3032\\2f45\\5645\\4e54\\2f62\\6172\\5f32\\3033\\0000\だーはっはっは！\f801\冗談、ジョーダン！\f801\そんなことしたら、報酬もらえないよね！\f801\\ffff\</origin>
				<translate>\f859\\0300\\f81b\\565f\\4348\\4152\\5f31\\3032\\2f45\\5645\\4e54\\2f62\\6172\\5f32\\3033\\0000\だーはっはっは！\f801\冗談、ジョーダン！\f801\そんなことしたら、報酬もらえないよね！\f801\\ffff\</translate>
			</id>
			<id id="13">
				<origin>\f859\\0300\まぁ、とにかく、ずいぶん大切にしてた\f801\コインみたいだから、すごく喜ぶよ！\f801\はい、これ報酬！\f801\\f802\コインは僕が責任を持って、\f801\依頼人に渡しておくよ。\f801\……えーと、この裏の図案を真似て……。\f801\\ffff\</origin>
				<translate>\f859\\0300\まぁ、とにかく、ずいぶん大切にしてた\f801\コインみたいだから、すごく喜ぶよ！\f801\はい、これ報酬！\f801\\f802\コインは僕が責任を持って、\f801\依頼人に渡しておくよ。\f801\……えーと、この裏の図案を真似て……。\f801\\ffff\</translate>
			</id>
			<id id="14"/>
			<id id="15">
				<origin>君たちが樹海の中を歩いていると\f801\北側から空気を切り裂くような、\f801\猛々しい鳥の鳴き声が聞こえた。\f801\\f802\君たちは酒場で受けたクエストを\f801\覚えているだろうか？\f801\\f802\見知らぬ鳥に襲われてコインを\f801\落としてしまったという依頼のことだ。\f801\\f802\今聞こえた鳥の声が\f801\その魔物のことかもしれない。\f801\\f802\依頼を達成したいのならば\f801\北のほうを探しにいってもいい。\f801\\ffff\</origin>
				<translate>君たちが樹海の中を歩いていると\f801\北側から空気を切り裂くような、\f801\猛々しい鳥の鳴き声が聞こえた。\f801\\f802\君たちは酒場で受けたクエストを\f801\覚えているだろうか？\f801\\f802\見知らぬ鳥に襲われてコインを\f801\落としてしまったという依頼のことだ。\f801\\f802\今聞こえた鳥の声が\f801\その魔物のことかもしれない。\f801\\f802\依頼を達成したいのならば\f801\北のほうを探しにいってもいい。\f801\\ffff\</translate>
			</id>
			<id id="16"/>
			<id id="17"/>
			<id id="18"/>
			<id id="19"/>
			<id id="20">
				<origin>密林の中を進む君たちは、草木の間に\f801\光る何かを目にする。もしかしたら、\f801\君たちの捜しているものだろうか。\f801\\ffff\</origin>
				<translate>密林の中を進む君たちは、草木の間に\f801\光る何かを目にする。もしかしたら、\f801\君たちの捜しているものだろうか。\f801\\ffff\</translate>
			</id>
			<id id="21"/>
			<id id="22"/>
			<id id="23"/>
			<id id="24"/>
			<id id="25">
				<origin>\f804\\0500\原始ノ大密林\f804\\0000\の\f804\\0500\地下１階\f804\\0000\で\f801\鳥の魔物に襲われて落としてしまったという\f801\コインを発見せよ！\f801\\ffff\</origin>
				<translate>\f804\\0500\原始ノ大密林\f804\\0000\の\f804\\0500\地下１階\f804\\0000\で\f801\鳥の魔物に襲われて落としてしまったという\f801\コインを発見せよ！\f801\\ffff\</translate>
			</id>
		</body>
	</mbm>
