<?xml version="1.0" encoding="UTF-8"?>
	<mbm>
		<head>000000004d53473200000100</head>
		<size>c0060000</size>
		<number>2d000000</number>
		<j>200000000000000000000000</j>
		<body>
			<id id="0">
				<origin>\f859\\0300\\f81b\\565f\\4348\\4152\\5f31\\3032\\2f45\\5645\\4e54\\2f62\\6172\\5f32\\3231\\0000\おー、その依頼かー。\f801\……何だったっけ？\f801\確かロマンのある話だったね。それ。\f801\\ffff\</origin>
				<translate>\f859\\0300\\f81b\\565f\\4348\\4152\\5f31\\3032\\2f45\\5645\\4e54\\2f62\\6172\\5f32\\3231\\0000\おー、その依頼かー。\f801\……何だったっけ？\f801\確かロマンのある話だったね。それ。\f801\\ffff\</translate>
			</id>
			<id id="1">
				<origin>\f859\\0300\\f81b\\565f\\4348\\4152\\5f31\\3032\\2f45\\5645\\4e54\\2f62\\6172\\5f32\\3137\\0000\……えっと、そうそう、そうだった。\f801\なんでも、\f804\\0500\深層水\f804\\0000\っていうのがあって、\f801\それを研究している人が依頼人でね。\f801\\f802\なんか\f804\\0500\深層水\f804\\0000\はすごい力がある！\f801\かもしれないし、そうでもないかも\f801\しれないから調べたいんだって。\f801\\f802\そんで\f804\\0500\海嶺ノ水林\f804\\0000\は昔は海底だったと\f801\噂されてるから、そこにある水は\f801\\f804\\0500\深層水\f804\\0000\かもしれないって言ってた。\f801\\ffff\</origin>
				<translate>\f859\\0300\\f81b\\565f\\4348\\4152\\5f31\\3032\\2f45\\5645\\4e54\\2f62\\6172\\5f32\\3137\\0000\……えっと、そうそう、そうだった。\f801\なんでも、\f804\\0500\深層水\f804\\0000\っていうのがあって、\f801\それを研究している人が依頼人でね。\f801\\f802\なんか\f804\\0500\深層水\f804\\0000\はすごい力がある！\f801\かもしれないし、そうでもないかも\f801\しれないから調べたいんだって。\f801\\f802\そんで\f804\\0500\海嶺ノ水林\f804\\0000\は昔は海底だったと\f801\噂されてるから、そこにある水は\f801\\f804\\0500\深層水\f804\\0000\かもしれないって言ってた。\f801\\ffff\</translate>
			</id>
			<id id="2">
				<origin>\f859\\0300\\f81b\\565f\\4348\\4152\\5f31\\3032\\2f45\\5645\\4e54\\2f62\\6172\\5f32\\3135\\0000\なんか、かもかも言ってるね僕。\f801\でも、依頼人がそう言ってたんだし\f801\しょうがない、うん。\f801\\ffff\</origin>
				<translate>\f859\\0300\\f81b\\565f\\4348\\4152\\5f31\\3032\\2f45\\5645\\4e54\\2f62\\6172\\5f32\\3135\\0000\なんか、かもかも言ってるね僕。\f801\でも、依頼人がそう言ってたんだし\f801\しょうがない、うん。\f801\\ffff\</translate>
			</id>
			<id id="3">
				<origin>\f859\\0300\なんで、みんなは\f804\\0500\海嶺ノ水林\f804\\0000\で\f801\汲んでこれそうな\f804\\0500\水\f804\\0000\があったら\f801\持ち帰ってきてよ。\f801\\ffff\</origin>
				<translate>\f859\\0300\なんで、みんなは\f804\\0500\海嶺ノ水林\f804\\0000\で\f801\汲んでこれそうな\f804\\0500\水\f804\\0000\があったら\f801\持ち帰ってきてよ。\f801\\ffff\</translate>
			</id>
			<id id="4">
				<origin>\f859\\0300\\f81b\\565f\\4348\\4152\\5f31\\3032\\2f45\\5645\\4e54\\2f62\\6172\\5f32\\3234\\0000\それにしても\f804\\0500\深層水\f804\\0000\って、\f801\いったいどんな水なんだろうね？\f801\\ffff\</origin>
				<translate>\f859\\0300\\f81b\\565f\\4348\\4152\\5f31\\3032\\2f45\\5645\\4e54\\2f62\\6172\\5f32\\3234\\0000\それにしても\f804\\0500\深層水\f804\\0000\って、\f801\いったいどんな水なんだろうね？\f801\\ffff\</translate>
			</id>
			<id id="5"/>
			<id id="6"/>
			<id id="7"/>
			<id id="8"/>
			<id id="9"/>
			<id id="10">
				<origin>\f859\\0300\\f81b\\565f\\4348\\4152\\5f31\\3032\\2f45\\5645\\4e54\\2f62\\6172\\5f32\\3432\\0000\はいはーい、納品サンキュー。\f801\\ffff\</origin>
				<translate>\f859\\0300\\f81b\\565f\\4348\\4152\\5f31\\3032\\2f45\\5645\\4e54\\2f62\\6172\\5f32\\3432\\0000\はいはーい、納品サンキュー。\f801\\ffff\</translate>
			</id>
			<id id="11">
				<origin>\f859\\0300\\f81b\\565f\\4348\\4152\\5f31\\3032\\2f45\\5645\\4e54\\2f62\\6172\\5f32\\3131\\0000\ふーん、これが深層水…。\f801\かもしれない水…。\f801\\f802\なんというか、ただの水に見えるね。\f801\\ffff\</origin>
				<translate>\f859\\0300\\f81b\\565f\\4348\\4152\\5f31\\3032\\2f45\\5645\\4e54\\2f62\\6172\\5f32\\3131\\0000\ふーん、これが深層水…。\f801\かもしれない水…。\f801\\f802\なんというか、ただの水に見えるね。\f801\\ffff\</translate>
			</id>
			<id id="12">
				<origin>\f859\\0300\\f81b\\565f\\4348\\4152\\5f31\\3032\\2f45\\5645\\4e54\\2f62\\6172\\5f32\\3135\\0000\僕はこう…、青くピカーって光る水を\f801\想像していたんだけどね。\f801\……え、それは危険だって？\f801\\f802\だって光ってたら、すごい力があるって\f801\丸分かりじゃない？\f801\\ffff\</origin>
				<translate>\f859\\0300\\f81b\\565f\\4348\\4152\\5f31\\3032\\2f45\\5645\\4e54\\2f62\\6172\\5f32\\3135\\0000\僕はこう…、青くピカーって光る水を\f801\想像していたんだけどね。\f801\……え、それは危険だって？\f801\\f802\だって光ってたら、すごい力があるって\f801\丸分かりじゃない？\f801\\ffff\</translate>
			</id>
			<id id="13">
				<origin>\f859\\0300\あーでも、光ってないから\f801\調べないといけないのかぁ。\f801\\ffff\</origin>
				<translate>\f859\\0300\あーでも、光ってないから\f801\調べないといけないのかぁ。\f801\\ffff\</translate>
			</id>
			<id id="14">
				<origin>\f859\\0300\しかし、研究者って大変だよねぇ！\f801\長年掛けても、何にも意味なかったり。\f801\僕ならすぐに投げ出すね！\f801\\f802\\f81b\\565f\\4348\\4152\\5f31\\3032\\2f45\\5645\\4e54\\2f62\\6172\\5f32\\3336\\0000\さて、依頼を投げ出さなかった君たちには\f801\お待ちかねの報酬のお時間だ！\f801\今回もお疲れさんでしたー。\f801\\ffff\</origin>
				<translate>\f859\\0300\しかし、研究者って大変だよねぇ！\f801\長年掛けても、何にも意味なかったり。\f801\僕ならすぐに投げ出すね！\f801\\f802\\f81b\\565f\\4348\\4152\\5f31\\3032\\2f45\\5645\\4e54\\2f62\\6172\\5f32\\3336\\0000\さて、依頼を投げ出さなかった君たちには\f801\お待ちかねの報酬のお時間だ！\f801\今回もお疲れさんでしたー。\f801\\ffff\</translate>
			</id>
			<id id="15"/>
			<id id="16"/>
			<id id="17"/>
			<id id="18"/>
			<id id="19"/>
			<id id="20"/>
			<id id="21"/>
			<id id="22"/>
			<id id="23"/>
			<id id="24"/>
			<id id="25"/>
			<id id="26"/>
			<id id="27"/>
			<id id="28"/>
			<id id="29"/>
			<id id="30"/>
			<id id="31"/>
			<id id="32"/>
			<id id="33"/>
			<id id="34"/>
			<id id="35"/>
			<id id="36"/>
			<id id="37"/>
			<id id="38"/>
			<id id="39"/>
			<id id="40"/>
			<id id="41"/>
			<id id="42"/>
			<id id="43"/>
			<id id="44"/>
			<id id="45">
				<origin>\f804\\0500\海嶺ノ水林\f804\\0000\で\f804\\0500\水\f804\\0000\を入手せよ！\f801\\ffff\</origin>
				<translate>\f804\\0500\海嶺ノ水林\f804\\0000\で\f804\\0500\水\f804\\0000\を入手せよ！\f801\\ffff\</translate>
			</id>
		</body>
	</mbm>
