<?xml version="1.0" encoding="UTF-8"?>
	<mbm>
		<head>000000004d53473200000100</head>
		<size>60080000</size>
		<number>c8000000</number>
		<j>200000000000000000000000</j>
		<body>
			<id id="0">
				<origin>\f859\\0300\\f81b\\565f\\4348\\4152\\5f31\\3032\\2f45\\5645\\4e54\\2f62\\6172\\5f32\\3035\\0000\その依頼は街の商人さんからだよ！\f801\ネイピアちゃんからの依頼キターーーっ！\f801\\ffff\</origin>
				<translate>\f859\\0300\\f81b\\565f\\4348\\4152\\5f31\\3032\\2f45\\5645\\4e54\\2f62\\6172\\5f32\\3035\\0000\その依頼は街の商人さんからだよ！\f801\ネイピアちゃんからの依頼キターーーっ！\f801\\ffff\</translate>
			</id>
			<id id="1">
				<origin>\f859\\0300\\f81b\\565f\\4348\\4152\\5f31\\3032\\2f45\\5645\\4e54\\2f62\\6172\\5f32\\3330\\0000\……と思わせておいて、実は別の人。\f801\残念ながら、おじさんなんだよ。\f801\やる気なくすよね？ やめちゃう？\f801\\ffff\</origin>
				<translate>\f859\\0300\\f81b\\565f\\4348\\4152\\5f31\\3032\\2f45\\5645\\4e54\\2f62\\6172\\5f32\\3330\\0000\……と思わせておいて、実は別の人。\f801\残念ながら、おじさんなんだよ。\f801\やる気なくすよね？ やめちゃう？\f801\\ffff\</translate>
			</id>
			<id id="2">
				<origin>\f859\\0300\\f81b\\565f\\4348\\4152\\5f31\\3032\\2f45\\5645\\4e54\\2f62\\6172\\5f32\\3236\\0000\あ、やるんだ。\f801\君はおじさん相手でもいいんだね！\f801\見かけによらず貪欲なんだね～！\f801\\ffff\</origin>
				<translate>\f859\\0300\\f81b\\565f\\4348\\4152\\5f31\\3032\\2f45\\5645\\4e54\\2f62\\6172\\5f32\\3236\\0000\あ、やるんだ。\f801\君はおじさん相手でもいいんだね！\f801\見かけによらず貪欲なんだね～！\f801\\ffff\</translate>
			</id>
			<id id="3">
				<origin>\f859\\0300\その人が言うには、\f804\\0500\古跡ノ樹海\f804\\0000\の\f804\\0500\地下３階\f804\\0000\の\f801\採掘場では純度の高い金鉱石が\f801\採れるらしいんだ。\f801\\f802\で、今回みんなにはそれを入手しに\f801\行って来て欲しいってわけ。\f801\\f802\\f81b\\565f\\4348\\4152\\5f31\\3032\\2f45\\5645\\4e54\\2f62\\6172\\5f32\\3036\\0000\該当の採掘場所は古跡ノ樹海、地下３階の\f801\\f804\\0500\北側\f804\\0000\にあるって話だから、ちょいちょいっと\f801\行って来てよ。\f801\\ffff\</origin>
				<translate>\f859\\0300\その人が言うには、\f804\\0500\古跡ノ樹海\f804\\0000\の\f804\\0500\地下３階\f804\\0000\の\f801\採掘場では純度の高い金鉱石が\f801\採れるらしいんだ。\f801\\f802\で、今回みんなにはそれを入手しに\f801\行って来て欲しいってわけ。\f801\\f802\\f81b\\565f\\4348\\4152\\5f31\\3032\\2f45\\5645\\4e54\\2f62\\6172\\5f32\\3036\\0000\該当の採掘場所は古跡ノ樹海、地下３階の\f801\\f804\\0500\北側\f804\\0000\にあるって話だから、ちょいちょいっと\f801\行って来てよ。\f801\\ffff\</translate>
			</id>
			<id id="4"/>
			<id id="5"/>
			<id id="6"/>
			<id id="7"/>
			<id id="8"/>
			<id id="9"/>
			<id id="10"/>
			<id id="11"/>
			<id id="12"/>
			<id id="13"/>
			<id id="14"/>
			<id id="15"/>
			<id id="16"/>
			<id id="17"/>
			<id id="18"/>
			<id id="19"/>
			<id id="20"/>
			<id id="21"/>
			<id id="22"/>
			<id id="23"/>
			<id id="24"/>
			<id id="25"/>
			<id id="26"/>
			<id id="27"/>
			<id id="28"/>
			<id id="29"/>
			<id id="30"/>
			<id id="31"/>
			<id id="32"/>
			<id id="33"/>
			<id id="34"/>
			<id id="35"/>
			<id id="36"/>
			<id id="37"/>
			<id id="38"/>
			<id id="39"/>
			<id id="40"/>
			<id id="41"/>
			<id id="42"/>
			<id id="43"/>
			<id id="44"/>
			<id id="45"/>
			<id id="46"/>
			<id id="47"/>
			<id id="48"/>
			<id id="49"/>
			<id id="50">
				<origin>\f859\\0300\\f81b\\565f\\4348\\4152\\5f31\\3032\\2f45\\5645\\4e54\\2f62\\6172\\5f32\\3236\\0000\おかえりー。\f801\って、少しお疲れの様子だね。\f801\\f802\ほうほう、採掘しようとしたら\f801\いきなり魔物に襲われた…。\f801\\ffff\</origin>
				<translate>\f859\\0300\\f81b\\565f\\4348\\4152\\5f31\\3032\\2f45\\5645\\4e54\\2f62\\6172\\5f32\\3236\\0000\おかえりー。\f801\って、少しお疲れの様子だね。\f801\\f802\ほうほう、採掘しようとしたら\f801\いきなり魔物に襲われた…。\f801\\ffff\</translate>
			</id>
			<id id="51">
				<origin>\f859\\0300\\f81b\\565f\\4348\\4152\\5f31\\3032\\2f45\\5645\\4e54\\2f62\\6172\\5f32\\3031\\0000\さすがは冒険者、街の人からだけでなく\f801\樹海の住人たちからも大人気だねぇ～。\f801\いや、人間じゃないけどさ。\f801\\ffff\</origin>
				<translate>\f859\\0300\\f81b\\565f\\4348\\4152\\5f31\\3032\\2f45\\5645\\4e54\\2f62\\6172\\5f32\\3031\\0000\さすがは冒険者、街の人からだけでなく\f801\樹海の住人たちからも大人気だねぇ～。\f801\いや、人間じゃないけどさ。\f801\\ffff\</translate>
			</id>
			<id id="52">
				<origin>\f859\\0300\\f81b\\565f\\4348\\4152\\5f31\\3032\\2f45\\5645\\4e54\\2f62\\6172\\5f32\\3135\\0000\そういえば依頼人の商人のおじさんに\f801\君たちの事を話したら、頬を赤くしてたよ。\f801\……理由はわからないけど。\f801\\ffff\</origin>
				<translate>\f859\\0300\\f81b\\565f\\4348\\4152\\5f31\\3032\\2f45\\5645\\4e54\\2f62\\6172\\5f32\\3135\\0000\そういえば依頼人の商人のおじさんに\f801\君たちの事を話したら、頬を赤くしてたよ。\f801\……理由はわからないけど。\f801\\ffff\</translate>
			</id>
			<id id="53">
				<origin>\f859\\0300\とにかくお疲れさんだね。\f801\ゆっくり休むといいよ。\f801\\f802\\f81b\\565f\\4348\\4152\\5f31\\3032\\2f45\\5645\\4e54\\2f62\\6172\\5f32\\3439\\0000\はい、じゃ、これ報酬ね。\f801\ありがとねー。\f801\\ffff\</origin>
				<translate>\f859\\0300\とにかくお疲れさんだね。\f801\ゆっくり休むといいよ。\f801\\f802\\f81b\\565f\\4348\\4152\\5f31\\3032\\2f45\\5645\\4e54\\2f62\\6172\\5f32\\3439\\0000\はい、じゃ、これ報酬ね。\f801\ありがとねー。\f801\\ffff\</translate>
			</id>
			<id id="54"/>
			<id id="55"/>
			<id id="56"/>
			<id id="57"/>
			<id id="58"/>
			<id id="59"/>
			<id id="60"/>
			<id id="61"/>
			<id id="62"/>
			<id id="63"/>
			<id id="64"/>
			<id id="65"/>
			<id id="66"/>
			<id id="67"/>
			<id id="68"/>
			<id id="69"/>
			<id id="70"/>
			<id id="71"/>
			<id id="72"/>
			<id id="73"/>
			<id id="74"/>
			<id id="75"/>
			<id id="76"/>
			<id id="77"/>
			<id id="78"/>
			<id id="79"/>
			<id id="80"/>
			<id id="81"/>
			<id id="82"/>
			<id id="83"/>
			<id id="84"/>
			<id id="85"/>
			<id id="86"/>
			<id id="87"/>
			<id id="88"/>
			<id id="89"/>
			<id id="90"/>
			<id id="91"/>
			<id id="92"/>
			<id id="93"/>
			<id id="94"/>
			<id id="95"/>
			<id id="96"/>
			<id id="97"/>
			<id id="98"/>
			<id id="99"/>
			<id id="100">
				<origin>純度の高い珍しい金鉱石を求めて\f801\採掘場所を求めて歩いていた君たちは\f801\それらしき場所を見つけて立ち止まる。\f801\\ffff\</origin>
				<translate>純度の高い珍しい金鉱石を求めて\f801\採掘場所を求めて歩いていた君たちは\f801\それらしき場所を見つけて立ち止まる。\f801\\ffff\</translate>
			</id>
			<id id="101">
				<origin>採掘ポイントがある。\f801\採掘しますか？\f801\\ffff\</origin>
				<translate>採掘ポイントがある。\f801\採掘しますか？\f801\\ffff\</translate>
			</id>
			<id id="102">
				<origin>！！ああっと！！\f801\\ffff\</origin>
				<translate>！！ああっと！！\f801\\ffff\</translate>
			</id>
			<id id="103"/>
			<id id="104"/>
			<id id="105"/>
			<id id="106"/>
			<id id="107"/>
			<id id="108"/>
			<id id="109"/>
			<id id="110"/>
			<id id="111"/>
			<id id="112"/>
			<id id="113"/>
			<id id="114"/>
			<id id="115"/>
			<id id="116"/>
			<id id="117"/>
			<id id="118"/>
			<id id="119"/>
			<id id="120"/>
			<id id="121"/>
			<id id="122"/>
			<id id="123"/>
			<id id="124"/>
			<id id="125"/>
			<id id="126"/>
			<id id="127"/>
			<id id="128"/>
			<id id="129"/>
			<id id="130"/>
			<id id="131"/>
			<id id="132"/>
			<id id="133"/>
			<id id="134"/>
			<id id="135"/>
			<id id="136"/>
			<id id="137"/>
			<id id="138"/>
			<id id="139"/>
			<id id="140"/>
			<id id="141"/>
			<id id="142"/>
			<id id="143"/>
			<id id="144"/>
			<id id="145"/>
			<id id="146"/>
			<id id="147"/>
			<id id="148"/>
			<id id="149"/>
			<id id="150">
				<origin>君たちが突然現れた魔物をなんとか\f801\排除して、息を吐きつつ周囲を見るが、\f801\それ以上の追加は出現してこない。\f801\\f802\どうやら危機は去ったようだ。\f801\君たちは安心して武器を収める。\f801\\f802\そして本来の目的であった金鉱石の\f801\採掘作業を始める。\f801\\f802\すると、そう大した量ではないものの\f801\それらしい輝きを放つ鉱石を掘り出すことに\f801\成功した。\f801\\ffff\</origin>
				<translate>君たちが突然現れた魔物をなんとか\f801\排除して、息を吐きつつ周囲を見るが、\f801\それ以上の追加は出現してこない。\f801\\f802\どうやら危機は去ったようだ。\f801\君たちは安心して武器を収める。\f801\\f802\そして本来の目的であった金鉱石の\f801\採掘作業を始める。\f801\\f802\すると、そう大した量ではないものの\f801\それらしい輝きを放つ鉱石を掘り出すことに\f801\成功した。\f801\\ffff\</translate>
			</id>
			<id id="151">
				<origin>後はこれを持って報告すればいいだろう。\f801\時間のある時に酒場に顔を出したまえ。\f801\\ffff\</origin>
				<translate>後はこれを持って報告すればいいだろう。\f801\時間のある時に酒場に顔を出したまえ。\f801\\ffff\</translate>
			</id>
			<id id="152"/>
			<id id="153"/>
			<id id="154"/>
			<id id="155"/>
			<id id="156"/>
			<id id="157"/>
			<id id="158"/>
			<id id="159"/>
			<id id="160"/>
			<id id="161"/>
			<id id="162"/>
			<id id="163"/>
			<id id="164"/>
			<id id="165"/>
			<id id="166"/>
			<id id="167"/>
			<id id="168"/>
			<id id="169"/>
			<id id="170"/>
			<id id="171"/>
			<id id="172"/>
			<id id="173"/>
			<id id="174"/>
			<id id="175"/>
			<id id="176"/>
			<id id="177"/>
			<id id="178"/>
			<id id="179"/>
			<id id="180"/>
			<id id="181"/>
			<id id="182"/>
			<id id="183"/>
			<id id="184"/>
			<id id="185"/>
			<id id="186"/>
			<id id="187"/>
			<id id="188"/>
			<id id="189"/>
			<id id="190"/>
			<id id="191"/>
			<id id="192"/>
			<id id="193"/>
			<id id="194"/>
			<id id="195"/>
			<id id="196"/>
			<id id="197"/>
			<id id="198"/>
			<id id="199"/>
			<id id="200">
				<origin>\f804\\0500\古跡ノ樹海\f804\\0000\の\f804\\0500\地下３階\f804\\0000\の\f804\\0500\北側\f804\\0000\にある\f801\\f804\\0500\採掘\f804\\0000\ポイントで金鉱石を入手せよ！\f801\\ffff\</origin>
				<translate>\f804\\0500\古跡ノ樹海\f804\\0000\の\f804\\0500\地下３階\f804\\0000\の\f804\\0500\北側\f804\\0000\にある\f801\\f804\\0500\採掘\f804\\0000\ポイントで金鉱石を入手せよ！\f801\\ffff\</translate>
			</id>
		</body>
	</mbm>
