<?xml version="1.0" encoding="UTF-8"?>
	<mbm>
		<head>000000004d53473200000100</head>
		<size>c6080000</size>
		<number>96000000</number>
		<j>200000000000000000000000</j>
		<body>
			<id id="0">
				<origin>\f859\\0300\\f81b\\565f\\4348\\4152\\5f31\\3032\\2f45\\5645\\4e54\\2f62\\6172\\5f32\\3231\\0000\そーの依頼はどんなだったかなぁ……？\f801\依頼書依頼書…。\f801\あー、あったこれだ。\f801\\ffff\</origin>
				<translate>\f859\\0300\\f81b\\565f\\4348\\4152\\5f31\\3032\\2f45\\5645\\4e54\\2f62\\6172\\5f32\\3231\\0000\そーの依頼はどんなだったかなぁ……？\f801\依頼書依頼書…。\f801\あー、あったこれだ。\f801\\ffff\</translate>
			</id>
			<id id="1">
				<origin>\f859\\0300\あー、それはね、この区画からは少し遠い\f801\魚料理の専門店さんからのやつだね。\f801\\f802\\f81b\\565f\\4348\\4152\\5f31\\3032\\2f45\\5645\\4e54\\2f62\\6172\\5f32\\3137\\0000\そこの店はね、フグが有名でね。\f801\特にフグ刺し。\f801\\f802\フグといえば知ってる？\f801\フグには毒があって、しっかり\f801\さばかないと危ないんだよ～。\f801\\ffff\</origin>
				<translate>\f859\\0300\あー、それはね、この区画からは少し遠い\f801\魚料理の専門店さんからのやつだね。\f801\\f802\\f81b\\565f\\4348\\4152\\5f31\\3032\\2f45\\5645\\4e54\\2f62\\6172\\5f32\\3137\\0000\そこの店はね、フグが有名でね。\f801\特にフグ刺し。\f801\\f802\フグといえば知ってる？\f801\フグには毒があって、しっかり\f801\さばかないと危ないんだよ～。\f801\\ffff\</translate>
			</id>
			<id id="2">
				<origin>\f859\\0300\\f81b\\565f\\4348\\4152\\5f31\\3032\\2f45\\5645\\4e54\\2f62\\6172\\5f32\\3134\\0000\その昔、僕のお祖父さんがね、\f801\自分で釣ってきたフグを食べてね……、\f801\まぁ、今は関係ないか。\f801\\ffff\</origin>
				<translate>\f859\\0300\\f81b\\565f\\4348\\4152\\5f31\\3032\\2f45\\5645\\4e54\\2f62\\6172\\5f32\\3134\\0000\その昔、僕のお祖父さんがね、\f801\自分で釣ってきたフグを食べてね……、\f801\まぁ、今は関係ないか。\f801\\ffff\</translate>
			</id>
			<id id="3">
				<origin>\f859\\0300\\f81b\\565f\\4348\\4152\\5f31\\3032\\2f45\\5645\\4e54\\2f62\\6172\\5f32\\3030\\0000\で、それって結構技術がいるらしいんだけど\f801\技術って磨くには練習あるのみじゃない？\f801\\f802\だから、フグを集めて欲しいという\f801\今回の依頼が来たってわけなんだ。\f801\\f802\\f804\\0500\海嶺ノ水林\f804\\0000\にいる\f804\\0500\うずまきフグ\f804\\0000\\f801\こいつらを\f804\\0500\６匹\f804\\0000\倒して回収\f801\してきて欲しいんだってさ。\f801\\f802\\f81b\\565f\\4348\\4152\\5f31\\3032\\2f53\\5953\\5445\\4d2f\\4558\\4954\\315f\\4e4f\\524d\\414c\\2f62\\6172\\5f30\\3230\\0000\というわけなので、\f801\\f804\\0500\海嶺ノ水林\f804\\0000\へ行ってらっしゃい。\f801\\ffff\</origin>
				<translate>\f859\\0300\\f81b\\565f\\4348\\4152\\5f31\\3032\\2f45\\5645\\4e54\\2f62\\6172\\5f32\\3030\\0000\で、それって結構技術がいるらしいんだけど\f801\技術って磨くには練習あるのみじゃない？\f801\\f802\だから、フグを集めて欲しいという\f801\今回の依頼が来たってわけなんだ。\f801\\f802\\f804\\0500\海嶺ノ水林\f804\\0000\にいる\f804\\0500\うずまきフグ\f804\\0000\\f801\こいつらを\f804\\0500\６匹\f804\\0000\倒して回収\f801\してきて欲しいんだってさ。\f801\\f802\\f81b\\565f\\4348\\4152\\5f31\\3032\\2f53\\5953\\5445\\4d2f\\4558\\4954\\315f\\4e4f\\524d\\414c\\2f62\\6172\\5f30\\3230\\0000\というわけなので、\f801\\f804\\0500\海嶺ノ水林\f804\\0000\へ行ってらっしゃい。\f801\\ffff\</translate>
			</id>
			<id id="4"/>
			<id id="5"/>
			<id id="6"/>
			<id id="7"/>
			<id id="8"/>
			<id id="9"/>
			<id id="10">
				<origin>\f859\\0300\\f81b\\565f\\4348\\4152\\5f31\\3032\\2f53\\5953\\5445\\4d2f\\454e\\5445\\5232\\2f62\\6172\\5f30\\3131\\0000\おかえりー。\f801\おお、フグだ。\f801\これは、すごく丸いね～！\f801\\f802\これで若手の職人さんたちは\f801\さばき方を学ぶわけだねぇ。\f801\\ffff\</origin>
				<translate>\f859\\0300\\f81b\\565f\\4348\\4152\\5f31\\3032\\2f53\\5953\\5445\\4d2f\\454e\\5445\\5232\\2f62\\6172\\5f30\\3131\\0000\おかえりー。\f801\おお、フグだ。\f801\これは、すごく丸いね～！\f801\\f802\これで若手の職人さんたちは\f801\さばき方を学ぶわけだねぇ。\f801\\ffff\</translate>
			</id>
			<id id="11">
				<origin>\f859\\0300\届けに行ったら、練習見学させて\f801\もらおうかなぁ。食べられる部分\f801\ごちそうになれるかもだし。\f801\\f802\\f81b\\565f\\4348\\4152\\5f31\\3032\\2f45\\5645\\4e54\\2f62\\6172\\5f32\\3132\\0000\ふっふっふ、こういうのは僕の役得だねぇ。\f801\みんなの分まで楽しんでくるさー。\f801\\ffff\</origin>
				<translate>\f859\\0300\届けに行ったら、練習見学させて\f801\もらおうかなぁ。食べられる部分\f801\ごちそうになれるかもだし。\f801\\f802\\f81b\\565f\\4348\\4152\\5f31\\3032\\2f45\\5645\\4e54\\2f62\\6172\\5f32\\3132\\0000\ふっふっふ、こういうのは僕の役得だねぇ。\f801\みんなの分まで楽しんでくるさー。\f801\\ffff\</translate>
			</id>
			<id id="12">
				<origin>\f859\\0300\\f81b\\565f\\4348\\4152\\5f31\\3032\\2f45\\5645\\4e54\\2f62\\6172\\5f32\\3236\\0000\ちなみに、フグの毒に当たったら\f801\砂浜に首だけだして埋めるっていう\f801\治療方法があるのは知ってる？\f801\\f802\毒に当たると筋肉が麻痺して、呼吸困難に\f801\なっちゃうけど、砂に埋めて胸を固定すると\f801\腹式呼吸だけで切り抜けられるみたい。\f801\\ffff\</origin>
				<translate>\f859\\0300\\f81b\\565f\\4348\\4152\\5f31\\3032\\2f45\\5645\\4e54\\2f62\\6172\\5f32\\3236\\0000\ちなみに、フグの毒に当たったら\f801\砂浜に首だけだして埋めるっていう\f801\治療方法があるのは知ってる？\f801\\f802\毒に当たると筋肉が麻痺して、呼吸困難に\f801\なっちゃうけど、砂に埋めて胸を固定すると\f801\腹式呼吸だけで切り抜けられるみたい。\f801\\ffff\</translate>
			</id>
			<id id="13">
				<origin>\f859\\0300\\f81b\\565f\\4348\\4152\\5f31\\3032\\2f45\\5645\\4e54\\2f62\\6172\\5f32\\3033\\0000\僕の祖父は顔まで埋められて、呼吸困難に\f801\なっちゃったんだよね。\f801\まぁ、毒には当たらない方が良いね！\f801\\ffff\</origin>
				<translate>\f859\\0300\\f81b\\565f\\4348\\4152\\5f31\\3032\\2f45\\5645\\4e54\\2f62\\6172\\5f32\\3033\\0000\僕の祖父は顔まで埋められて、呼吸困難に\f801\なっちゃったんだよね。\f801\まぁ、毒には当たらない方が良いね！\f801\\ffff\</translate>
			</id>
			<id id="14">
				<origin>\f859\\0300\はい、それじゃ報酬渡すね。\f801\お疲れさんでしたー。\f801\\ffff\</origin>
				<translate>\f859\\0300\はい、それじゃ報酬渡すね。\f801\お疲れさんでしたー。\f801\\ffff\</translate>
			</id>
			<id id="15"/>
			<id id="16"/>
			<id id="17"/>
			<id id="18"/>
			<id id="19"/>
			<id id="20">
				<origin>酒場で受けた依頼を覚えているだろうか。\f801\さばく練習をするための\f804\\0500\うずまきフグ\f804\\0000\を\f801\持ち帰って欲しいというものだ。\f801\\f802\いましがた君たちはその約束の数である\f801\\f804\\0500\６匹\f804\\0000\を集め終えたところだ。\f801\\f802\後はこれを納品すれば依頼終了だ。\f801\時間のある時に酒場へ行くといいだろう。\f801\\ffff\</origin>
				<translate>酒場で受けた依頼を覚えているだろうか。\f801\さばく練習をするための\f804\\0500\うずまきフグ\f804\\0000\を\f801\持ち帰って欲しいというものだ。\f801\\f802\いましがた君たちはその約束の数である\f801\\f804\\0500\６匹\f804\\0000\を集め終えたところだ。\f801\\f802\後はこれを納品すれば依頼終了だ。\f801\時間のある時に酒場へ行くといいだろう。\f801\\ffff\</translate>
			</id>
			<id id="21"/>
			<id id="22"/>
			<id id="23"/>
			<id id="24"/>
			<id id="25"/>
			<id id="26"/>
			<id id="27"/>
			<id id="28"/>
			<id id="29"/>
			<id id="30"/>
			<id id="31"/>
			<id id="32"/>
			<id id="33"/>
			<id id="34"/>
			<id id="35"/>
			<id id="36"/>
			<id id="37"/>
			<id id="38"/>
			<id id="39"/>
			<id id="40"/>
			<id id="41"/>
			<id id="42"/>
			<id id="43"/>
			<id id="44"/>
			<id id="45"/>
			<id id="46"/>
			<id id="47"/>
			<id id="48"/>
			<id id="49"/>
			<id id="50"/>
			<id id="51"/>
			<id id="52"/>
			<id id="53"/>
			<id id="54"/>
			<id id="55"/>
			<id id="56"/>
			<id id="57"/>
			<id id="58"/>
			<id id="59"/>
			<id id="60"/>
			<id id="61"/>
			<id id="62"/>
			<id id="63"/>
			<id id="64"/>
			<id id="65"/>
			<id id="66"/>
			<id id="67"/>
			<id id="68"/>
			<id id="69"/>
			<id id="70"/>
			<id id="71"/>
			<id id="72"/>
			<id id="73"/>
			<id id="74"/>
			<id id="75"/>
			<id id="76"/>
			<id id="77"/>
			<id id="78"/>
			<id id="79"/>
			<id id="80"/>
			<id id="81"/>
			<id id="82"/>
			<id id="83"/>
			<id id="84"/>
			<id id="85"/>
			<id id="86"/>
			<id id="87"/>
			<id id="88"/>
			<id id="89"/>
			<id id="90"/>
			<id id="91"/>
			<id id="92"/>
			<id id="93"/>
			<id id="94"/>
			<id id="95"/>
			<id id="96"/>
			<id id="97"/>
			<id id="98"/>
			<id id="99"/>
			<id id="100"/>
			<id id="101"/>
			<id id="102"/>
			<id id="103"/>
			<id id="104"/>
			<id id="105"/>
			<id id="106"/>
			<id id="107"/>
			<id id="108"/>
			<id id="109"/>
			<id id="110"/>
			<id id="111"/>
			<id id="112"/>
			<id id="113"/>
			<id id="114"/>
			<id id="115"/>
			<id id="116"/>
			<id id="117"/>
			<id id="118"/>
			<id id="119"/>
			<id id="120"/>
			<id id="121"/>
			<id id="122"/>
			<id id="123"/>
			<id id="124"/>
			<id id="125"/>
			<id id="126"/>
			<id id="127"/>
			<id id="128"/>
			<id id="129"/>
			<id id="130"/>
			<id id="131"/>
			<id id="132"/>
			<id id="133"/>
			<id id="134"/>
			<id id="135"/>
			<id id="136"/>
			<id id="137"/>
			<id id="138"/>
			<id id="139"/>
			<id id="140"/>
			<id id="141"/>
			<id id="142"/>
			<id id="143"/>
			<id id="144"/>
			<id id="145"/>
			<id id="146"/>
			<id id="147"/>
			<id id="148"/>
			<id id="149"/>
			<id id="150">
				<origin>\f804\\0500\海嶺ノ水林\f804\\0000\にいる\f804\\0500\うずまきフグ\f804\\0000\を\f801\\f804\\0500\６匹\f804\\0000\倒して回収せよ！\f801\\ffff\</origin>
				<translate>\f804\\0500\海嶺ノ水林\f804\\0000\にいる\f804\\0500\うずまきフグ\f804\\0000\を\f801\\f804\\0500\６匹\f804\\0000\倒して回収せよ！\f801\\ffff\</translate>
			</id>
		</body>
	</mbm>
