<?xml version="1.0" encoding="UTF-8"?>
	<mbm>
		<head>000000004d53473200000100</head>
		<size>42100000</size>
		<number>2f010000</number>
		<j>200000000000000000000000</j>
		<body>
			<id id="0">
				<origin>\f859\\0300\\f81b\\565f\\4348\\4152\\5f31\\3032\\2f45\\5645\\4e54\\2f62\\6172\\5f32\\3231\\0000\ああ、その依頼ね！\f801\それは僕としても何とかしてあげたい\f801\依頼なんだよね～。\f801\\ffff\</origin>
				<translate>\f859\\0300\\f81b\\565f\\4348\\4152\\5f31\\3032\\2f45\\5645\\4e54\\2f62\\6172\\5f32\\3231\\0000\ああ、その依頼ね！\f801\それは僕としても何とかしてあげたい\f801\依頼なんだよね～。\f801\\ffff\</translate>
			</id>
			<id id="1"/>
			<id id="2"/>
			<id id="3">
				<origin>\f859\\0300\\f81b\\565f\\4348\\4152\\5f31\\3032\\2f45\\5645\\4e54\\2f62\\6172\\5f32\\3030\\0000\宿屋のヴィヴィアンちゃん、いるでしょ？\f801\前にもあったと思うけど\f801\彼女からの依頼なんだ。\f801\\ffff\</origin>
				<translate>\f859\\0300\\f81b\\565f\\4348\\4152\\5f31\\3032\\2f45\\5645\\4e54\\2f62\\6172\\5f32\\3030\\0000\宿屋のヴィヴィアンちゃん、いるでしょ？\f801\前にもあったと思うけど\f801\彼女からの依頼なんだ。\f801\\ffff\</translate>
			</id>
			<id id="4"/>
			<id id="5"/>
			<id id="6">
				<origin>\f859\\0300\\f81b\\565f\\4348\\4152\\5f31\\3032\\2f53\\5953\\5445\\4d2f\\4558\\4954\\325f\\4e4f\\524d\\414c\\2f62\\6172\\5f30\\3231\\0000\今度も詳しい話は宿に行って\f801\ヴィヴィアンちゃんから直接聞いてね～！\f801\よろしく～！\f801\\ffff\</origin>
				<translate>\f859\\0300\\f81b\\565f\\4348\\4152\\5f31\\3032\\2f53\\5953\\5445\\4d2f\\4558\\4954\\325f\\4e4f\\524d\\414c\\2f62\\6172\\5f30\\3231\\0000\今度も詳しい話は宿に行って\f801\ヴィヴィアンちゃんから直接聞いてね～！\f801\よろしく～！\f801\\ffff\</translate>
			</id>
			<id id="7"/>
			<id id="8"/>
			<id id="9"/>
			<id id="10"/>
			<id id="11"/>
			<id id="12"/>
			<id id="13"/>
			<id id="14"/>
			<id id="15"/>
			<id id="16"/>
			<id id="17"/>
			<id id="18"/>
			<id id="19"/>
			<id id="20"/>
			<id id="21"/>
			<id id="22"/>
			<id id="23"/>
			<id id="24"/>
			<id id="25"/>
			<id id="26"/>
			<id id="27"/>
			<id id="28"/>
			<id id="29"/>
			<id id="30"/>
			<id id="31"/>
			<id id="32"/>
			<id id="33"/>
			<id id="34"/>
			<id id="35"/>
			<id id="36"/>
			<id id="37"/>
			<id id="38"/>
			<id id="39"/>
			<id id="40"/>
			<id id="41"/>
			<id id="42"/>
			<id id="43"/>
			<id id="44"/>
			<id id="45"/>
			<id id="46"/>
			<id id="47"/>
			<id id="48"/>
			<id id="49"/>
			<id id="50">
				<origin>\f859\\0300\\f81b\\565f\\4348\\4152\\5f31\\3032\\2f45\\5645\\4e54\\2f62\\6172\\5f32\\3137\\0000\やあ、みなさん、お疲れ。\f801\ヴィヴィアンちゃんの依頼、達成だね！\f801\……え？ なんで分かるかって？\f801\\ffff\</origin>
				<translate>\f859\\0300\\f81b\\565f\\4348\\4152\\5f31\\3032\\2f45\\5645\\4e54\\2f62\\6172\\5f32\\3137\\0000\やあ、みなさん、お疲れ。\f801\ヴィヴィアンちゃんの依頼、達成だね！\f801\……え？ なんで分かるかって？\f801\\ffff\</translate>
			</id>
			<id id="51"/>
			<id id="52"/>
			<id id="53">
				<origin>\f859\\0300\\f81b\\565f\\4348\\4152\\5f31\\3032\\2f45\\5645\\4e54\\2f62\\6172\\5f32\\3131\\0000\だって君たちなら余裕でしょ？\f801\そう思って楽観視してたんだけど…\f801\\ffff\</origin>
				<translate>\f859\\0300\\f81b\\565f\\4348\\4152\\5f31\\3032\\2f45\\5645\\4e54\\2f62\\6172\\5f32\\3131\\0000\だって君たちなら余裕でしょ？\f801\そう思って楽観視してたんだけど…\f801\\ffff\</translate>
			</id>
			<id id="54"/>
			<id id="55"/>
			<id id="56">
				<origin>\f859\\0300\\f81b\\565f\\4348\\4152\\5f31\\3032\\2f45\\5645\\4e54\\2f62\\6172\\5f32\\3437\\0000\……え、変な鳴き声を聞いた？\f801\蒼い竜を見たって？\f801\なんだか大変なことになりそうだねぇ。\f801\\f802\まあ、この件は僕が司令部に\f801\報告しておくよ。\f801\\ffff\</origin>
				<translate>\f859\\0300\\f81b\\565f\\4348\\4152\\5f31\\3032\\2f45\\5645\\4e54\\2f62\\6172\\5f32\\3437\\0000\……え、変な鳴き声を聞いた？\f801\蒼い竜を見たって？\f801\なんだか大変なことになりそうだねぇ。\f801\\f802\まあ、この件は僕が司令部に\f801\報告しておくよ。\f801\\ffff\</translate>
			</id>
			<id id="57"/>
			<id id="58"/>
			<id id="59">
				<origin>\f859\\0300\\f81b\\565f\\4348\\4152\\5f31\\3032\\2f45\\5645\\4e54\\2f62\\6172\\5f32\\3336\\0000\とりあえず、君たちにはこの報酬を\f801\渡さないとね！\f801\はい、お疲れ様でした！\f801\\ffff\</origin>
				<translate>\f859\\0300\\f81b\\565f\\4348\\4152\\5f31\\3032\\2f45\\5645\\4e54\\2f62\\6172\\5f32\\3336\\0000\とりあえず、君たちにはこの報酬を\f801\渡さないとね！\f801\はい、お疲れ様でした！\f801\\ffff\</translate>
			</id>
			<id id="60"/>
			<id id="61"/>
			<id id="62"/>
			<id id="63"/>
			<id id="64"/>
			<id id="65"/>
			<id id="66"/>
			<id id="67"/>
			<id id="68"/>
			<id id="69"/>
			<id id="70"/>
			<id id="71"/>
			<id id="72"/>
			<id id="73"/>
			<id id="74"/>
			<id id="75"/>
			<id id="76"/>
			<id id="77"/>
			<id id="78"/>
			<id id="79"/>
			<id id="80"/>
			<id id="81"/>
			<id id="82"/>
			<id id="83"/>
			<id id="84"/>
			<id id="85"/>
			<id id="86"/>
			<id id="87"/>
			<id id="88"/>
			<id id="89"/>
			<id id="90"/>
			<id id="91"/>
			<id id="92"/>
			<id id="93"/>
			<id id="94"/>
			<id id="95"/>
			<id id="96"/>
			<id id="97"/>
			<id id="98"/>
			<id id="99"/>
			<id id="100">
				<origin>宿屋で話を聞け！\f801\\ffff\</origin>
				<translate>宿屋で話を聞け！\f801\\ffff\</translate>
			</id>
			<id id="101"/>
			<id id="102"/>
			<id id="103">
				<origin>\f804\\0500\金剛獣ノ岩窟\f804\\0000\で\f801\\f804\\0500\大きなヨウガンジュウ\f804\\0000\を探せ！\f801\\ffff\</origin>
				<translate>\f804\\0500\金剛獣ノ岩窟\f804\\0000\で\f801\\f804\\0500\大きなヨウガンジュウ\f804\\0000\を探せ！\f801\\ffff\</translate>
			</id>
			<id id="104"/>
			<id id="105"/>
			<id id="106"/>
			<id id="107"/>
			<id id="108"/>
			<id id="109"/>
			<id id="110"/>
			<id id="111"/>
			<id id="112"/>
			<id id="113"/>
			<id id="114"/>
			<id id="115"/>
			<id id="116"/>
			<id id="117"/>
			<id id="118"/>
			<id id="119"/>
			<id id="120"/>
			<id id="121"/>
			<id id="122"/>
			<id id="123"/>
			<id id="124"/>
			<id id="125"/>
			<id id="126"/>
			<id id="127"/>
			<id id="128"/>
			<id id="129"/>
			<id id="130"/>
			<id id="131"/>
			<id id="132"/>
			<id id="133"/>
			<id id="134"/>
			<id id="135"/>
			<id id="136"/>
			<id id="137"/>
			<id id="138"/>
			<id id="139"/>
			<id id="140"/>
			<id id="141"/>
			<id id="142"/>
			<id id="143"/>
			<id id="144"/>
			<id id="145"/>
			<id id="146"/>
			<id id="147"/>
			<id id="148"/>
			<id id="149"/>
			<id id="150">
				<origin>\f859\\0100\\f81b\\565f\\4348\\4152\\5f31\\3031\\2f45\\5645\\4e54\\2f68\\6f74\\5f32\\3130\\0000\おー、\f840\。\f801\受けてくれると信じてたぞ。\f801\\f802\前にマーリンさんのために\f801\熾火石を集めてもらったな？\f801\あれがまた欲しいんだ。\f801\\f802\\f81b\\565f\\4348\\4152\\5f31\\3031\\2f45\\5645\\4e54\\2f68\\6f74\\5f32\\3039\\0000\宿に来た冒険者がいってたんだけど\f801\\f804\\0500\金剛獣ノ岩窟\f804\\0000\の\f804\\0500\地下１階\f804\\0000\で普通よりも\f801\\f804\\0500\大きなヨウガンジュウ\f804\\0000\が出たんだって。\f801\\f802\そんな大きなヤツからなら\f801\熾火石も大きなモノがとれると思うんだ。\f801\\f802\そしたらマーリンさんと私で\f801\ポカポカ休めると思うんだよねー。\f801\\f802\という訳で\f840\。\f801\よろしく頼んだぞ！\f801\\ffff\</origin>
				<translate>\f859\\0100\\f81b\\565f\\4348\\4152\\5f31\\3031\\2f45\\5645\\4e54\\2f68\\6f74\\5f32\\3130\\0000\おー、\f840\。\f801\受けてくれると信じてたぞ。\f801\\f802\前にマーリンさんのために\f801\熾火石を集めてもらったな？\f801\あれがまた欲しいんだ。\f801\\f802\\f81b\\565f\\4348\\4152\\5f31\\3031\\2f45\\5645\\4e54\\2f68\\6f74\\5f32\\3039\\0000\宿に来た冒険者がいってたんだけど\f801\\f804\\0500\金剛獣ノ岩窟\f804\\0000\の\f804\\0500\地下１階\f804\\0000\で普通よりも\f801\\f804\\0500\大きなヨウガンジュウ\f804\\0000\が出たんだって。\f801\\f802\そんな大きなヤツからなら\f801\熾火石も大きなモノがとれると思うんだ。\f801\\f802\そしたらマーリンさんと私で\f801\ポカポカ休めると思うんだよねー。\f801\\f802\という訳で\f840\。\f801\よろしく頼んだぞ！\f801\\ffff\</translate>
			</id>
			<id id="151"/>
			<id id="152"/>
			<id id="153"/>
			<id id="154"/>
			<id id="155"/>
			<id id="156"/>
			<id id="157"/>
			<id id="158"/>
			<id id="159"/>
			<id id="160">
				<origin>\f859\\0100\\f81b\\565f\\4348\\4152\\5f31\\3031\\2f45\\5645\\4e54\\2f68\\6f74\\5f32\\3039\\0000\\f804\\0500\金剛獣ノ岩窟\f804\\0000\に\f801\\f804\\0500\大きなヨウガンジュウ\f804\\0000\出るんだってさ。\f801\よろしくー。\f801\\ffff\</origin>
				<translate>\f859\\0100\\f81b\\565f\\4348\\4152\\5f31\\3031\\2f45\\5645\\4e54\\2f68\\6f74\\5f32\\3039\\0000\\f804\\0500\金剛獣ノ岩窟\f804\\0000\に\f801\\f804\\0500\大きなヨウガンジュウ\f804\\0000\出るんだってさ。\f801\よろしくー。\f801\\ffff\</translate>
			</id>
			<id id="161"/>
			<id id="162"/>
			<id id="163"/>
			<id id="164"/>
			<id id="165"/>
			<id id="166"/>
			<id id="167"/>
			<id id="168"/>
			<id id="169"/>
			<id id="170">
				<origin>\f859\\0100\\f81b\\565f\\4348\\4152\\5f31\\3031\\2f45\\5645\\4e54\\2f68\\6f74\\5f32\\3131\\0000\お、手に入れたのかな？\f801\\ffff\</origin>
				<translate>\f859\\0100\\f81b\\565f\\4348\\4152\\5f31\\3031\\2f45\\5645\\4e54\\2f68\\6f74\\5f32\\3131\\0000\お、手に入れたのかな？\f801\\ffff\</translate>
			</id>
			<id id="171"/>
			<id id="172"/>
			<id id="173">
				<origin>\f804\\0500\どうしますか？\f804\\0000\\f801\巨大熾火石 を渡す\f801\巨大熾火石 を渡さない\f801\\ffff\</origin>
				<translate>\f804\\0500\どうしますか？\f804\\0000\\f801\巨大熾火石 を渡す\f801\巨大熾火石 を渡さない\f801\\ffff\</translate>
			</id>
			<id id="174"/>
			<id id="175">
				<origin>\f859\\0100\\f81b\\565f\\4348\\4152\\5f31\\3031\\2f45\\5645\\4e54\\2f68\\6f74\\5f32\\3130\\0000\おー！ さすがは\f840\！\f801\本当だ、前のよりでかいぞ！\f801\\f802\\f81b\\565f\\4348\\4152\\5f31\\3031\\2f45\\5645\\4e54\\2f68\\6f74\\5f32\\3036\\0000\へへーっ、これでマーリンさんと私\f801\二人とも温まれるぞ！\f801\\f802\それじゃあさっそくマーリンさんと\f801\お昼寝でもしようかな……。\f801\\f802\\f81b\\565f\\4348\\4152\\5f31\\3031\\2f45\\5645\\4e54\\2f68\\6f74\\5f32\\3232\\0000\…あ、みんなへのお礼は\f801\酒場に渡してあるからねー。\f801\\ffff\</origin>
				<translate>\f859\\0100\\f81b\\565f\\4348\\4152\\5f31\\3031\\2f45\\5645\\4e54\\2f68\\6f74\\5f32\\3130\\0000\おー！ さすがは\f840\！\f801\本当だ、前のよりでかいぞ！\f801\\f802\\f81b\\565f\\4348\\4152\\5f31\\3031\\2f45\\5645\\4e54\\2f68\\6f74\\5f32\\3036\\0000\へへーっ、これでマーリンさんと私\f801\二人とも温まれるぞ！\f801\\f802\それじゃあさっそくマーリンさんと\f801\お昼寝でもしようかな……。\f801\\f802\\f81b\\565f\\4348\\4152\\5f31\\3031\\2f45\\5645\\4e54\\2f68\\6f74\\5f32\\3232\\0000\…あ、みんなへのお礼は\f801\酒場に渡してあるからねー。\f801\\ffff\</translate>
			</id>
			<id id="176"/>
			<id id="177"/>
			<id id="178"/>
			<id id="179"/>
			<id id="180">
				<origin>\f859\\0100\\f81b\\565f\\4348\\4152\\5f31\\3031\\2f45\\5645\\4e54\\2f68\\6f74\\5f32\\3138\\0000\えーなんだよー。\f801\私がお願いした石じゃないのー？\f801\\ffff\</origin>
				<translate>\f859\\0100\\f81b\\565f\\4348\\4152\\5f31\\3031\\2f45\\5645\\4e54\\2f68\\6f74\\5f32\\3138\\0000\えーなんだよー。\f801\私がお願いした石じゃないのー？\f801\\ffff\</translate>
			</id>
			<id id="181"/>
			<id id="182"/>
			<id id="183"/>
			<id id="184"/>
			<id id="185"/>
			<id id="186"/>
			<id id="187"/>
			<id id="188"/>
			<id id="189"/>
			<id id="190"/>
			<id id="191"/>
			<id id="192"/>
			<id id="193"/>
			<id id="194"/>
			<id id="195"/>
			<id id="196"/>
			<id id="197"/>
			<id id="198"/>
			<id id="199"/>
			<id id="200">
				<origin>樹海に足を踏み入れた君たちは\f801\他の冒険者の一団に遭遇する。\f801\\f802\\f804\\0500\\f810\\0000\\f804\\0000\の\f804\\0500\\f810\\0100\\f804\\0000\と\f801\名乗る人物は、君たちを見て\f801\笑顔を浮かべる。\f801\\f802\その\f804\\0500\\f810\\0000\\f804\\0000\が言うには\f801\\f804\\0500\大きなヨウガンジュウ\f804\\0000\を\f801\西にある小部屋で見たという。\f801\\ffff\</origin>
				<translate>樹海に足を踏み入れた君たちは\f801\他の冒険者の一団に遭遇する。\f801\\f802\\f804\\0500\\f810\\0000\\f804\\0000\の\f804\\0500\\f810\\0100\\f804\\0000\と\f801\名乗る人物は、君たちを見て\f801\笑顔を浮かべる。\f801\\f802\その\f804\\0500\\f810\\0000\\f804\\0000\が言うには\f801\\f804\\0500\大きなヨウガンジュウ\f804\\0000\を\f801\西にある小部屋で見たという。\f801\\ffff\</translate>
			</id>
			<id id="201"/>
			<id id="202"/>
			<id id="203">
				<origin>樹海に足を踏み入れた君たちは\f801\一人の衛兵に遭遇する。\f801\\f802\その衛兵が言うには\f801\\f804\\0500\大きなヨウガンジュウ\f804\\0000\を\f801\西にある小部屋で見たという。\f801\\ffff\</origin>
				<translate>樹海に足を踏み入れた君たちは\f801\一人の衛兵に遭遇する。\f801\\f802\その衛兵が言うには\f801\\f804\\0500\大きなヨウガンジュウ\f804\\0000\を\f801\西にある小部屋で見たという。\f801\\ffff\</translate>
			</id>
			<id id="204"/>
			<id id="205"/>
			<id id="206">
				<origin>\f804\\0300\目的地が表示されました。\f804\\0000\\f801\\ffff\</origin>
				<translate>\f804\\0300\目的地が表示されました。\f804\\0000\\f801\\ffff\</translate>
			</id>
			<id id="207">
				<origin>もし洞窟を探索するつもりなら\f801\十分注意していくといいと\f801\\f804\\0500\\f810\\0100\\f804\\0000\は告げる。\f801\\ffff\</origin>
				<translate>もし洞窟を探索するつもりなら\f801\十分注意していくといいと\f801\\f804\\0500\\f810\\0100\\f804\\0000\は告げる。\f801\\ffff\</translate>
			</id>
			<id id="208">
				<origin>もし洞窟を探索するつもりなら\f801\十分注意していくといいと\f801\衛兵は告げる。\f801\\ffff\</origin>
				<translate>もし洞窟を探索するつもりなら\f801\十分注意していくといいと\f801\衛兵は告げる。\f801\\ffff\</translate>
			</id>
			<id id="209">
				<origin>貴重な情報に感謝しつつ\f801\君たちは先へ進むことにする。\f801\\ffff\</origin>
				<translate>貴重な情報に感謝しつつ\f801\君たちは先へ進むことにする。\f801\\ffff\</translate>
			</id>
			<id id="210"/>
			<id id="211"/>
			<id id="212"/>
			<id id="213"/>
			<id id="214"/>
			<id id="215"/>
			<id id="216"/>
			<id id="217"/>
			<id id="218"/>
			<id id="219"/>
			<id id="220"/>
			<id id="221"/>
			<id id="222"/>
			<id id="223"/>
			<id id="224"/>
			<id id="225"/>
			<id id="226"/>
			<id id="227"/>
			<id id="228"/>
			<id id="229"/>
			<id id="230"/>
			<id id="231"/>
			<id id="232"/>
			<id id="233"/>
			<id id="234"/>
			<id id="235"/>
			<id id="236"/>
			<id id="237"/>
			<id id="238"/>
			<id id="239"/>
			<id id="240"/>
			<id id="241"/>
			<id id="242"/>
			<id id="243"/>
			<id id="244"/>
			<id id="245"/>
			<id id="246"/>
			<id id="247"/>
			<id id="248"/>
			<id id="249"/>
			<id id="250">
				<origin>洞窟を進む君たちは、滴る汗を\f801\拭いながら道を進む。\f801\\f802\前に来た時も暑さを感じた洞窟だが\f801\今回はより激しい熱気を感じる。\f801\\ffff\</origin>
				<translate>洞窟を進む君たちは、滴る汗を\f801\拭いながら道を進む。\f801\\f802\前に来た時も暑さを感じた洞窟だが\f801\今回はより激しい熱気を感じる。\f801\\ffff\</translate>
			</id>
			<id id="251"/>
			<id id="252"/>
			<id id="253">
				<origin>そう思いながら歩を進めていると\f801\目の前の広場に、見た事のないサイズの\f801\ヨウガンジュウが現れる！\f801\\f802\これが目的の巨大な\f801\ヨウガンジュウに違いない！\f801\君たちは武器を手に挑みかかる！\f801\\ffff\</origin>
				<translate>そう思いながら歩を進めていると\f801\目の前の広場に、見た事のないサイズの\f801\ヨウガンジュウが現れる！\f801\\f802\これが目的の巨大な\f801\ヨウガンジュウに違いない！\f801\君たちは武器を手に挑みかかる！\f801\\ffff\</translate>
			</id>
			<id id="254"/>
			<id id="255"/>
			<id id="256"/>
			<id id="257"/>
			<id id="258"/>
			<id id="259"/>
			<id id="260"/>
			<id id="261"/>
			<id id="262"/>
			<id id="263"/>
			<id id="264"/>
			<id id="265"/>
			<id id="266"/>
			<id id="267"/>
			<id id="268"/>
			<id id="269"/>
			<id id="270"/>
			<id id="271"/>
			<id id="272"/>
			<id id="273"/>
			<id id="274"/>
			<id id="275"/>
			<id id="276"/>
			<id id="277"/>
			<id id="278"/>
			<id id="279"/>
			<id id="280">
				<origin>君たちの前で巨大な魔物は\f801\粉々に砕け散る。そしてその体から\f801\ひと際輝く石が転がり落ちる。\f801\\f802\熾火石の大きなものだ。\f801\これを持ちかえれば\f801\ヴィヴィアンも満足するだろう。\f801\\ffff\</origin>
				<translate>君たちの前で巨大な魔物は\f801\粉々に砕け散る。そしてその体から\f801\ひと際輝く石が転がり落ちる。\f801\\f802\熾火石の大きなものだ。\f801\これを持ちかえれば\f801\ヴィヴィアンも満足するだろう。\f801\\ffff\</translate>
			</id>
			<id id="281"/>
			<id id="282"/>
			<id id="283">
				<origin>君たちは巨大熾火石を仕舞い込むと\f801\街へと戻ることにする。\f801\\ffff\</origin>
				<translate>君たちは巨大熾火石を仕舞い込むと\f801\街へと戻ることにする。\f801\\ffff\</translate>
			</id>
			<id id="284"/>
			<id id="285"/>
			<id id="286"/>
			<id id="287"/>
			<id id="288"/>
			<id id="289"/>
			<id id="290"/>
			<id id="291"/>
			<id id="292"/>
			<id id="293"/>
			<id id="294"/>
			<id id="295"/>
			<id id="296"/>
			<id id="297"/>
			<id id="298"/>
			<id id="299"/>
			<id id="300">
				<origin>金剛獣ノ岩窟から脱出した君たちは\f801\岩窟の上空に出現した\f801\圧倒的な存在に気づく。\f801\\ffff\</origin>
				<translate>金剛獣ノ岩窟から脱出した君たちは\f801\岩窟の上空に出現した\f801\圧倒的な存在に気づく。\f801\\ffff\</translate>
			</id>
			<id id="301"/>
			<id id="302"/>
			<id id="303">
				<origin>不気味な三つ首、槍の様な角、\f801\黄色く虚ろな瞳と巨大な蒼い輝き。\f801\伝説の蒼き竜だ！\f801\\f802\１２の瞳が表情なく君たちを射抜き\f801\竜は君たちを嘲笑うかのように\f801\三つ首をもたげて吼える！\f801\\f802\甲高い悲鳴の様な、不快な咆哮。\f801\君たちが思わず耳を押さえている間に\f801\竜は空へと舞い上がってしまう！\f801\\f802\今の恐るべき竜の存在を\f801\無視してはいけないだろう。\f801\\f802\君たちはマギニアに戻り\f801\報告する義務がある。\f801\\ffff\</origin>
				<translate>不気味な三つ首、槍の様な角、\f801\黄色く虚ろな瞳と巨大な蒼い輝き。\f801\伝説の蒼き竜だ！\f801\\f802\１２の瞳が表情なく君たちを射抜き\f801\竜は君たちを嘲笑うかのように\f801\三つ首をもたげて吼える！\f801\\f802\甲高い悲鳴の様な、不快な咆哮。\f801\君たちが思わず耳を押さえている間に\f801\竜は空へと舞い上がってしまう！\f801\\f802\今の恐るべき竜の存在を\f801\無視してはいけないだろう。\f801\\f802\君たちはマギニアに戻り\f801\報告する義務がある。\f801\\ffff\</translate>
			</id>
		</body>
	</mbm>
