<?xml version="1.0" encoding="UTF-8"?>
	<mbm>
		<head>000000004d53473200000100</head>
		<size>94110000</size>
		<number>65000000</number>
		<j>200000000000000000000000</j>
		<body>
			<id id="0">
				<origin>\f859\\0300\\f81b\\565f\\4348\\4152\\5f31\\3032\\2f45\\5645\\4e54\\2f62\\6172\\5f32\\3231\\0000\その依頼受けるんだね。\f801\えーと依頼人は…と。\f801\ネイピアちゃんだね。\f801\\ffff\</origin>
				<translate>\f859\\0300\\f81b\\565f\\4348\\4152\\5f31\\3032\\2f45\\5645\\4e54\\2f62\\6172\\5f32\\3231\\0000\その依頼受けるんだね。\f801\えーと依頼人は…と。\f801\ネイピアちゃんだね。\f801\\ffff\</translate>
			</id>
			<id id="1">
				<origin>\f859\\0300\\f81b\\565f\\4348\\4152\\5f31\\3032\\2f45\\5645\\4e54\\2f62\\6172\\5f32\\3137\\0000\いつものようにネイピア商会に行って\f801\本人から話を聞いてみてくれるかな？\f801\ついでに僕の愛も届けておいて！\f801\\ffff\</origin>
				<translate>\f859\\0300\\f81b\\565f\\4348\\4152\\5f31\\3032\\2f45\\5645\\4e54\\2f62\\6172\\5f32\\3137\\0000\いつものようにネイピア商会に行って\f801\本人から話を聞いてみてくれるかな？\f801\ついでに僕の愛も届けておいて！\f801\\ffff\</translate>
			</id>
			<id id="2"/>
			<id id="3"/>
			<id id="4"/>
			<id id="5">
				<origin>\f859\\0300\\f81b\\565f\\4348\\4152\\5f31\\3032\\2f45\\5645\\4e54\\2f62\\6172\\5f32\\3236\\0000\お疲れお疲れ～。\f801\ネイピアちゃんにはちゃんと僕の愛を\f801\届けてくれた？\f801\\ffff\</origin>
				<translate>\f859\\0300\\f81b\\565f\\4348\\4152\\5f31\\3032\\2f45\\5645\\4e54\\2f62\\6172\\5f32\\3236\\0000\お疲れお疲れ～。\f801\ネイピアちゃんにはちゃんと僕の愛を\f801\届けてくれた？\f801\\ffff\</translate>
			</id>
			<id id="6">
				<origin>\f859\\0300\\f81b\\565f\\4348\\4152\\5f31\\3032\\2f45\\5645\\4e54\\2f62\\6172\\5f32\\3332\\0000\え、届けてくれなかったの？\f801\あーあ……。\f801\\ffff\</origin>
				<translate>\f859\\0300\\f81b\\565f\\4348\\4152\\5f31\\3032\\2f45\\5645\\4e54\\2f62\\6172\\5f32\\3332\\0000\え、届けてくれなかったの？\f801\あーあ……。\f801\\ffff\</translate>
			</id>
			<id id="7">
				<origin>\f859\\0300\冗談はさておき、\f801\ネイピアちゃんからの依頼はどうだった？\f801\\f802\\f81b\\565f\\4348\\4152\\5f31\\3032\\2f45\\5645\\4e54\\2f62\\6172\\5f32\\3031\\0000\冒険者とお店の人間の関係性？\f801\そんなこと言ってたんだ。\f801\なーるほどねぇ。\f801\\ffff\</origin>
				<translate>\f859\\0300\冗談はさておき、\f801\ネイピアちゃんからの依頼はどうだった？\f801\\f802\\f81b\\565f\\4348\\4152\\5f31\\3032\\2f45\\5645\\4e54\\2f62\\6172\\5f32\\3031\\0000\冒険者とお店の人間の関係性？\f801\そんなこと言ってたんだ。\f801\なーるほどねぇ。\f801\\ffff\</translate>
			</id>
			<id id="8">
				<origin>\f859\\0300\すっかり気に入ってもらえたんだね。\f801\ちょっとうらやましいなぁ。\f801\\f802\あんな可愛子ちゃんとキャっキャうふふと\f801\戯れられるんだからさ。\f801\\ffff\</origin>
				<translate>\f859\\0300\すっかり気に入ってもらえたんだね。\f801\ちょっとうらやましいなぁ。\f801\\f802\あんな可愛子ちゃんとキャっキャうふふと\f801\戯れられるんだからさ。\f801\\ffff\</translate>
			</id>
			<id id="9">
				<origin>\f859\\0300\\f81b\\565f\\4348\\4152\\5f31\\3032\\2f45\\5645\\4e54\\2f62\\6172\\5f32\\3136\\0000\次に依頼があったら僕もついていこうかな？\f801\だーはっはっはっ！\f801\……いいね、それ。\f801\\ffff\</origin>
				<translate>\f859\\0300\\f81b\\565f\\4348\\4152\\5f31\\3032\\2f45\\5645\\4e54\\2f62\\6172\\5f32\\3136\\0000\次に依頼があったら僕もついていこうかな？\f801\だーはっはっはっ！\f801\……いいね、それ。\f801\\ffff\</translate>
			</id>
			<id id="10">
				<origin>\f859\\0300\さあ、これが今回の報酬だよ。\f801\うちの店ともこれからもよろしくね。\f801\\ffff\</origin>
				<translate>\f859\\0300\さあ、これが今回の報酬だよ。\f801\うちの店ともこれからもよろしくね。\f801\\ffff\</translate>
			</id>
			<id id="11">
				<origin>\f859\\0200\\f81b\\565f\\4348\\4152\\5f31\\3034\\2f45\\5645\\4e54\\2f73\\6870\\5f32\\3033\\0000\お主らか、その様子だと我の依頼を\f801\受けてきたようじゃの。感謝するぞ。\f801\\f802\依頼の内容についてじゃが至ってシンプル。\f801\\f804\\0500\バトルブーツ\f804\\0000\という装備を作るための素材を\f801\店に売って欲しいわけじゃな。\f801\\f802\材料となる素材は２つあって、\f801\そのどちらも\f804\\0500\古跡ノ樹海\f804\\0000\で\f801\手に入れられるものじゃ。\f801\\f802\\f81b\\565f\\4348\\4152\\5f31\\3034\\2f45\\5645\\4e54\\2f73\\6870\\5f32\\3135\\0000\まず\f804\\0500\かたい根っこ\f804\\0000\。\f801\これは\f804\\0500\伐採\f804\\0000\をすればよい。\f801\\f802\そしてもうひとつの\f804\\0500\柔らかい皮\f804\\0000\。\f801\こちらは\f804\\0500\ひっかきモグラ\f804\\0000\からとれるもの故\f801\一戦交える必要があるじゃろう。\f801\\f802\まあ、お主らからすれば、どちらの入手も\f801\容易のはずじゃ。見つけたら持ち帰って\f801\店で売ってくれればそれでよい。\f801\\f802\\f81b\\565f\\4348\\4152\\5f31\\3034\\2f45\\5645\\4e54\\2f73\\6870\\5f32\\3231\\0000\さあ、説明は終わりじゃ。\f801\今すぐに樹海へ行き、\f801\仕事をしてくるんじゃな。\f801\\ffff\</origin>
				<translate>\f859\\0200\\f81b\\565f\\4348\\4152\\5f31\\3034\\2f45\\5645\\4e54\\2f73\\6870\\5f32\\3033\\0000\お主らか、その様子だと我の依頼を\f801\受けてきたようじゃの。感謝するぞ。\f801\\f802\依頼の内容についてじゃが至ってシンプル。\f801\\f804\\0500\バトルブーツ\f804\\0000\という装備を作るための素材を\f801\店に売って欲しいわけじゃな。\f801\\f802\材料となる素材は２つあって、\f801\そのどちらも\f804\\0500\古跡ノ樹海\f804\\0000\で\f801\手に入れられるものじゃ。\f801\\f802\\f81b\\565f\\4348\\4152\\5f31\\3034\\2f45\\5645\\4e54\\2f73\\6870\\5f32\\3135\\0000\まず\f804\\0500\かたい根っこ\f804\\0000\。\f801\これは\f804\\0500\伐採\f804\\0000\をすればよい。\f801\\f802\そしてもうひとつの\f804\\0500\柔らかい皮\f804\\0000\。\f801\こちらは\f804\\0500\ひっかきモグラ\f804\\0000\からとれるもの故\f801\一戦交える必要があるじゃろう。\f801\\f802\まあ、お主らからすれば、どちらの入手も\f801\容易のはずじゃ。見つけたら持ち帰って\f801\店で売ってくれればそれでよい。\f801\\f802\\f81b\\565f\\4348\\4152\\5f31\\3034\\2f45\\5645\\4e54\\2f73\\6870\\5f32\\3231\\0000\さあ、説明は終わりじゃ。\f801\今すぐに樹海へ行き、\f801\仕事をしてくるんじゃな。\f801\\ffff\</translate>
			</id>
			<id id="12"/>
			<id id="13"/>
			<id id="14"/>
			<id id="15"/>
			<id id="16"/>
			<id id="17"/>
			<id id="18"/>
			<id id="19"/>
			<id id="20">
				<origin>\f859\\0200\\f81b\\565f\\4348\\4152\\5f31\\3034\\2f45\\5645\\4e54\\2f73\\6870\\5f32\\3035\\0000\ちょっといいかえ、お主ら。\f801\\f802\皆が持ってきてくれた素材のおかげで\f801\無事バトルブーツの販売が始められたぞ。\f801\\ffff\</origin>
				<translate>\f859\\0200\\f81b\\565f\\4348\\4152\\5f31\\3034\\2f45\\5645\\4e54\\2f73\\6870\\5f32\\3035\\0000\ちょっといいかえ、お主ら。\f801\\f802\皆が持ってきてくれた素材のおかげで\f801\無事バトルブーツの販売が始められたぞ。\f801\\ffff\</translate>
			</id>
			<id id="21">
				<origin>\f859\\0200\\f81b\\565f\\4348\\4152\\5f31\\3034\\2f45\\5645\\4e54\\2f73\\6870\\5f32\\3032\\0000\冒険者たるもの履物も、より優れたものを\f801\使うのをオススメするぞ。というわけで\f801\手に取り、買っていくがよいぞ。\f801\\f802\もちろん他の装備にも手を伸ばすのを\f801\忘れんようにな？\f801\\ffff\</origin>
				<translate>\f859\\0200\\f81b\\565f\\4348\\4152\\5f31\\3034\\2f45\\5645\\4e54\\2f73\\6870\\5f32\\3032\\0000\冒険者たるもの履物も、より優れたものを\f801\使うのをオススメするぞ。というわけで\f801\手に取り、買っていくがよいぞ。\f801\\f802\もちろん他の装備にも手を伸ばすのを\f801\忘れんようにな？\f801\\ffff\</translate>
			</id>
			<id id="22">
				<origin>\f859\\0200\さて、駄賃はいつものように酒場の店主殿に\f801\預けてあるから、受け取るとよい。\f801\\f802\\f81b\\565f\\4348\\4152\\5f31\\3034\\2f45\\5645\\4e54\\2f73\\6870\\5f32\\3036\\0000\ふむ、これじゃこれ。\f801\このいつものやり取り。これが本来の\f801\我とお主らのすべきやり取りじゃ。\f801\\f802\ちょっと前はぽんぽこ丸のことで\f801\世話になったが、冒険者と店の関係は\f801\このようにビジネスライクで行くべき。\f801\\f802\\f81b\\565f\\4348\\4152\\5f31\\3034\\2f45\\5645\\4e54\\2f73\\6870\\5f32\\3135\\0000\うんむ、確認ができて我は満足じゃ。\f801\\f802\\f81b\\565f\\4348\\4152\\5f31\\3034\\2f45\\5645\\4e54\\2f73\\6870\\5f32\\3036\\0000\とは言ったが、無論我に対して特別な\f801\感情を持ってくれても構わぬぞ？\f801\ちゃんとゼニに表してくれるならじゃが。\f801\\f802\\f81b\\565f\\4348\\4152\\5f31\\3034\\2f53\\5953\\5445\\4d2f\\4558\\4954\\315f\\4e4f\\524d\\414c\\2f73\\6870\\5f30\\3231\\0000\さ、話は終いじゃ。\f801\また何かあったらこれからも\f801\よろしく頼むぞ？\f801\\ffff\</origin>
				<translate>\f859\\0200\さて、駄賃はいつものように酒場の店主殿に\f801\預けてあるから、受け取るとよい。\f801\\f802\\f81b\\565f\\4348\\4152\\5f31\\3034\\2f45\\5645\\4e54\\2f73\\6870\\5f32\\3036\\0000\ふむ、これじゃこれ。\f801\このいつものやり取り。これが本来の\f801\我とお主らのすべきやり取りじゃ。\f801\\f802\ちょっと前はぽんぽこ丸のことで\f801\世話になったが、冒険者と店の関係は\f801\このようにビジネスライクで行くべき。\f801\\f802\\f81b\\565f\\4348\\4152\\5f31\\3034\\2f45\\5645\\4e54\\2f73\\6870\\5f32\\3135\\0000\うんむ、確認ができて我は満足じゃ。\f801\\f802\\f81b\\565f\\4348\\4152\\5f31\\3034\\2f45\\5645\\4e54\\2f73\\6870\\5f32\\3036\\0000\とは言ったが、無論我に対して特別な\f801\感情を持ってくれても構わぬぞ？\f801\ちゃんとゼニに表してくれるならじゃが。\f801\\f802\\f81b\\565f\\4348\\4152\\5f31\\3034\\2f53\\5953\\5445\\4d2f\\4558\\4954\\315f\\4e4f\\524d\\414c\\2f73\\6870\\5f30\\3231\\0000\さ、話は終いじゃ。\f801\また何かあったらこれからも\f801\よろしく頼むぞ？\f801\\ffff\</translate>
			</id>
			<id id="23"/>
			<id id="24"/>
			<id id="25"/>
			<id id="26"/>
			<id id="27"/>
			<id id="28"/>
			<id id="29"/>
			<id id="30">
				<origin>\f859\\0200\\f81b\\565f\\4348\\4152\\5f31\\3034\\2f45\\5645\\4e54\\2f73\\6870\\5f32\\3034\\0000\お主たちか。\f801\此度は何の用かや？\f801\…ん？ …依頼の件？\f801\\ffff\</origin>
				<translate>\f859\\0200\\f81b\\565f\\4348\\4152\\5f31\\3034\\2f45\\5645\\4e54\\2f73\\6870\\5f32\\3034\\0000\お主たちか。\f801\此度は何の用かや？\f801\…ん？ …依頼の件？\f801\\ffff\</translate>
			</id>
			<id id="31">
				<origin>\f859\\0200\\f81b\\565f\\4348\\4152\\5f31\\3034\\2f45\\5645\\4e54\\2f73\\6870\\5f32\\3230\\0000\あー…、そういえば既に\f801\バトルブーツの素材は揃っておるな。\f801\\f802\迂闊であったが、仕方あるまい。\f801\報酬は払うとしよう。そういう依頼を\f801\したのは我なのじゃからな。\f801\\ffff\</origin>
				<translate>\f859\\0200\\f81b\\565f\\4348\\4152\\5f31\\3034\\2f45\\5645\\4e54\\2f73\\6870\\5f32\\3230\\0000\あー…、そういえば既に\f801\バトルブーツの素材は揃っておるな。\f801\\f802\迂闊であったが、仕方あるまい。\f801\報酬は払うとしよう。そういう依頼を\f801\したのは我なのじゃからな。\f801\\ffff\</translate>
			</id>
			<id id="32">
				<origin>\f859\\0200\\f81b\\565f\\4348\\4152\\5f31\\3034\\2f45\\5645\\4e54\\2f73\\6870\\5f32\\3131\\0000\駄賃はいつものように酒場の店主殿に\f801\預けてあるから、受け取るとよい。\f801\\f802\\f81b\\565f\\4348\\4152\\5f31\\3034\\2f45\\5645\\4e54\\2f73\\6870\\5f32\\3036\\0000\ふむ、これじゃこれ。\f801\このいつものやり取り。これが本来の\f801\我とお主らのすべきやり取りじゃ。\f801\\f802\ちょっと前はぽんぽこ丸のことで\f801\世話になったが、冒険者と店の関係は\f801\このようにビジネスライクで行くべき。\f801\\f802\\f81b\\565f\\4348\\4152\\5f31\\3034\\2f45\\5645\\4e54\\2f73\\6870\\5f32\\3135\\0000\うんむ、確認ができて我は満足じゃ。\f801\\f802\\f81b\\565f\\4348\\4152\\5f31\\3034\\2f45\\5645\\4e54\\2f73\\6870\\5f32\\3036\\0000\とは言ったが、無論我に対して特別な\f801\感情を持ってくれても構わぬぞ？\f801\ちゃんとゼニに表してくれるならじゃが。\f801\\f802\\f81b\\565f\\4348\\4152\\5f31\\3034\\2f53\\5953\\5445\\4d2f\\4558\\4954\\315f\\4e4f\\524d\\414c\\2f73\\6870\\5f30\\3231\\0000\さ、話は終いじゃ。\f801\また何かあったらこれからも\f801\よろしく頼むぞ？\f801\\ffff\</origin>
				<translate>\f859\\0200\\f81b\\565f\\4348\\4152\\5f31\\3034\\2f45\\5645\\4e54\\2f73\\6870\\5f32\\3131\\0000\駄賃はいつものように酒場の店主殿に\f801\預けてあるから、受け取るとよい。\f801\\f802\\f81b\\565f\\4348\\4152\\5f31\\3034\\2f45\\5645\\4e54\\2f73\\6870\\5f32\\3036\\0000\ふむ、これじゃこれ。\f801\このいつものやり取り。これが本来の\f801\我とお主らのすべきやり取りじゃ。\f801\\f802\ちょっと前はぽんぽこ丸のことで\f801\世話になったが、冒険者と店の関係は\f801\このようにビジネスライクで行くべき。\f801\\f802\\f81b\\565f\\4348\\4152\\5f31\\3034\\2f45\\5645\\4e54\\2f73\\6870\\5f32\\3135\\0000\うんむ、確認ができて我は満足じゃ。\f801\\f802\\f81b\\565f\\4348\\4152\\5f31\\3034\\2f45\\5645\\4e54\\2f73\\6870\\5f32\\3036\\0000\とは言ったが、無論我に対して特別な\f801\感情を持ってくれても構わぬぞ？\f801\ちゃんとゼニに表してくれるならじゃが。\f801\\f802\\f81b\\565f\\4348\\4152\\5f31\\3034\\2f53\\5953\\5445\\4d2f\\4558\\4954\\315f\\4e4f\\524d\\414c\\2f73\\6870\\5f30\\3231\\0000\さ、話は終いじゃ。\f801\また何かあったらこれからも\f801\よろしく頼むぞ？\f801\\ffff\</translate>
			</id>
			<id id="33"/>
			<id id="34"/>
			<id id="35"/>
			<id id="36"/>
			<id id="37"/>
			<id id="38"/>
			<id id="39"/>
			<id id="40">
				<origin>\f859\\0200\\f81b\\565f\\4348\\4152\\5f31\\3034\\2f45\\5645\\4e54\\2f73\\6870\\5f32\\3034\\0000\む？ 依頼に必要な素材の確認かえ？\f801\\f802\材料となる素材は２つあって、\f801\そのどちらも\f804\\0500\古跡ノ樹海\f804\\0000\で\f801\手に入れられるものじゃ。\f801\\f802\\f81b\\565f\\4348\\4152\\5f31\\3034\\2f45\\5645\\4e54\\2f73\\6870\\5f32\\3135\\0000\まず\f804\\0500\かたい根っこ\f804\\0000\。\f801\これは\f804\\0500\伐採\f804\\0000\をすればよい。\f801\\f802\そしてもうひとつの\f804\\0500\柔らかい皮\f804\\0000\。\f801\こちらは\f804\\0500\ひっかきモグラ\f804\\0000\からとれるもの故\f801\一戦交える必要があるじゃろう。\f801\\f802\\f81b\\565f\\4348\\4152\\5f31\\3034\\2f45\\5645\\4e54\\2f73\\6870\\5f32\\3231\\0000\説明は以上じゃ。\f801\よろしく頼むぞ？\f801\\ffff\</origin>
				<translate>\f859\\0200\\f81b\\565f\\4348\\4152\\5f31\\3034\\2f45\\5645\\4e54\\2f73\\6870\\5f32\\3034\\0000\む？ 依頼に必要な素材の確認かえ？\f801\\f802\材料となる素材は２つあって、\f801\そのどちらも\f804\\0500\古跡ノ樹海\f804\\0000\で\f801\手に入れられるものじゃ。\f801\\f802\\f81b\\565f\\4348\\4152\\5f31\\3034\\2f45\\5645\\4e54\\2f73\\6870\\5f32\\3135\\0000\まず\f804\\0500\かたい根っこ\f804\\0000\。\f801\これは\f804\\0500\伐採\f804\\0000\をすればよい。\f801\\f802\そしてもうひとつの\f804\\0500\柔らかい皮\f804\\0000\。\f801\こちらは\f804\\0500\ひっかきモグラ\f804\\0000\からとれるもの故\f801\一戦交える必要があるじゃろう。\f801\\f802\\f81b\\565f\\4348\\4152\\5f31\\3034\\2f45\\5645\\4e54\\2f73\\6870\\5f32\\3231\\0000\説明は以上じゃ。\f801\よろしく頼むぞ？\f801\\ffff\</translate>
			</id>
			<id id="41"/>
			<id id="42"/>
			<id id="43"/>
			<id id="44"/>
			<id id="45"/>
			<id id="46"/>
			<id id="47"/>
			<id id="48"/>
			<id id="49"/>
			<id id="50"/>
			<id id="51"/>
			<id id="52"/>
			<id id="53"/>
			<id id="54"/>
			<id id="55"/>
			<id id="56"/>
			<id id="57"/>
			<id id="58"/>
			<id id="59"/>
			<id id="60"/>
			<id id="61"/>
			<id id="62"/>
			<id id="63"/>
			<id id="64"/>
			<id id="65"/>
			<id id="66"/>
			<id id="67"/>
			<id id="68"/>
			<id id="69"/>
			<id id="70"/>
			<id id="71"/>
			<id id="72"/>
			<id id="73"/>
			<id id="74"/>
			<id id="75"/>
			<id id="76"/>
			<id id="77"/>
			<id id="78"/>
			<id id="79"/>
			<id id="80"/>
			<id id="81"/>
			<id id="82"/>
			<id id="83"/>
			<id id="84"/>
			<id id="85"/>
			<id id="86"/>
			<id id="87"/>
			<id id="88"/>
			<id id="89"/>
			<id id="90"/>
			<id id="91"/>
			<id id="92"/>
			<id id="93"/>
			<id id="94"/>
			<id id="95"/>
			<id id="96"/>
			<id id="97"/>
			<id id="98"/>
			<id id="99"/>
			<id id="100">
				<origin>ネイピア商会で話を聞け！\f801\\ffff\</origin>
				<translate>ネイピア商会で話を聞け！\f801\\ffff\</translate>
			</id>
			<id id="101">
				<origin>\f804\\0500\古跡ノ樹海\f804\\0000\で\f804\\0500\伐採\f804\\0000\できる\f804\\0500\かたい根っこ\f804\\0000\と\f801\\f804\\0500\ひっかきモグラ\f804\\0000\からとれる\f804\\0500\柔らかい皮\f804\\0000\を\f801\\f804\\0500\ネイピア商会で売却\f804\\0000\しろ！\f801\\ffff\</origin>
				<translate>\f804\\0500\古跡ノ樹海\f804\\0000\で\f804\\0500\伐採\f804\\0000\できる\f804\\0500\かたい根っこ\f804\\0000\と\f801\\f804\\0500\ひっかきモグラ\f804\\0000\からとれる\f804\\0500\柔らかい皮\f804\\0000\を\f801\\f804\\0500\ネイピア商会で売却\f804\\0000\しろ！\f801\\ffff\</translate>
			</id>
		</body>
	</mbm>
