<?xml version="1.0" encoding="UTF-8"?>
	<mbm>
		<head>000000004d53473200000100</head>
		<size>da0e0000</size>
		<number>c8000000</number>
		<j>200000000000000000000000</j>
		<body>
			<id id="0">
				<origin>\f859\\0300\\f81b\\565f\\4348\\4152\\5f31\\3032\\2f45\\5645\\4e54\\2f62\\6172\\5f32\\3231\\0000\えーっと、その依頼は…と。\f801\マギニアのある工房からの依頼だね。\f801\\ffff\</origin>
				<translate>\f859\\0300\\f81b\\565f\\4348\\4152\\5f31\\3032\\2f45\\5645\\4e54\\2f62\\6172\\5f32\\3231\\0000\えーっと、その依頼は…と。\f801\マギニアのある工房からの依頼だね。\f801\\ffff\</translate>
			</id>
			<id id="1">
				<origin>\f859\\0300\その工房の主な仕事は面白いんだよ？\f801\なんと食品サンプルを作ってる工房なのさ。\f801\\f802\レストランとかが表のショーケースに\f801\こんな料理あるよーって見せるための\f801\あれね。\f801\\f802\あれ、よく出来てるよね～！\f801\もう、本物そっくり！\f801\\f802\\f81b\\565f\\4348\\4152\\5f31\\3032\\2f45\\5645\\4e54\\2f62\\6172\\5f32\\3132\\0000\今度僕にそっくりな奴も\f801\作ってもらおうかな？\f801\そうしたらお店サボれるよね？\f801\\ffff\</origin>
				<translate>\f859\\0300\その工房の主な仕事は面白いんだよ？\f801\なんと食品サンプルを作ってる工房なのさ。\f801\\f802\レストランとかが表のショーケースに\f801\こんな料理あるよーって見せるための\f801\あれね。\f801\\f802\あれ、よく出来てるよね～！\f801\もう、本物そっくり！\f801\\f802\\f81b\\565f\\4348\\4152\\5f31\\3032\\2f45\\5645\\4e54\\2f62\\6172\\5f32\\3132\\0000\今度僕にそっくりな奴も\f801\作ってもらおうかな？\f801\そうしたらお店サボれるよね？\f801\\ffff\</translate>
			</id>
			<id id="2">
				<origin>\f859\\0300\……え、ダメ？\f801\じゃ、君のそっくりさんを作って貰って、\f801\この店の用心棒に置いておこうか？\f801\\ffff\</origin>
				<translate>\f859\\0300\……え、ダメ？\f801\じゃ、君のそっくりさんを作って貰って、\f801\この店の用心棒に置いておこうか？\f801\\ffff\</translate>
			</id>
			<id id="3">
				<origin>\f859\\0300\\f81b\\565f\\4348\\4152\\5f31\\3032\\2f45\\5645\\4e54\\2f62\\6172\\5f32\\3030\\0000\話を戻すとね、その工房の依頼ってのが\f801\最近見つかった\f804\\0500\葡萄石\f804\\0000\ってのを\f801\納品して欲しいってものなわけ。\f801\\f802\その名の通り葡萄そっくりな見た目を\f801\してるから、それを使ってフルーツパフェの\f801\サンプルを作りたいって話さ。\f801\\f802\最低でも\f804\\0500\２個\f804\\0000\は欲しくて、最大で\f804\\0500\６個\f804\\0000\まで\f801\引き取る準備ができてるって話もあるから\f801\報酬がっぽり欲しいなら頑張ってね。\f801\\f802\\f81b\\565f\\4348\\4152\\5f31\\3032\\2f53\\5953\\5445\\4d2f\\4558\\4954\\325f\\4e4f\\524d\\414c\\2f62\\6172\\5f30\\3231\\0000\おっと肝心の\f804\\0500\葡萄石\f804\\0000\は\f804\\0500\桜ノ立橋\f804\\0000\で\f801\\f804\\0500\採掘\f804\\0000\すれば入手できるらしいから、現地で\f801\カンカンとやってきてちょうだいね。\f801\\ffff\</origin>
				<translate>\f859\\0300\\f81b\\565f\\4348\\4152\\5f31\\3032\\2f45\\5645\\4e54\\2f62\\6172\\5f32\\3030\\0000\話を戻すとね、その工房の依頼ってのが\f801\最近見つかった\f804\\0500\葡萄石\f804\\0000\ってのを\f801\納品して欲しいってものなわけ。\f801\\f802\その名の通り葡萄そっくりな見た目を\f801\してるから、それを使ってフルーツパフェの\f801\サンプルを作りたいって話さ。\f801\\f802\最低でも\f804\\0500\２個\f804\\0000\は欲しくて、最大で\f804\\0500\６個\f804\\0000\まで\f801\引き取る準備ができてるって話もあるから\f801\報酬がっぽり欲しいなら頑張ってね。\f801\\f802\\f81b\\565f\\4348\\4152\\5f31\\3032\\2f53\\5953\\5445\\4d2f\\4558\\4954\\325f\\4e4f\\524d\\414c\\2f62\\6172\\5f30\\3231\\0000\おっと肝心の\f804\\0500\葡萄石\f804\\0000\は\f804\\0500\桜ノ立橋\f804\\0000\で\f801\\f804\\0500\採掘\f804\\0000\すれば入手できるらしいから、現地で\f801\カンカンとやってきてちょうだいね。\f801\\ffff\</translate>
			</id>
			<id id="4"/>
			<id id="5"/>
			<id id="6"/>
			<id id="7"/>
			<id id="8"/>
			<id id="9"/>
			<id id="10"/>
			<id id="11">
				<origin>\f859\\0300\さてさて、持ってきた数は\f804\\0500\\f810\\0000\つ\f804\\0000\か。\f801\フルーツパフェの盛り具合的には\f801\ちょっと寂しいかも？\f801\\f802\まあ、他のフルーツも乗っかるだろうから\f801\別に大丈夫かな？\f801\\f802\\f81b\\565f\\4348\\4152\\5f31\\3032\\2f45\\5645\\4e54\\2f62\\6172\\5f32\\3337\\0000\ほいじゃま、これが今回の報酬。\f801\ありがとね～。\f801\\ffff\</origin>
				<translate>\f859\\0300\さてさて、持ってきた数は\f804\\0500\\f810\\0000\つ\f804\\0000\か。\f801\フルーツパフェの盛り具合的には\f801\ちょっと寂しいかも？\f801\\f802\まあ、他のフルーツも乗っかるだろうから\f801\別に大丈夫かな？\f801\\f802\\f81b\\565f\\4348\\4152\\5f31\\3032\\2f45\\5645\\4e54\\2f62\\6172\\5f32\\3337\\0000\ほいじゃま、これが今回の報酬。\f801\ありがとね～。\f801\\ffff\</translate>
			</id>
			<id id="12">
				<origin>\f859\\0300\さてさて、持ってきた数は\f804\\0500\\f810\\0000\つ\f804\\0000\か。\f801\割といい感じにフルーツパフェを\f801\彩れるんじゃあない？\f801\\f802\そんなこと言ってたら、なんか僕も\f801\甘いもの食べたくなってきたなぁ。\f801\\ffff\</origin>
				<translate>\f859\\0300\さてさて、持ってきた数は\f804\\0500\\f810\\0000\つ\f804\\0000\か。\f801\割といい感じにフルーツパフェを\f801\彩れるんじゃあない？\f801\\f802\そんなこと言ってたら、なんか僕も\f801\甘いもの食べたくなってきたなぁ。\f801\\ffff\</translate>
			</id>
			<id id="13">
				<origin>\f859\\0300\\f81b\\565f\\4348\\4152\\5f31\\3032\\2f45\\5645\\4e54\\2f62\\6172\\5f32\\3336\\0000\よし、さっさと報酬渡そう！\f801\そして僕は厨房からなんか持ってきて\f801\食べる！ というわけで報酬ね。\f801\\ffff\</origin>
				<translate>\f859\\0300\\f81b\\565f\\4348\\4152\\5f31\\3032\\2f45\\5645\\4e54\\2f62\\6172\\5f32\\3336\\0000\よし、さっさと報酬渡そう！\f801\そして僕は厨房からなんか持ってきて\f801\食べる！ というわけで報酬ね。\f801\\ffff\</translate>
			</id>
			<id id="14">
				<origin>\f859\\0300\\f81b\\565f\\4348\\4152\\5f31\\3032\\2f45\\5645\\4e54\\2f62\\6172\\5f32\\3137\\0000\さてさて、持ってきた数は\f804\\0500\６つ\f804\\0000\！\f801\しっかり最大の報酬を狙ってくる辺りは\f801\抜け目ないねぇ。いいよいいよー。\f801\\f802\でもこれだけの葡萄石をいい感じに\f801\きれいにして、それを乗せたらそれは\f801\さぞ豪華なサンプルになるだろうねぇ。\f801\\f802\んで、実際に店で注文したら、なーんか\f801\外で見たのと違うような気がしつつも\f801\美味しく食べちゃう！\f801\\f802\そんなこと言ってたら、なんか僕も\f801\甘いもの食べたくなってきたなぁ。\f801\\f802\\f81b\\565f\\4348\\4152\\5f31\\3032\\2f45\\5645\\4e54\\2f62\\6172\\5f32\\3339\\0000\よし、さっさと報酬渡そう！\f801\そして僕は厨房からなんか持ってきて\f801\食べる！ というわけで報酬ね。\f801\\ffff\</origin>
				<translate>\f859\\0300\\f81b\\565f\\4348\\4152\\5f31\\3032\\2f45\\5645\\4e54\\2f62\\6172\\5f32\\3137\\0000\さてさて、持ってきた数は\f804\\0500\６つ\f804\\0000\！\f801\しっかり最大の報酬を狙ってくる辺りは\f801\抜け目ないねぇ。いいよいいよー。\f801\\f802\でもこれだけの葡萄石をいい感じに\f801\きれいにして、それを乗せたらそれは\f801\さぞ豪華なサンプルになるだろうねぇ。\f801\\f802\んで、実際に店で注文したら、なーんか\f801\外で見たのと違うような気がしつつも\f801\美味しく食べちゃう！\f801\\f802\そんなこと言ってたら、なんか僕も\f801\甘いもの食べたくなってきたなぁ。\f801\\f802\\f81b\\565f\\4348\\4152\\5f31\\3032\\2f45\\5645\\4e54\\2f62\\6172\\5f32\\3339\\0000\よし、さっさと報酬渡そう！\f801\そして僕は厨房からなんか持ってきて\f801\食べる！ というわけで報酬ね。\f801\\ffff\</translate>
			</id>
			<id id="15"/>
			<id id="16"/>
			<id id="17"/>
			<id id="18"/>
			<id id="19"/>
			<id id="20"/>
			<id id="21"/>
			<id id="22"/>
			<id id="23"/>
			<id id="24"/>
			<id id="25"/>
			<id id="26"/>
			<id id="27"/>
			<id id="28"/>
			<id id="29"/>
			<id id="30"/>
			<id id="31"/>
			<id id="32"/>
			<id id="33"/>
			<id id="34"/>
			<id id="35"/>
			<id id="36"/>
			<id id="37"/>
			<id id="38"/>
			<id id="39"/>
			<id id="40"/>
			<id id="41"/>
			<id id="42"/>
			<id id="43"/>
			<id id="44"/>
			<id id="45"/>
			<id id="46"/>
			<id id="47"/>
			<id id="48"/>
			<id id="49"/>
			<id id="50">
				<origin>\f859\\0300\\f81b\\565f\\4348\\4152\\5f31\\3032\\2f45\\5645\\4e54\\2f62\\6172\\5f32\\3034\\0000\お疲れさーん。\f801\はてさて、依頼人が求めた葡萄石さんは\f801\どんなものかなーっと。\f801\\ffff\</origin>
				<translate>\f859\\0300\\f81b\\565f\\4348\\4152\\5f31\\3032\\2f45\\5645\\4e54\\2f62\\6172\\5f32\\3034\\0000\お疲れさーん。\f801\はてさて、依頼人が求めた葡萄石さんは\f801\どんなものかなーっと。\f801\\ffff\</translate>
			</id>
			<id id="51">
				<origin>\f859\\0300\おー、確かにこりゃあ葡萄みたいな\f801\色してるねえ！\f801\どれどれ、あーん……。\f801\\ffff\</origin>
				<translate>\f859\\0300\おー、確かにこりゃあ葡萄みたいな\f801\色してるねえ！\f801\どれどれ、あーん……。\f801\\ffff\</translate>
			</id>
			<id id="52">
				<origin>\f859\\0300\\f81b\\565f\\4348\\4152\\5f31\\3032\\2f45\\5645\\4e54\\2f62\\6172\\5f32\\3437\\0000\……ぶえっ！\f801\ダメだ、これ！\f801\食えたもんじゃないよ！\f801\\f802\おいおい、僕を馬鹿にしてるけど、\f801\君たちも試したでしょ？\f801\\f802\\f81b\\565f\\4348\\4152\\5f31\\3032\\2f45\\5645\\4e54\\2f62\\6172\\5f32\\3330\\0000\え？ 試してないの？\f801\もし、本当は美味しかったらどうするの？\f801\……どうもしないって？ ふーん。\f801\\ffff\</origin>
				<translate>\f859\\0300\\f81b\\565f\\4348\\4152\\5f31\\3032\\2f45\\5645\\4e54\\2f62\\6172\\5f32\\3437\\0000\……ぶえっ！\f801\ダメだ、これ！\f801\食えたもんじゃないよ！\f801\\f802\おいおい、僕を馬鹿にしてるけど、\f801\君たちも試したでしょ？\f801\\f802\\f81b\\565f\\4348\\4152\\5f31\\3032\\2f45\\5645\\4e54\\2f62\\6172\\5f32\\3330\\0000\え？ 試してないの？\f801\もし、本当は美味しかったらどうするの？\f801\……どうもしないって？ ふーん。\f801\\ffff\</translate>
			</id>
			<id id="53">
				<origin>\f859\\0300\まぁ、たしかに見かけだけは\f801\美味しそうだから、これで作ったら\f801\いい出来になるだろうね！\f801\\ffff\</origin>
				<translate>\f859\\0300\まぁ、たしかに見かけだけは\f801\美味しそうだから、これで作ったら\f801\いい出来になるだろうね！\f801\\ffff\</translate>
			</id>
			<id id="54"/>
			<id id="55"/>
			<id id="56"/>
			<id id="57"/>
			<id id="58"/>
			<id id="59"/>
			<id id="60"/>
			<id id="61"/>
			<id id="62"/>
			<id id="63"/>
			<id id="64"/>
			<id id="65"/>
			<id id="66"/>
			<id id="67"/>
			<id id="68"/>
			<id id="69"/>
			<id id="70"/>
			<id id="71"/>
			<id id="72"/>
			<id id="73"/>
			<id id="74"/>
			<id id="75"/>
			<id id="76"/>
			<id id="77"/>
			<id id="78"/>
			<id id="79"/>
			<id id="80"/>
			<id id="81"/>
			<id id="82"/>
			<id id="83"/>
			<id id="84"/>
			<id id="85"/>
			<id id="86"/>
			<id id="87"/>
			<id id="88"/>
			<id id="89"/>
			<id id="90"/>
			<id id="91"/>
			<id id="92"/>
			<id id="93"/>
			<id id="94"/>
			<id id="95"/>
			<id id="96"/>
			<id id="97"/>
			<id id="98"/>
			<id id="99"/>
			<id id="100">
				<origin>君たちは桜ノ立橋で葡萄石を\f801\採掘してきて欲しいという依頼を\f801\覚えているだろうか？\f801\\f802\君たちの手元にはその葡萄石がある。\f801\これがあれば、依頼は達成できるだろう。\f801\\f802\しかし、依頼人は\f804\\0500\６つまでは引き取る\f804\\0000\とも\f801\言っていたという。君たちは報酬目当てに\f801\更に葡萄石を集めてもいい。\f801\\ffff\</origin>
				<translate>君たちは桜ノ立橋で葡萄石を\f801\採掘してきて欲しいという依頼を\f801\覚えているだろうか？\f801\\f802\君たちの手元にはその葡萄石がある。\f801\これがあれば、依頼は達成できるだろう。\f801\\f802\しかし、依頼人は\f804\\0500\６つまでは引き取る\f804\\0000\とも\f801\言っていたという。君たちは報酬目当てに\f801\更に葡萄石を集めてもいい。\f801\\ffff\</translate>
			</id>
			<id id="101">
				<origin>君たちは桜ノ立橋で葡萄石を\f801\採掘してきて欲しいという依頼を\f801\覚えているだろうか？\f801\\f802\君たちの手元には６つ以上の葡萄石が\f801\存在している。これがあればきっと\f801\依頼人も満足することだろう。\f801\\f802\時間のある時に酒場へ赴き、\f801\納品するといいだろう。\f801\\ffff\</origin>
				<translate>君たちは桜ノ立橋で葡萄石を\f801\採掘してきて欲しいという依頼を\f801\覚えているだろうか？\f801\\f802\君たちの手元には６つ以上の葡萄石が\f801\存在している。これがあればきっと\f801\依頼人も満足することだろう。\f801\\f802\時間のある時に酒場へ赴き、\f801\納品するといいだろう。\f801\\ffff\</translate>
			</id>
			<id id="102"/>
			<id id="103"/>
			<id id="104"/>
			<id id="105"/>
			<id id="106"/>
			<id id="107"/>
			<id id="108"/>
			<id id="109"/>
			<id id="110"/>
			<id id="111"/>
			<id id="112"/>
			<id id="113"/>
			<id id="114"/>
			<id id="115"/>
			<id id="116"/>
			<id id="117"/>
			<id id="118"/>
			<id id="119"/>
			<id id="120"/>
			<id id="121"/>
			<id id="122"/>
			<id id="123"/>
			<id id="124"/>
			<id id="125"/>
			<id id="126"/>
			<id id="127"/>
			<id id="128"/>
			<id id="129"/>
			<id id="130"/>
			<id id="131"/>
			<id id="132"/>
			<id id="133"/>
			<id id="134"/>
			<id id="135"/>
			<id id="136"/>
			<id id="137"/>
			<id id="138"/>
			<id id="139"/>
			<id id="140"/>
			<id id="141"/>
			<id id="142"/>
			<id id="143"/>
			<id id="144"/>
			<id id="145"/>
			<id id="146"/>
			<id id="147"/>
			<id id="148"/>
			<id id="149"/>
			<id id="150">
				<origin>君たちは酒場で引き受けた\f801\\f804\\0500\葡萄石\f804\\0000\を納品して欲しいという\f801\依頼を覚えているだろうか？\f801\\f802\依頼を達成したいのならば、\f804\\0500\葡萄石\f804\\0000\を\f801\売却しないよう気を付けたまえ。\f801\\ffff\</origin>
				<translate>君たちは酒場で引き受けた\f801\\f804\\0500\葡萄石\f804\\0000\を納品して欲しいという\f801\依頼を覚えているだろうか？\f801\\f802\依頼を達成したいのならば、\f804\\0500\葡萄石\f804\\0000\を\f801\売却しないよう気を付けたまえ。\f801\\ffff\</translate>
			</id>
			<id id="151"/>
			<id id="152"/>
			<id id="153"/>
			<id id="154"/>
			<id id="155"/>
			<id id="156"/>
			<id id="157"/>
			<id id="158"/>
			<id id="159"/>
			<id id="160"/>
			<id id="161"/>
			<id id="162"/>
			<id id="163"/>
			<id id="164"/>
			<id id="165"/>
			<id id="166"/>
			<id id="167"/>
			<id id="168"/>
			<id id="169"/>
			<id id="170"/>
			<id id="171"/>
			<id id="172"/>
			<id id="173"/>
			<id id="174"/>
			<id id="175"/>
			<id id="176"/>
			<id id="177"/>
			<id id="178"/>
			<id id="179"/>
			<id id="180"/>
			<id id="181"/>
			<id id="182"/>
			<id id="183"/>
			<id id="184"/>
			<id id="185"/>
			<id id="186"/>
			<id id="187"/>
			<id id="188"/>
			<id id="189"/>
			<id id="190"/>
			<id id="191"/>
			<id id="192"/>
			<id id="193"/>
			<id id="194"/>
			<id id="195"/>
			<id id="196"/>
			<id id="197"/>
			<id id="198"/>
			<id id="199"/>
			<id id="200">
				<origin>\f804\\0500\桜ノ立橋\f804\\0000\で\f804\\0500\葡萄石\f804\\0000\を\f801\\f804\\0500\２つ以上\f804\\0000\、\f804\\0500\採掘\f804\\0000\して納品せよ！\f801\\ffff\</origin>
				<translate>\f804\\0500\桜ノ立橋\f804\\0000\で\f804\\0500\葡萄石\f804\\0000\を\f801\\f804\\0500\２つ以上\f804\\0000\、\f804\\0500\採掘\f804\\0000\して納品せよ！\f801\\ffff\</translate>
			</id>
		</body>
	</mbm>
