<?xml version="1.0" encoding="UTF-8"?>
	<mbm>
		<head>000000004d53473200000100</head>
		<size>b8000000</size>
		<number>02000000</number>
		<j>200000000000000000000000</j>
		<body>
			<id id="0"/>
			<id id="1">
				<origin>新米冒険者用の脚防具プレゼント\f801\\ffff\</origin>
				<translate>新米冒険者用の脚防具プレゼント\f801\\ffff\</translate>
			</id>
			<id id="2">
				<origin>樹海へ挑む冒険者のみなさんに\f801\アトラスから序盤の探索に役立つ\f801\脚防具が届きました。\f801\\ffff\</origin>
				<translate>樹海へ挑む冒険者のみなさんに\f801\アトラスから序盤の探索に役立つ\f801\脚防具が届きました。\f801\\ffff\</translate>
			</id>
		</body>
	</mbm>
