<?xml version="1.0" encoding="UTF-8"?>
	<mbm>
		<head>000000004d53473200000100</head>
		<size>26160000</size>
		<number>10030000</number>
		<j>200000000000000000000000</j>
		<body>
			<id id="0">
				<origin>ブランク\f801\\ffff\</origin>
				<translate>ブランク\f801\\ffff\</translate>
			</id>
			<id id="1"/>
			<id id="2"/>
			<id id="3"/>
			<id id="4">
				<origin>【攻撃】消化液増加\f801\物理攻撃力ＵＰ\f801\\ffff\</origin>
				<translate>【攻撃】消化液増加\f801\物理攻撃力ＵＰ\f801\\ffff\</translate>
			</id>
			<id id="5"/>
			<id id="6"/>
			<id id="7">
				<origin>【防御】甲羅の守り\f801\物理防御力ＵＰ\f801\\ffff\</origin>
				<translate>【防御】甲羅の守り\f801\物理防御力ＵＰ\f801\\ffff\</translate>
			</id>
			<id id="8"/>
			<id id="9"/>
			<id id="10"/>
			<id id="11"/>
			<id id="12"/>
			<id id="13"/>
			<id id="14">
				<origin>【攻撃】衰弱の尾\f801\物理攻撃力ＤＯＷＮ\f801\\ffff\</origin>
				<translate>【攻撃】衰弱の尾\f801\物理攻撃力ＤＯＷＮ\f801\\ffff\</translate>
			</id>
			<id id="15"/>
			<id id="16"/>
			<id id="17"/>
			<id id="18"/>
			<id id="19"/>
			<id id="20"/>
			<id id="21">
				<origin>【防御】コロシッブオーラ\f801\物理防御力ＤＯＷＮ\f801\\ffff\</origin>
				<translate>【防御】コロシッブオーラ\f801\物理防御力ＤＯＷＮ\f801\\ffff\</translate>
			</id>
			<id id="22"/>
			<id id="23"/>
			<id id="24"/>
			<id id="25"/>
			<id id="26"/>
			<id id="27"/>
			<id id="28"/>
			<id id="29"/>
			<id id="30"/>
			<id id="31"/>
			<id id="32">
				<origin>【防御】シザーシールド\f801\属性防御力ＵＰ\f801\\ffff\</origin>
				<translate>【防御】シザーシールド\f801\属性防御力ＵＰ\f801\\ffff\</translate>
			</id>
			<id id="33"/>
			<id id="34"/>
			<id id="35"/>
			<id id="36"/>
			<id id="37">
				<origin>【状態】凍てつく濁尾\f801\封じ・状態異常耐性ＤＯＷＮ\f801\\ffff\</origin>
				<translate>【状態】凍てつく濁尾\f801\封じ・状態異常耐性ＤＯＷＮ\f801\\ffff\</translate>
			</id>
			<id id="38"/>
			<id id="39">
				<origin>【攻撃】徹底抗戦\f801\物理攻撃力ＵＰ\f801\\ffff\</origin>
				<translate>【攻撃】徹底抗戦\f801\物理攻撃力ＵＰ\f801\\ffff\</translate>
			</id>
			<id id="40"/>
			<id id="41"/>
			<id id="42">
				<origin>【防御】黒い翼\f801\物理防御力ＤＯＷＮ\f801\\ffff\</origin>
				<translate>【防御】黒い翼\f801\物理防御力ＤＯＷＮ\f801\\ffff\</translate>
			</id>
			<id id="43"/>
			<id id="44"/>
			<id id="45">
				<origin>【回避】風の瞬き\f801\回避率ＵＰ\f801\\ffff\</origin>
				<translate>【回避】風の瞬き\f801\回避率ＵＰ\f801\\ffff\</translate>
			</id>
			<id id="46">
				<origin>【状態】無空波\f801\封じ・状態異常耐性ＤＯＷＮ\f801\\ffff\</origin>
				<translate>【状態】無空波\f801\封じ・状態異常耐性ＤＯＷＮ\f801\\ffff\</translate>
			</id>
			<id id="47"/>
			<id id="48"/>
			<id id="49"/>
			<id id="50"/>
			<id id="51"/>
			<id id="52"/>
			<id id="53"/>
			<id id="54"/>
			<id id="55">
				<origin>【防御】シールドシェル\f801\属性防御力ＵＰ\f801\\ffff\</origin>
				<translate>【防御】シールドシェル\f801\属性防御力ＵＰ\f801\\ffff\</translate>
			</id>
			<id id="56"/>
			<id id="57"/>
			<id id="58"/>
			<id id="59">
				<origin>【攻撃】破力の双牙\f801\物理・属性攻撃力ＤＯＷＮ\f801\\ffff\</origin>
				<translate>【攻撃】破力の双牙\f801\物理・属性攻撃力ＤＯＷＮ\f801\\ffff\</translate>
			</id>
			<id id="60"/>
			<id id="61"/>
			<id id="62">
				<origin>【攻撃】太古の呪い\f801\物理・属性攻撃力ＵＰ\f801\\ffff\</origin>
				<translate>【攻撃】太古の呪い\f801\物理・属性攻撃力ＵＰ\f801\\ffff\</translate>
			</id>
			<id id="63"/>
			<id id="64"/>
			<id id="65"/>
			<id id="66"/>
			<id id="67"/>
			<id id="68"/>
			<id id="69"/>
			<id id="70"/>
			<id id="71"/>
			<id id="72"/>
			<id id="73"/>
			<id id="74"/>
			<id id="75"/>
			<id id="76">
				<origin>【命中】砂塵の風爪\f801\命中率ＤＯＷＮ\f801\\ffff\</origin>
				<translate>【命中】砂塵の風爪\f801\命中率ＤＯＷＮ\f801\\ffff\</translate>
			</id>
			<id id="77">
				<origin>【防御】ガードウィング\f801\物理防御力ＵＰ\f801\\ffff\</origin>
				<translate>【防御】ガードウィング\f801\物理防御力ＵＰ\f801\\ffff\</translate>
			</id>
			<id id="78"/>
			<id id="79"/>
			<id id="80"/>
			<id id="81">
				<origin>【防御】バーンウィンド\f801\属性防御力ＤＯＷＮ\f801\\ffff\</origin>
				<translate>【防御】バーンウィンド\f801\属性防御力ＤＯＷＮ\f801\\ffff\</translate>
			</id>
			<id id="82"/>
			<id id="83"/>
			<id id="84"/>
			<id id="85"/>
			<id id="86">
				<origin>【攻撃】仲間食い\f801\属性攻撃力ＵＰ\f801\\ffff\</origin>
				<translate>【攻撃】仲間食い\f801\属性攻撃力ＵＰ\f801\\ffff\</translate>
			</id>
			<id id="87"/>
			<id id="88"/>
			<id id="89"/>
			<id id="90"/>
			<id id="91"/>
			<id id="92">
				<origin>【ＭＡＸＨＰ】紅の眼光\f801\ＭＡＸＨＰＤＯＷＮ\f801\\ffff\</origin>
				<translate>【ＭＡＸＨＰ】紅の眼光\f801\ＭＡＸＨＰＤＯＷＮ\f801\\ffff\</translate>
			</id>
			<id id="93"/>
			<id id="94"/>
			<id id="95"/>
			<id id="96"/>
			<id id="97"/>
			<id id="98">
				<origin>【防御】堅殻の防壁\f801\物理防御力ＵＰ\f801\\ffff\</origin>
				<translate>【防御】堅殻の防壁\f801\物理防御力ＵＰ\f801\\ffff\</translate>
			</id>
			<id id="99"/>
			<id id="100"/>
			<id id="101"/>
			<id id="102"/>
			<id id="103">
				<origin>【命中】眩暈ゲル\f801\命中率ＤＯＷＮ\f801\\ffff\</origin>
				<translate>【命中】眩暈ゲル\f801\命中率ＤＯＷＮ\f801\\ffff\</translate>
			</id>
			<id id="104"/>
			<id id="105"/>
			<id id="106"/>
			<id id="107"/>
			<id id="108"/>
			<id id="109"/>
			<id id="110"/>
			<id id="111"/>
			<id id="112">
				<origin>【防御】威圧の眼光\f801\物理防御力ＤＯＷＮ\f801\\ffff\</origin>
				<translate>【防御】威圧の眼光\f801\物理防御力ＤＯＷＮ\f801\\ffff\</translate>
			</id>
			<id id="113">
				<origin>【攻撃】アタックウィング\f801\物理・属性攻撃力ＵＰ\f801\\ffff\</origin>
				<translate>【攻撃】アタックウィング\f801\物理・属性攻撃力ＵＰ\f801\\ffff\</translate>
			</id>
			<id id="114"/>
			<id id="115"/>
			<id id="116"/>
			<id id="117"/>
			<id id="118"/>
			<id id="119"/>
			<id id="120"/>
			<id id="121"/>
			<id id="122"/>
			<id id="123"/>
			<id id="124"/>
			<id id="125"/>
			<id id="126"/>
			<id id="127">
				<origin>【回避】熱果汁噴射\f801\回避率ＤＯＷＮ\f801\\ffff\</origin>
				<translate>【回避】熱果汁噴射\f801\回避率ＤＯＷＮ\f801\\ffff\</translate>
			</id>
			<id id="128"/>
			<id id="129"/>
			<id id="130"/>
			<id id="131"/>
			<id id="132"/>
			<id id="133">
				<origin>【付与】磁気嵐\f801\雷属性付与\f801\\ffff\</origin>
				<translate>【付与】磁気嵐\f801\雷属性付与\f801\\ffff\</translate>
			</id>
			<id id="134"/>
			<id id="135"/>
			<id id="136"/>
			<id id="137"/>
			<id id="138"/>
			<id id="139"/>
			<id id="140"/>
			<id id="141">
				<origin>【攻撃】破魔ダイブ\f801\属性攻撃力ＤＯＷＮ\f801\\ffff\</origin>
				<translate>【攻撃】破魔ダイブ\f801\属性攻撃力ＤＯＷＮ\f801\\ffff\</translate>
			</id>
			<id id="142"/>
			<id id="143"/>
			<id id="144"/>
			<id id="145"/>
			<id id="146"/>
			<id id="147">
				<origin>【回避】オイルスピン\f801\回避率ＵＰ\f801\\ffff\</origin>
				<translate>【回避】オイルスピン\f801\回避率ＵＰ\f801\\ffff\</translate>
			</id>
			<id id="148"/>
			<id id="149"/>
			<id id="150"/>
			<id id="151"/>
			<id id="152"/>
			<id id="153"/>
			<id id="154">
				<origin>【防御】溶鎧の熱歯\f801\物理・属性防御力ＤＯＷＮ\f801\\ffff\</origin>
				<translate>【防御】溶鎧の熱歯\f801\物理・属性防御力ＤＯＷＮ\f801\\ffff\</translate>
			</id>
			<id id="155"/>
			<id id="156"/>
			<id id="157"/>
			<id id="158"/>
			<id id="159">
				<origin>【攻撃】森の侵食\f801\物理・属性攻撃力ＤＯＷＮ\f801\\ffff\</origin>
				<translate>【攻撃】森の侵食\f801\物理・属性攻撃力ＤＯＷＮ\f801\\ffff\</translate>
			</id>
			<id id="160"/>
			<id id="161"/>
			<id id="162"/>
			<id id="163"/>
			<id id="164"/>
			<id id="165"/>
			<id id="166"/>
			<id id="167"/>
			<id id="168"/>
			<id id="169"/>
			<id id="170"/>
			<id id="171"/>
			<id id="172"/>
			<id id="173"/>
			<id id="174"/>
			<id id="175"/>
			<id id="176"/>
			<id id="177"/>
			<id id="178"/>
			<id id="179"/>
			<id id="180"/>
			<id id="181"/>
			<id id="182"/>
			<id id="183"/>
			<id id="184"/>
			<id id="185"/>
			<id id="186"/>
			<id id="187"/>
			<id id="188"/>
			<id id="189"/>
			<id id="190"/>
			<id id="191"/>
			<id id="192"/>
			<id id="193"/>
			<id id="194"/>
			<id id="195"/>
			<id id="196"/>
			<id id="197"/>
			<id id="198"/>
			<id id="199"/>
			<id id="200">
				<origin>【攻撃】デビルクライ\f801\物理攻撃力ＵＰ\f801\\ffff\</origin>
				<translate>【攻撃】デビルクライ\f801\物理攻撃力ＵＰ\f801\\ffff\</translate>
			</id>
			<id id="201"/>
			<id id="202"/>
			<id id="203"/>
			<id id="204"/>
			<id id="205"/>
			<id id="206"/>
			<id id="207"/>
			<id id="208"/>
			<id id="209"/>
			<id id="210"/>
			<id id="211"/>
			<id id="212"/>
			<id id="213"/>
			<id id="214">
				<origin>【防御】蝕盾雷掌\f801\物理・属性防御力ＤＯＷＮ\f801\\ffff\</origin>
				<translate>【防御】蝕盾雷掌\f801\物理・属性防御力ＤＯＷＮ\f801\\ffff\</translate>
			</id>
			<id id="215"/>
			<id id="216"/>
			<id id="217"/>
			<id id="218"/>
			<id id="219"/>
			<id id="220">
				<origin>【命中】幻影蹴り\f801\命中率ＤＯＷＮ\f801\\ffff\</origin>
				<translate>【命中】幻影蹴り\f801\命中率ＤＯＷＮ\f801\\ffff\</translate>
			</id>
			<id id="221"/>
			<id id="222"/>
			<id id="223">
				<origin>【回避】真・風の瞬き\f801\回避率ＵＰ\f801\\ffff\</origin>
				<translate>【回避】真・風の瞬き\f801\回避率ＵＰ\f801\\ffff\</translate>
			</id>
			<id id="224"/>
			<id id="225"/>
			<id id="226"/>
			<id id="227"/>
			<id id="228">
				<origin>【攻撃】闘志削り\f801\物理・属性攻撃力ＤＯＷＮ\f801\\ffff\</origin>
				<translate>【攻撃】闘志削り\f801\物理・属性攻撃力ＤＯＷＮ\f801\\ffff\</translate>
			</id>
			<id id="229"/>
			<id id="230"/>
			<id id="231"/>
			<id id="232"/>
			<id id="233"/>
			<id id="234"/>
			<id id="235">
				<origin>【防御】舐めまくり\f801\物理・属性防御力ＤＯＷＮ\f801\\ffff\</origin>
				<translate>【防御】舐めまくり\f801\物理・属性防御力ＤＯＷＮ\f801\\ffff\</translate>
			</id>
			<id id="236"/>
			<id id="237"/>
			<id id="238"/>
			<id id="239"/>
			<id id="240"/>
			<id id="241"/>
			<id id="242"/>
			<id id="243"/>
			<id id="244"/>
			<id id="245">
				<origin>【回復】疫病の棍\f801\ＨＰ回復量ＤＯＷＮ\f801\\ffff\</origin>
				<translate>【回復】疫病の棍\f801\ＨＰ回復量ＤＯＷＮ\f801\\ffff\</translate>
			</id>
			<id id="246"/>
			<id id="247"/>
			<id id="248"/>
			<id id="249"/>
			<id id="250"/>
			<id id="251"/>
			<id id="252"/>
			<id id="253"/>
			<id id="254"/>
			<id id="255"/>
			<id id="256"/>
			<id id="257"/>
			<id id="258">
				<origin>【攻撃】バーサーク\f801\物理攻撃力ＵＰ\f801\\ffff\</origin>
				<translate>【攻撃】バーサーク\f801\物理攻撃力ＵＰ\f801\\ffff\</translate>
			</id>
			<id id="259"/>
			<id id="260"/>
			<id id="261"/>
			<id id="262"/>
			<id id="263"/>
			<id id="264"/>
			<id id="265"/>
			<id id="266">
				<origin>【防御】神秘のヴェール\f801\属性防御力ＵＰ\f801\\ffff\</origin>
				<translate>【防御】神秘のヴェール\f801\属性防御力ＵＰ\f801\\ffff\</translate>
			</id>
			<id id="267"/>
			<id id="268">
				<origin>【防御】ヒレうち\f801\属性防御力ＤＯＷＮ\f801\\ffff\</origin>
				<translate>【防御】ヒレうち\f801\属性防御力ＤＯＷＮ\f801\\ffff\</translate>
			</id>
			<id id="269"/>
			<id id="270"/>
			<id id="271"/>
			<id id="272"/>
			<id id="273"/>
			<id id="274"/>
			<id id="275"/>
			<id id="276"/>
			<id id="277"/>
			<id id="278"/>
			<id id="279"/>
			<id id="280">
				<origin>【状態】カオススクリーム\f801\封じ・状態異常耐性ＤＯＷＮ\f801\\ffff\</origin>
				<translate>【状態】カオススクリーム\f801\封じ・状態異常耐性ＤＯＷＮ\f801\\ffff\</translate>
			</id>
			<id id="281"/>
			<id id="282"/>
			<id id="283"/>
			<id id="284"/>
			<id id="285"/>
			<id id="286"/>
			<id id="287"/>
			<id id="288"/>
			<id id="289">
				<origin>【回避】潮吹き\f801\回避率ＵＰ\f801\\ffff\</origin>
				<translate>【回避】潮吹き\f801\回避率ＵＰ\f801\\ffff\</translate>
			</id>
			<id id="290">
				<origin>【命中】太古のうねり\f801\命中率ＵＰ\f801\\ffff\</origin>
				<translate>【命中】太古のうねり\f801\命中率ＵＰ\f801\\ffff\</translate>
			</id>
			<id id="291">
				<origin>【回避】太古のうねり\f801\回避率ＤＯＷＮ\f801\\ffff\</origin>
				<translate>【回避】太古のうねり\f801\回避率ＤＯＷＮ\f801\\ffff\</translate>
			</id>
			<id id="292"/>
			<id id="293"/>
			<id id="294"/>
			<id id="295"/>
			<id id="296"/>
			<id id="297">
				<origin>【回避】ウインドプレス\f801\回避率ＤＯＷＮ\f801\\ffff\</origin>
				<translate>【回避】ウインドプレス\f801\回避率ＤＯＷＮ\f801\\ffff\</translate>
			</id>
			<id id="298">
				<origin>【攻撃】威圧の突風\f801\物理攻撃力ＵＰ\f801\\ffff\</origin>
				<translate>【攻撃】威圧の突風\f801\物理攻撃力ＵＰ\f801\\ffff\</translate>
			</id>
			<id id="299"/>
			<id id="300"/>
			<id id="301"/>
			<id id="302">
				<origin>【攻撃】怪しい花粉\f801\物理攻撃力ＤＯＷＮ\f801\\ffff\</origin>
				<translate>【攻撃】怪しい花粉\f801\物理攻撃力ＤＯＷＮ\f801\\ffff\</translate>
			</id>
			<id id="303"/>
			<id id="304"/>
			<id id="305"/>
			<id id="306"/>
			<id id="307"/>
			<id id="308">
				<origin>【状態】ダークミスト\f801\封じ・状態異常回復禁止\f801\\ffff\</origin>
				<translate>【状態】ダークミスト\f801\封じ・状態異常回復禁止\f801\\ffff\</translate>
			</id>
			<id id="309"/>
			<id id="310"/>
			<id id="311"/>
			<id id="312"/>
			<id id="313">
				<origin>【ガード】無償の愛\f801\味方を庇う\f801\\ffff\</origin>
				<translate>【ガード】無償の愛\f801\味方を庇う\f801\\ffff\</translate>
			</id>
			<id id="314"/>
			<id id="315">
				<origin>【防御】耳障りな鳴き声\f801\属性防御力ＤＯＷＮ\f801\\ffff\</origin>
				<translate>【防御】耳障りな鳴き声\f801\属性防御力ＤＯＷＮ\f801\\ffff\</translate>
			</id>
			<id id="316"/>
			<id id="317"/>
			<id id="318"/>
			<id id="319"/>
			<id id="320"/>
			<id id="321">
				<origin>【反撃】炎の障壁\f801\炎属性で反撃する\f801\\ffff\</origin>
				<translate>【反撃】炎の障壁\f801\炎属性で反撃する\f801\\ffff\</translate>
			</id>
			<id id="322"/>
			<id id="323">
				<origin>【回復】再生の炎\f801\ＨＰ自動回復\f801\\ffff\</origin>
				<translate>【回復】再生の炎\f801\ＨＰ自動回復\f801\\ffff\</translate>
			</id>
			<id id="324"/>
			<id id="325"/>
			<id id="326"/>
			<id id="327"/>
			<id id="328"/>
			<id id="329"/>
			<id id="330">
				<origin>【防御】威圧の咆哮\f801\物理防御力ＤＯＷＮ\f801\\ffff\</origin>
				<translate>【防御】威圧の咆哮\f801\物理防御力ＤＯＷＮ\f801\\ffff\</translate>
			</id>
			<id id="331"/>
			<id id="332"/>
			<id id="333"/>
			<id id="334"/>
			<id id="335"/>
			<id id="336"/>
			<id id="337"/>
			<id id="338"/>
			<id id="339"/>
			<id id="340"/>
			<id id="341"/>
			<id id="342"/>
			<id id="343"/>
			<id id="344"/>
			<id id="345"/>
			<id id="346"/>
			<id id="347"/>
			<id id="348"/>
			<id id="349"/>
			<id id="350"/>
			<id id="351"/>
			<id id="352"/>
			<id id="353"/>
			<id id="354"/>
			<id id="355"/>
			<id id="356"/>
			<id id="357"/>
			<id id="358"/>
			<id id="359"/>
			<id id="360"/>
			<id id="361"/>
			<id id="362"/>
			<id id="363"/>
			<id id="364"/>
			<id id="365"/>
			<id id="366"/>
			<id id="367"/>
			<id id="368"/>
			<id id="369"/>
			<id id="370"/>
			<id id="371"/>
			<id id="372"/>
			<id id="373"/>
			<id id="374"/>
			<id id="375"/>
			<id id="376"/>
			<id id="377"/>
			<id id="378"/>
			<id id="379"/>
			<id id="380">
				<origin>【ＭＡＸＨＰ】破滅の吐息\f801\ＭＡＸＨＰＤＯＷＮ\f801\\ffff\</origin>
				<translate>【ＭＡＸＨＰ】破滅の吐息\f801\ＭＡＸＨＰＤＯＷＮ\f801\\ffff\</translate>
			</id>
			<id id="381"/>
			<id id="382"/>
			<id id="383"/>
			<id id="384"/>
			<id id="385">
				<origin>【攻撃】怒号\f801\物理・属性攻撃力ＤＯＷＮ\f801\\ffff\</origin>
				<translate>【攻撃】怒号\f801\物理・属性攻撃力ＤＯＷＮ\f801\\ffff\</translate>
			</id>
			<id id="386"/>
			<id id="387">
				<origin>【命中】ぶっ刺し\f801\命中率ＤＯＷＮ\f801\\ffff\</origin>
				<translate>【命中】ぶっ刺し\f801\命中率ＤＯＷＮ\f801\\ffff\</translate>
			</id>
			<id id="388"/>
			<id id="389">
				<origin>【防御】セーフガード\f801\物理・属性防御力ＵＰ\f801\\ffff\</origin>
				<translate>【防御】セーフガード\f801\物理・属性防御力ＵＰ\f801\\ffff\</translate>
			</id>
			<id id="390"/>
			<id id="391">
				<origin>【攻撃】フリーズストーム\f801\物理・属性攻撃力ＤＯＷＮ\f801\\ffff\</origin>
				<translate>【攻撃】フリーズストーム\f801\物理・属性攻撃力ＤＯＷＮ\f801\\ffff\</translate>
			</id>
			<id id="392"/>
			<id id="393"/>
			<id id="394"/>
			<id id="395"/>
			<id id="396"/>
			<id id="397"/>
			<id id="398"/>
			<id id="399"/>
			<id id="400"/>
			<id id="401"/>
			<id id="402"/>
			<id id="403"/>
			<id id="404">
				<origin>【攻撃】忌まわしき波動\f801\物理・属性攻撃力ＤＯＷＮ\f801\\ffff\</origin>
				<translate>【攻撃】忌まわしき波動\f801\物理・属性攻撃力ＤＯＷＮ\f801\\ffff\</translate>
			</id>
			<id id="405"/>
			<id id="406"/>
			<id id="407"/>
			<id id="408"/>
			<id id="409"/>
			<id id="410">
				<origin>【攻撃】薄弱の閃雷\f801\物理・属性攻撃力ＤＯＷＮ\f801\\ffff\</origin>
				<translate>【攻撃】薄弱の閃雷\f801\物理・属性攻撃力ＤＯＷＮ\f801\\ffff\</translate>
			</id>
			<id id="411"/>
			<id id="412"/>
			<id id="413">
				<origin>【回復】恨みの眼光\f801\ＨＰ回復量ＤＯＷＮ\f801\\ffff\</origin>
				<translate>【回復】恨みの眼光\f801\ＨＰ回復量ＤＯＷＮ\f801\\ffff\</translate>
			</id>
			<id id="414"/>
			<id id="415"/>
			<id id="416"/>
			<id id="417"/>
			<id id="418"/>
			<id id="419"/>
			<id id="420"/>
			<id id="421"/>
			<id id="422">
				<origin>【攻撃】舐めまわし\f801\物理・属性攻撃力ＤＯＷＮ\f801\\ffff\</origin>
				<translate>【攻撃】舐めまわし\f801\物理・属性攻撃力ＤＯＷＮ\f801\\ffff\</translate>
			</id>
			<id id="423"/>
			<id id="424"/>
			<id id="425">
				<origin>【防御】舐めずり\f801\物理・属性防御力ＤＯＷＮ\f801\\ffff\</origin>
				<translate>【防御】舐めずり\f801\物理・属性防御力ＤＯＷＮ\f801\\ffff\</translate>
			</id>
			<id id="426"/>
			<id id="427"/>
			<id id="428"/>
			<id id="429">
				<origin>【回復】リジェネ\f801\ＨＰ自動回復\f801\\ffff\</origin>
				<translate>【回復】リジェネ\f801\ＨＰ自動回復\f801\\ffff\</translate>
			</id>
			<id id="430">
				<origin>【防御】フォースウォール\f801\属性防御力ＵＰ\f801\\ffff\</origin>
				<translate>【防御】フォースウォール\f801\属性防御力ＵＰ\f801\\ffff\</translate>
			</id>
			<id id="431"/>
			<id id="432"/>
			<id id="433"/>
			<id id="434"/>
			<id id="435"/>
			<id id="436"/>
			<id id="437"/>
			<id id="438"/>
			<id id="439"/>
			<id id="440"/>
			<id id="441"/>
			<id id="442"/>
			<id id="443"/>
			<id id="444">
				<origin>【攻撃】スカイダイブ\f801\物理攻撃力ＤＯＷＮ\f801\\ffff\</origin>
				<translate>【攻撃】スカイダイブ\f801\物理攻撃力ＤＯＷＮ\f801\\ffff\</translate>
			</id>
			<id id="445"/>
			<id id="446"/>
			<id id="447"/>
			<id id="448"/>
			<id id="449"/>
			<id id="450"/>
			<id id="451"/>
			<id id="452"/>
			<id id="453"/>
			<id id="454"/>
			<id id="455">
				<origin>【回避】幻惑の触手\f801\回避率ＤＯＷＮ\f801\\ffff\</origin>
				<translate>【回避】幻惑の触手\f801\回避率ＤＯＷＮ\f801\\ffff\</translate>
			</id>
			<id id="456"/>
			<id id="457"/>
			<id id="458"/>
			<id id="459"/>
			<id id="460"/>
			<id id="461">
				<origin>【命中】邪眼\f801\命中率ＤＯＷＮ\f801\\ffff\</origin>
				<translate>【命中】邪眼\f801\命中率ＤＯＷＮ\f801\\ffff\</translate>
			</id>
			<id id="462"/>
			<id id="463">
				<origin>【状態】魅惑のボディ\f801\封じ耐性ＤＯＷＮ\f801\\ffff\</origin>
				<translate>【状態】魅惑のボディ\f801\封じ耐性ＤＯＷＮ\f801\\ffff\</translate>
			</id>
			<id id="464"/>
			<id id="465"/>
			<id id="466"/>
			<id id="467"/>
			<id id="468"/>
			<id id="469"/>
			<id id="470"/>
			<id id="471"/>
			<id id="472"/>
			<id id="473"/>
			<id id="474"/>
			<id id="475">
				<origin>【攻撃】ドカ食い\f801\物理・属性攻撃力ＵＰ\f801\\ffff\</origin>
				<translate>【攻撃】ドカ食い\f801\物理・属性攻撃力ＵＰ\f801\\ffff\</translate>
			</id>
			<id id="476"/>
			<id id="477"/>
			<id id="478"/>
			<id id="479"/>
			<id id="480"/>
			<id id="481"/>
			<id id="482"/>
			<id id="483"/>
			<id id="484"/>
			<id id="485"/>
			<id id="486"/>
			<id id="487"/>
			<id id="488"/>
			<id id="489"/>
			<id id="490"/>
			<id id="491"/>
			<id id="492"/>
			<id id="493"/>
			<id id="494"/>
			<id id="495"/>
			<id id="496"/>
			<id id="497"/>
			<id id="498"/>
			<id id="499"/>
			<id id="500"/>
			<id id="501"/>
			<id id="502"/>
			<id id="503"/>
			<id id="504"/>
			<id id="505"/>
			<id id="506"/>
			<id id="507"/>
			<id id="508"/>
			<id id="509"/>
			<id id="510"/>
			<id id="511"/>
			<id id="512"/>
			<id id="513"/>
			<id id="514"/>
			<id id="515"/>
			<id id="516"/>
			<id id="517"/>
			<id id="518"/>
			<id id="519"/>
			<id id="520"/>
			<id id="521"/>
			<id id="522"/>
			<id id="523"/>
			<id id="524">
				<origin>【命中】腐った息\f801\命中率ＤＯＷＮ\f801\\ffff\</origin>
				<translate>【命中】腐った息\f801\命中率ＤＯＷＮ\f801\\ffff\</translate>
			</id>
			<id id="525"/>
			<id id="526">
				<origin>【攻撃】バーサクハウル\f801\物理攻撃力ＵＰ\f801\\ffff\</origin>
				<translate>【攻撃】バーサクハウル\f801\物理攻撃力ＵＰ\f801\\ffff\</translate>
			</id>
			<id id="527">
				<origin>【防御】蛮勇の障壁\f801\属性防御力ＵＰ\f801\\ffff\</origin>
				<translate>【防御】蛮勇の障壁\f801\属性防御力ＵＰ\f801\\ffff\</translate>
			</id>
			<id id="528"/>
			<id id="529"/>
			<id id="530">
				<origin>【防御】完全破壊\f801\物理防御力ＤＯＷＮ\f801\\ffff\</origin>
				<translate>【防御】完全破壊\f801\物理防御力ＤＯＷＮ\f801\\ffff\</translate>
			</id>
			<id id="531"/>
			<id id="532"/>
			<id id="533"/>
			<id id="534">
				<origin>【命中】土けむり\f801\命中率ＤＯＷＮ\f801\\ffff\</origin>
				<translate>【命中】土けむり\f801\命中率ＤＯＷＮ\f801\\ffff\</translate>
			</id>
			<id id="535"/>
			<id id="536"/>
			<id id="537">
				<origin>【防御】防御隊列\f801\物理防御力ＵＰ\f801\\ffff\</origin>
				<translate>【防御】防御隊列\f801\物理防御力ＵＰ\f801\\ffff\</translate>
			</id>
			<id id="538"/>
			<id id="539"/>
			<id id="540"/>
			<id id="541"/>
			<id id="542"/>
			<id id="543"/>
			<id id="544"/>
			<id id="545"/>
			<id id="546"/>
			<id id="547">
				<origin>【攻撃】とどろく咆哮\f801\物理攻撃力ＤＯＷＮ\f801\\ffff\</origin>
				<translate>【攻撃】とどろく咆哮\f801\物理攻撃力ＤＯＷＮ\f801\\ffff\</translate>
			</id>
			<id id="548"/>
			<id id="549">
				<origin>【攻撃】火竜の猛攻\f801\物理・属性攻撃力ＵＰ\f801\\ffff\</origin>
				<translate>【攻撃】火竜の猛攻\f801\物理・属性攻撃力ＵＰ\f801\\ffff\</translate>
			</id>
			<id id="550"/>
			<id id="551"/>
			<id id="552"/>
			<id id="553"/>
			<id id="554"/>
			<id id="555">
				<origin>【耐性】アイスシールド\f801\雷属性耐性ＵＰ\f801\\ffff\</origin>
				<translate>【耐性】アイスシールド\f801\雷属性耐性ＵＰ\f801\\ffff\</translate>
			</id>
			<id id="556"/>
			<id id="557">
				<origin>【回復】氷河の再生\f801\ＨＰ自動回復\f801\\ffff\</origin>
				<translate>【回復】氷河の再生\f801\ＨＰ自動回復\f801\\ffff\</translate>
			</id>
			<id id="558">
				<origin>【防御】劈く叫び\f801\物理・属性防御力ＤＯＷＮ\f801\\ffff\</origin>
				<translate>【防御】劈く叫び\f801\物理・属性防御力ＤＯＷＮ\f801\\ffff\</translate>
			</id>
			<id id="559"/>
			<id id="560"/>
			<id id="561"/>
			<id id="562"/>
			<id id="563"/>
			<id id="564"/>
			<id id="565"/>
			<id id="566"/>
			<id id="567"/>
			<id id="568"/>
			<id id="569">
				<origin>【防御】雷の共鳴\f801\物理・属性防御力ＵＰ\f801\\ffff\</origin>
				<translate>【防御】雷の共鳴\f801\物理・属性防御力ＵＰ\f801\\ffff\</translate>
			</id>
			<id id="570">
				<origin>【防御】雷の共鳴\f801\物理・属性防御力ＵＰ\f801\\ffff\</origin>
				<translate>【防御】雷の共鳴\f801\物理・属性防御力ＵＰ\f801\\ffff\</translate>
			</id>
			<id id="571">
				<origin>【防御】雷の共鳴\f801\物理・属性防御力ＵＰ\f801\\ffff\</origin>
				<translate>【防御】雷の共鳴\f801\物理・属性防御力ＵＰ\f801\\ffff\</translate>
			</id>
			<id id="572">
				<origin>【攻撃】灼熱地獄\f801\物理・属性攻撃力ＤＯＷＮ\f801\\ffff\</origin>
				<translate>【攻撃】灼熱地獄\f801\物理・属性攻撃力ＤＯＷＮ\f801\\ffff\</translate>
			</id>
			<id id="573">
				<origin>【防御】極寒地獄\f801\物理・属性防御力ＤＯＷＮ\f801\\ffff\</origin>
				<translate>【防御】極寒地獄\f801\物理・属性防御力ＤＯＷＮ\f801\\ffff\</translate>
			</id>
			<id id="574">
				<origin>【回復】落雷地獄\f801\ＨＰ回復量ＤＯＷＮ\f801\\ffff\</origin>
				<translate>【回復】落雷地獄\f801\ＨＰ回復量ＤＯＷＮ\f801\\ffff\</translate>
			</id>
			<id id="575"/>
			<id id="576"/>
			<id id="577"/>
			<id id="578"/>
			<id id="579"/>
			<id id="580"/>
			<id id="581"/>
			<id id="582"/>
			<id id="583"/>
			<id id="584"/>
			<id id="585"/>
			<id id="586"/>
			<id id="587"/>
			<id id="588"/>
			<id id="589"/>
			<id id="590"/>
			<id id="591"/>
			<id id="592"/>
			<id id="593"/>
			<id id="594"/>
			<id id="595"/>
			<id id="596"/>
			<id id="597"/>
			<id id="598"/>
			<id id="599"/>
			<id id="600"/>
			<id id="601"/>
			<id id="602"/>
			<id id="603"/>
			<id id="604"/>
			<id id="605"/>
			<id id="606"/>
			<id id="607"/>
			<id id="608"/>
			<id id="609"/>
			<id id="610"/>
			<id id="611"/>
			<id id="612"/>
			<id id="613"/>
			<id id="614"/>
			<id id="615"/>
			<id id="616"/>
			<id id="617"/>
			<id id="618"/>
			<id id="619"/>
			<id id="620"/>
			<id id="621"/>
			<id id="622"/>
			<id id="623"/>
			<id id="624"/>
			<id id="625"/>
			<id id="626"/>
			<id id="627"/>
			<id id="628"/>
			<id id="629"/>
			<id id="630"/>
			<id id="631"/>
			<id id="632"/>
			<id id="633"/>
			<id id="634"/>
			<id id="635"/>
			<id id="636"/>
			<id id="637"/>
			<id id="638"/>
			<id id="639"/>
			<id id="640"/>
			<id id="641"/>
			<id id="642"/>
			<id id="643"/>
			<id id="644"/>
			<id id="645"/>
			<id id="646"/>
			<id id="647"/>
			<id id="648"/>
			<id id="649"/>
			<id id="650"/>
			<id id="651"/>
			<id id="652"/>
			<id id="653"/>
			<id id="654"/>
			<id id="655"/>
			<id id="656"/>
			<id id="657"/>
			<id id="658"/>
			<id id="659"/>
			<id id="660"/>
			<id id="661"/>
			<id id="662"/>
			<id id="663"/>
			<id id="664"/>
			<id id="665"/>
			<id id="666"/>
			<id id="667"/>
			<id id="668"/>
			<id id="669"/>
			<id id="670"/>
			<id id="671"/>
			<id id="672"/>
			<id id="673"/>
			<id id="674"/>
			<id id="675"/>
			<id id="676"/>
			<id id="677"/>
			<id id="678"/>
			<id id="679"/>
			<id id="680"/>
			<id id="681"/>
			<id id="682"/>
			<id id="683"/>
			<id id="684"/>
			<id id="685"/>
			<id id="686"/>
			<id id="687"/>
			<id id="688"/>
			<id id="689"/>
			<id id="690"/>
			<id id="691"/>
			<id id="692"/>
			<id id="693"/>
			<id id="694"/>
			<id id="695"/>
			<id id="696"/>
			<id id="697"/>
			<id id="698"/>
			<id id="699"/>
			<id id="700"/>
			<id id="701"/>
			<id id="702"/>
			<id id="703"/>
			<id id="704"/>
			<id id="705">
				<origin>【攻撃】強化液\f801\物理・属性攻撃力ＵＰ\f801\\ffff\</origin>
				<translate>【攻撃】強化液\f801\物理・属性攻撃力ＵＰ\f801\\ffff\</translate>
			</id>
			<id id="706"/>
			<id id="707"/>
			<id id="708"/>
			<id id="709"/>
			<id id="710"/>
			<id id="711">
				<origin>【回復】疫病の汚泥\f801\ＨＰ回復量ＤＯＷＮ\f801\\ffff\</origin>
				<translate>【回復】疫病の汚泥\f801\ＨＰ回復量ＤＯＷＮ\f801\\ffff\</translate>
			</id>
			<id id="712"/>
			<id id="713"/>
			<id id="714"/>
			<id id="715"/>
			<id id="716"/>
			<id id="717"/>
			<id id="718">
				<origin>【回避】真・風の瞬き\f801\回避率ＵＰ\f801\\ffff\</origin>
				<translate>【回避】真・風の瞬き\f801\回避率ＵＰ\f801\\ffff\</translate>
			</id>
			<id id="719"/>
			<id id="720"/>
			<id id="721"/>
			<id id="722"/>
			<id id="723"/>
			<id id="724"/>
			<id id="725"/>
			<id id="726"/>
			<id id="727"/>
			<id id="728"/>
			<id id="729"/>
			<id id="730"/>
			<id id="731"/>
			<id id="732"/>
			<id id="733"/>
			<id id="734"/>
			<id id="735"/>
			<id id="736"/>
			<id id="737"/>
			<id id="738">
				<origin>【状態】虚弱の風塵\f801\封じ・状態異常耐性ＤＯＷＮ\f801\\ffff\</origin>
				<translate>【状態】虚弱の風塵\f801\封じ・状態異常耐性ＤＯＷＮ\f801\\ffff\</translate>
			</id>
			<id id="739"/>
			<id id="740">
				<origin>【ＭＡＸＨＰ】凱旋の雄叫び\f801\ＭＡＸＨＰＤＯＷＮ\f801\\ffff\</origin>
				<translate>【ＭＡＸＨＰ】凱旋の雄叫び\f801\ＭＡＸＨＰＤＯＷＮ\f801\\ffff\</translate>
			</id>
			<id id="741"/>
			<id id="742"/>
			<id id="743"/>
			<id id="744"/>
			<id id="745"/>
			<id id="746"/>
			<id id="747"/>
			<id id="748">
				<origin>【攻撃】超攻撃隊列\f801\物理・属性攻撃力ＵＰ\f801\\ffff\</origin>
				<translate>【攻撃】超攻撃隊列\f801\物理・属性攻撃力ＵＰ\f801\\ffff\</translate>
			</id>
			<id id="749"/>
			<id id="750"/>
			<id id="751"/>
			<id id="752"/>
			<id id="753"/>
			<id id="754"/>
			<id id="755"/>
			<id id="756"/>
			<id id="757"/>
			<id id="758"/>
			<id id="759"/>
			<id id="760">
				<origin>【回避】重荷の尖爪\f801\回避率ＤＯＷＮ\f801\\ffff\</origin>
				<translate>【回避】重荷の尖爪\f801\回避率ＤＯＷＮ\f801\\ffff\</translate>
			</id>
			<id id="761"/>
			<id id="762">
				<origin>【攻撃】繊弱の逆風\f801\物理攻撃力・速度ＤＯＷＮ\f801\\ffff\</origin>
				<translate>【攻撃】繊弱の逆風\f801\物理攻撃力・速度ＤＯＷＮ\f801\\ffff\</translate>
			</id>
			<id id="763"/>
			<id id="764"/>
			<id id="765"/>
			<id id="766"/>
			<id id="767"/>
			<id id="768"/>
			<id id="769"/>
			<id id="770"/>
			<id id="771"/>
			<id id="772"/>
			<id id="773">
				<origin>【防御】デッドゾーン\f801\物理防御力ＤＯＷＮ\f801\\ffff\</origin>
				<translate>【防御】デッドゾーン\f801\物理防御力ＤＯＷＮ\f801\\ffff\</translate>
			</id>
			<id id="774"/>
			<id id="775"/>
			<id id="776"/>
			<id id="777"/>
			<id id="778"/>
			<id id="779"/>
			<id id="780"/>
			<id id="781">
				<origin>【防御】とろける瞳\f801\物理・属性防御力ＤＯＷＮ\f801\\ffff\</origin>
				<translate>【防御】とろける瞳\f801\物理・属性防御力ＤＯＷＮ\f801\\ffff\</translate>
			</id>
			<id id="782"/>
			<id id="783">
				<origin>【標的】狙いの一噛み\f801\狙われ率ＵＰ\f801\\ffff\</origin>
				<translate>【標的】狙いの一噛み\f801\狙われ率ＵＰ\f801\\ffff\</translate>
			</id>
			<id id="784">
				<origin>【ＭＡＸＨＰ】悪魔の輝き\f801\ＭＡＸＨＰＤＯＷＮ\f801\\ffff\</origin>
				<translate>【ＭＡＸＨＰ】悪魔の輝き\f801\ＭＡＸＨＰＤＯＷＮ\f801\\ffff\</translate>
			</id>
		</body>
	</mbm>
