<?xml version="1.0" encoding="UTF-8"?>
	<mbm>
		<head>000000004d53473200000100</head>
		<size>b8000000</size>
		<number>00000000</number>
		<j>200000000000000000000000</j>
		<body>
			<id id="0">
				<origin>飛泉ノ水島と呼ばれる島の東方には\f801\深い森が広がっているようだ…。\f801\\f802\君たちは海の一族の拠点を避け\f801\その樹海へと足を向けることにする。\f801\\ffff\</origin>
				<translate>飛泉ノ水島と呼ばれる島の東方には\f801\深い森が広がっているようだ…。\f801\\f802\君たちは海の一族の拠点を避け\f801\その樹海へと足を向けることにする。\f801\\ffff\</translate>
			</id>
		</body>
	</mbm>
