<?xml version="1.0" encoding="UTF-8"?>
	<mbm>
		<head>000000004d53473200000100</head>
		<size>162d0000</size>
		<number>5b000000</number>
		<j>200000000000000000000000</j>
		<body>
			<id id="0">
				<origin>ヌシは見事に釣り上げた。\f801\これ以上ここですることはないだろう。\f801\\ffff\</origin>
				<translate>ヌシは見事に釣り上げた。\f801\これ以上ここですることはないだろう。\f801\\ffff\</translate>
			</id>
			<id id="1"/>
			<id id="2"/>
			<id id="3"/>
			<id id="4"/>
			<id id="5"/>
			<id id="6"/>
			<id id="7"/>
			<id id="8"/>
			<id id="9"/>
			<id id="10"/>
			<id id="11"/>
			<id id="12"/>
			<id id="13"/>
			<id id="14"/>
			<id id="15"/>
			<id id="16"/>
			<id id="17"/>
			<id id="18"/>
			<id id="19"/>
			<id id="20"/>
			<id id="21"/>
			<id id="22"/>
			<id id="23"/>
			<id id="24"/>
			<id id="25"/>
			<id id="26"/>
			<id id="27"/>
			<id id="28"/>
			<id id="29"/>
			<id id="30"/>
			<id id="31"/>
			<id id="32"/>
			<id id="33"/>
			<id id="34"/>
			<id id="35"/>
			<id id="36"/>
			<id id="37"/>
			<id id="38"/>
			<id id="39"/>
			<id id="40"/>
			<id id="41"/>
			<id id="42"/>
			<id id="43"/>
			<id id="44"/>
			<id id="45"/>
			<id id="46"/>
			<id id="47"/>
			<id id="48"/>
			<id id="49"/>
			<id id="50">
				<origin>マギニアを出た君たちは、西へと向かい、\f801\指定された平原を訪れる。\f801\\f802\降り注ぐ太陽の光と、響き渡る鳥の囀りは\f801\この島が危険であることを忘れさせる。\f801\\f802\君たちはこの平原の奥にあるという\f801\池を目指して歩き始める。\f801\\f802\………。\f801\\f802\……。\f801\\f802\…。\f801\\f802\…平原を突っ切って進んだ君たちは\f801\やがて平原と岩場の境目に\f801\綺麗な水を蓄えた池を発見する。\f801\\f802\水面には水鳥が泳ぎ、透明な水の中には\f801\大小の魚が泳いでいるのが見える。\f801\\f802\ここに街で聞いたような\f801\池のヌシがいるのだろうか？\f801\\f802\そう思って君たちが池を眺めていた時…\f801\\f802\池の中心を泳いでた水鳥が\f801\不意に暴れ、次の瞬間\f801\池の中に引き摺り込まれてしまった！\f801\\ffff\</origin>
				<translate>マギニアを出た君たちは、西へと向かい、\f801\指定された平原を訪れる。\f801\\f802\降り注ぐ太陽の光と、響き渡る鳥の囀りは\f801\この島が危険であることを忘れさせる。\f801\\f802\君たちはこの平原の奥にあるという\f801\池を目指して歩き始める。\f801\\f802\………。\f801\\f802\……。\f801\\f802\…。\f801\\f802\…平原を突っ切って進んだ君たちは\f801\やがて平原と岩場の境目に\f801\綺麗な水を蓄えた池を発見する。\f801\\f802\水面には水鳥が泳ぎ、透明な水の中には\f801\大小の魚が泳いでいるのが見える。\f801\\f802\ここに街で聞いたような\f801\池のヌシがいるのだろうか？\f801\\f802\そう思って君たちが池を眺めていた時…\f801\\f802\池の中心を泳いでた水鳥が\f801\不意に暴れ、次の瞬間\f801\池の中に引き摺り込まれてしまった！\f801\\ffff\</translate>
			</id>
			<id id="51">
				<origin>…今、水鳥を引き込んで捕食したのが\f801\池のヌシなのだろうか？\f801\\f802\確かに、このままでは\f801\安全な水源とは言い難そうだ。\f801\\f802\君たちは、謎の怪魚を捕まえ\f801\この水源の安全を確保しようと考える。\f801\\ffff\</origin>
				<translate>…今、水鳥を引き込んで捕食したのが\f801\池のヌシなのだろうか？\f801\\f802\確かに、このままでは\f801\安全な水源とは言い難そうだ。\f801\\f802\君たちは、謎の怪魚を捕まえ\f801\この水源の安全を確保しようと考える。\f801\\ffff\</translate>
			</id>
			<id id="52">
				<origin>\f804\\0500\誰が釣りを行いますか？\f804\\0000\\f801\\ffff\</origin>
				<translate>\f804\\0500\誰が釣りを行いますか？\f804\\0000\\f801\\ffff\</translate>
			</id>
			<id id="53">
				<origin>\f843\\0000\は\f801\酒場で預かった竿とエサを出すと\f801\素早く準備を整える！\f801\\f802\そして池の中心部…\f801\先ほど水鳥が消えた辺りに向かって\f801\餌を投げ入れる………。\f801\\f802\………\f801\\f802\……\f801\\f802\…しかし、待っても待っても\f801\魚が釣れる気配はない。\f801\\f802\場所が悪いのか餌が悪いのか…\f801\はたまた腕が悪いのか…\f801\\f802\このままでは魚は釣れそうにない。\f801\そんな時、\f843\\0100\が\f801\餌を動かすべきだと助言をする。\f801\\f802\しかし\f843\\0200\は\f801\このまま気配を消して待ったほうが…\f801\と呟く。\f801\\f802\すると\f843\\0300\が\f801\撒き餌をすればよってくるのでは？\f801\と思いつきを口にする。\f801\\ffff\</origin>
				<translate>\f843\\0000\は\f801\酒場で預かった竿とエサを出すと\f801\素早く準備を整える！\f801\\f802\そして池の中心部…\f801\先ほど水鳥が消えた辺りに向かって\f801\餌を投げ入れる………。\f801\\f802\………\f801\\f802\……\f801\\f802\…しかし、待っても待っても\f801\魚が釣れる気配はない。\f801\\f802\場所が悪いのか餌が悪いのか…\f801\はたまた腕が悪いのか…\f801\\f802\このままでは魚は釣れそうにない。\f801\そんな時、\f843\\0100\が\f801\餌を動かすべきだと助言をする。\f801\\f802\しかし\f843\\0200\は\f801\このまま気配を消して待ったほうが…\f801\と呟く。\f801\\f802\すると\f843\\0300\が\f801\撒き餌をすればよってくるのでは？\f801\と思いつきを口にする。\f801\\ffff\</translate>
			</id>
			<id id="54">
				<origin>\f843\\0000\は酒場で預かった竿とエサ、\f801\それに竿を固定する道具を出すと\f801\素早く準備を整える！\f801\\f802\そして池の中心部…\f801\先ほど水鳥が消えた辺りに向かって\f801\餌を投げ入れる………。\f801\\f802\………\f801\\f802\……\f801\\f802\…しかし、待っても待っても\f801\魚が釣れる気配はない。\f801\\f802\場所が悪いのか餌が悪いのか…\f801\はたまた腕が悪いのか…\f801\\f802\このままでは魚は釣れそうにない。\f801\そんな時、\f843\\0000\は\f801\餌を動かすのはどうかと思いつく。\f801\\f802\しかし、下手をしてしまうかもしれない。\f801\このまま気配を消して待ったほうが…\f801\とも思えてくる。\f801\\f802\すると今までの思いとは違う、\f801\撒き餌をすればよってくるのでは？\f801\と言う考えが頭をよぎる。\f801\\ffff\</origin>
				<translate>\f843\\0000\は酒場で預かった竿とエサ、\f801\それに竿を固定する道具を出すと\f801\素早く準備を整える！\f801\\f802\そして池の中心部…\f801\先ほど水鳥が消えた辺りに向かって\f801\餌を投げ入れる………。\f801\\f802\………\f801\\f802\……\f801\\f802\…しかし、待っても待っても\f801\魚が釣れる気配はない。\f801\\f802\場所が悪いのか餌が悪いのか…\f801\はたまた腕が悪いのか…\f801\\f802\このままでは魚は釣れそうにない。\f801\そんな時、\f843\\0000\は\f801\餌を動かすのはどうかと思いつく。\f801\\f802\しかし、下手をしてしまうかもしれない。\f801\このまま気配を消して待ったほうが…\f801\とも思えてくる。\f801\\f802\すると今までの思いとは違う、\f801\撒き餌をすればよってくるのでは？\f801\と言う考えが頭をよぎる。\f801\\ffff\</translate>
			</id>
			<id id="55">
				<origin>\f804\\0500\どうしますか？\f804\\0000\\f801\竿を小刻みに動かしてみる\f801\あえてこのままジッと待つ\f801\予備の餌を撒き餌にする\f801\\ffff\</origin>
				<translate>\f804\\0500\どうしますか？\f804\\0000\\f801\竿を小刻みに動かしてみる\f801\あえてこのままジッと待つ\f801\予備の餌を撒き餌にする\f801\\ffff\</translate>
			</id>
			<id id="56">
				<origin>\f843\\0000\は\f801\竿を小刻みに動かし\f801\餌を魅力的に見せようとする！\f801\\f802\引き、止め、小刻みに震わせ…\f801\そしてまた止める。\f801\\f802\額に汗を浮かべながら働く\f801\\f843\\0000\だが、その竿に\f801\池のヌシがかかる気配はない…。\f801\\ffff\</origin>
				<translate>\f843\\0000\は\f801\竿を小刻みに動かし\f801\餌を魅力的に見せようとする！\f801\\f802\引き、止め、小刻みに震わせ…\f801\そしてまた止める。\f801\\f802\額に汗を浮かべながら働く\f801\\f843\\0000\だが、その竿に\f801\池のヌシがかかる気配はない…。\f801\\ffff\</translate>
			</id>
			<id id="57">
				<origin>気配を消して魚が安心して\f801\餌を食べるまで待とう…\f801\\f802\君たちはそう決めると、口を閉ざし\f801\気配を消すように物陰に潜み\f801\魚の警戒心を解こうと努力する…。\f801\\f802\………\f801\\f802\……\f801\\f802\…\f801\\f802\…穏やかな風の中、\f801\待ち続ける君たちだったがその竿に\f801\池のヌシがかかる気配はない…。\f801\\ffff\</origin>
				<translate>気配を消して魚が安心して\f801\餌を食べるまで待とう…\f801\\f802\君たちはそう決めると、口を閉ざし\f801\気配を消すように物陰に潜み\f801\魚の警戒心を解こうと努力する…。\f801\\f802\………\f801\\f802\……\f801\\f802\…\f801\\f802\…穏やかな風の中、\f801\待ち続ける君たちだったがその竿に\f801\池のヌシがかかる気配はない…。\f801\\ffff\</translate>
			</id>
			<id id="58">
				<origin>言い出した\f843\\0300\が\f801\予備の餌を池に向かって\f801\大量にばらまいていく！\f801\\f802\水面に波紋が広がり、魚たちが\f801\騒ぐ姿が君たちの目に映る…。\f801\\f802\…そのまま池のヌシがかかるのを待つが\f801\その竿に反応はまったくない…。\f801\\ffff\</origin>
				<translate>言い出した\f843\\0300\が\f801\予備の餌を池に向かって\f801\大量にばらまいていく！\f801\\f802\水面に波紋が広がり、魚たちが\f801\騒ぐ姿が君たちの目に映る…。\f801\\f802\…そのまま池のヌシがかかるのを待つが\f801\その竿に反応はまったくない…。\f801\\ffff\</translate>
			</id>
			<id id="59">
				<origin>\f843\\0300\は\f801\予備の餌を池に向かって\f801\大量にばらまいていく！\f801\\f802\水面に波紋が広がり、魚たちが\f801\騒ぐ姿が君たちの目に映る…。\f801\\f802\…そのまま池のヌシがかかるのを待つが\f801\その竿に反応はまったくない…。\f801\\ffff\</origin>
				<translate>\f843\\0300\は\f801\予備の餌を池に向かって\f801\大量にばらまいていく！\f801\\f802\水面に波紋が広がり、魚たちが\f801\騒ぐ姿が君たちの目に映る…。\f801\\f802\…そのまま池のヌシがかかるのを待つが\f801\その竿に反応はまったくない…。\f801\\ffff\</translate>
			</id>
			<id id="60">
				<origin>どうやらヌシ釣りは失敗に\f801\終わったようだ。疲れ果てた\f801\君たちが竿を引き揚げようとした時…\f801\\ffff\</origin>
				<translate>どうやらヌシ釣りは失敗に\f801\終わったようだ。疲れ果てた\f801\君たちが竿を引き揚げようとした時…\f801\\ffff\</translate>
			</id>
			<id id="61">
				<origin>不意にグンッ！ と強烈な勢いで\f801\糸が引かれ竿が撓る！！\f801\\f802\\f843\\0000\が思わず\f801\両手で竿を握りしめるが\f801\そのまま池の方にひっぱられている！\f801\\f802\間違いない！\f801\池のヌシがかかったのだ！\f801\\ffff\</origin>
				<translate>不意にグンッ！ と強烈な勢いで\f801\糸が引かれ竿が撓る！！\f801\\f802\\f843\\0000\が思わず\f801\両手で竿を握りしめるが\f801\そのまま池の方にひっぱられている！\f801\\f802\間違いない！\f801\池のヌシがかかったのだ！\f801\\ffff\</translate>
			</id>
			<id id="62">
				<origin>\f843\\0000\は\f801\決意を込めた目で糸の先\f801\まだ見えぬヌシを睨んでいる！\f801\\ffff\</origin>
				<translate>\f843\\0000\は\f801\決意を込めた目で糸の先\f801\まだ見えぬヌシを睨んでいる！\f801\\ffff\</translate>
			</id>
			<id id="63">
				<origin>\f804\\0500\どうしますか？\f804\\0000\\f801\力いっぱい竿を引く！\f801\相手がひっぱる方へ移動する\f801\\ffff\</origin>
				<translate>\f804\\0500\どうしますか？\f804\\0000\\f801\力いっぱい竿を引く！\f801\相手がひっぱる方へ移動する\f801\\ffff\</translate>
			</id>
			<id id="64">
				<origin>一気に引き上げてやる！ とばかりに\f801\\f843\\0000\が竿を立てるが\f801\ヌシもまた力強く糸を引く！\f801\\f802\人と魚…それぞれの力が加わり\f801\木でできた竿が今にも折れそうな\f801\軋んだ音を立て始める。\f801\\f802\その懸念を声にすると\f801\\f843\\0000\は慌てて力を抜く。\f801\\f802\…どうやら一気に釣り上げることは\f801\難しかったようだ。\f801\\ffff\</origin>
				<translate>一気に引き上げてやる！ とばかりに\f801\\f843\\0000\が竿を立てるが\f801\ヌシもまた力強く糸を引く！\f801\\f802\人と魚…それぞれの力が加わり\f801\木でできた竿が今にも折れそうな\f801\軋んだ音を立て始める。\f801\\f802\その懸念を声にすると\f801\\f843\\0000\は慌てて力を抜く。\f801\\f802\…どうやら一気に釣り上げることは\f801\難しかったようだ。\f801\\ffff\</translate>
			</id>
			<id id="65">
				<origin>\f843\\0000\は池の淵まで走り\f801\魚が逃げる方角についていくように\f801\移動していく…。\f801\\f802\そうして魚が疲れるのを待とうと\f801\したのだが、ヌシは次第に\f801\池の深みへと動き始める…。\f801\\f802\池の深みへ逃がす訳にはいかないと\f801\\f843\\0000\は力を込めて\f801\ヌシの動きを止める…。\f801\\f802\…だが釣り上げることは\f801\難しかったようだ。\f801\\ffff\</origin>
				<translate>\f843\\0000\は池の淵まで走り\f801\魚が逃げる方角についていくように\f801\移動していく…。\f801\\f802\そうして魚が疲れるのを待とうと\f801\したのだが、ヌシは次第に\f801\池の深みへと動き始める…。\f801\\f802\池の深みへ逃がす訳にはいかないと\f801\\f843\\0000\は力を込めて\f801\ヌシの動きを止める…。\f801\\f802\…だが釣り上げることは\f801\難しかったようだ。\f801\\ffff\</translate>
			</id>
			<id id="66">
				<origin>池のヌシとの一進一退の戦いが\f801\続く中、不意に\f843\\0400\が\f801\明るい声をあげる。\f801\\ffff\</origin>
				<translate>池のヌシとの一進一退の戦いが\f801\続く中、不意に\f843\\0400\が\f801\明るい声をあげる。\f801\\ffff\</translate>
			</id>
			<id id="67">
				<origin>\f843\\0400\が弓を手に取ると\f801\巨大魚に向けて狙いを定める。\f801\\f802\そして池の中に見える\f801\巨大な影に向かって\f801\鋭い一撃を発射する！\f801\\ffff\</origin>
				<translate>\f843\\0400\が弓を手に取ると\f801\巨大魚に向けて狙いを定める。\f801\\f802\そして池の中に見える\f801\巨大な影に向かって\f801\鋭い一撃を発射する！\f801\\ffff\</translate>
			</id>
			<id id="68">
				<origin>\f843\\0400\は悪戦苦闘しながら\f801\器具に竿を固定した後に弓を手に取ると\f801\巨大魚に向けて狙いを定める。\f801\\f802\そして池の中に見える\f801\巨大な影に向かって\f801\鋭い一撃を発射する！\f801\\ffff\</origin>
				<translate>\f843\\0400\は悪戦苦闘しながら\f801\器具に竿を固定した後に弓を手に取ると\f801\巨大魚に向けて狙いを定める。\f801\\f802\そして池の中に見える\f801\巨大な影に向かって\f801\鋭い一撃を発射する！\f801\\ffff\</translate>
			</id>
			<id id="69">
				<origin>矢は見事に巨大魚にヒットしたようだ！\f801\魚が驚き力が弱まった瞬間\f801\\f843\\0000\が力いっぱい竿を引く！\f801\\f802\さすがの池のヌシも\f801\体に矢を受けては抗う事はできない。\f801\\f802\こうして、全長２ｍ近く\f801\何十もの鋭い牙を持つ巨大魚が\f801\\f843\\0000\によって釣り上げられた。\f801\\f802\仲間たちはその釣りの腕と\f801\\f843\\0400\の弓の腕前を褒め称える。\f801\\f802\池のヌシを釣ったことで\f801\この池は安全になったはずだ。\f801\\f802\これからは水源として\f801\安心して利用できるだろう。\f801\\f802\君たちは証拠として\f801\その魚を抱え上げると\f801\マギニアへと帰還することにする。\f801\\ffff\</origin>
				<translate>矢は見事に巨大魚にヒットしたようだ！\f801\魚が驚き力が弱まった瞬間\f801\\f843\\0000\が力いっぱい竿を引く！\f801\\f802\さすがの池のヌシも\f801\体に矢を受けては抗う事はできない。\f801\\f802\こうして、全長２ｍ近く\f801\何十もの鋭い牙を持つ巨大魚が\f801\\f843\\0000\によって釣り上げられた。\f801\\f802\仲間たちはその釣りの腕と\f801\\f843\\0400\の弓の腕前を褒め称える。\f801\\f802\池のヌシを釣ったことで\f801\この池は安全になったはずだ。\f801\\f802\これからは水源として\f801\安心して利用できるだろう。\f801\\f802\君たちは証拠として\f801\その魚を抱え上げると\f801\マギニアへと帰還することにする。\f801\\ffff\</translate>
			</id>
			<id id="70">
				<origin>矢は見事に巨大魚にヒットしたようだ！\f801\魚が驚き力が弱まった瞬間\f801\\f843\\0000\が力いっぱい竿を引く！\f801\\f802\さすがの池のヌシも\f801\体に矢を受けては抗う事はできない。\f801\\f802\こうして、全長２ｍ近く\f801\何十もの鋭い牙を持つ巨大魚が\f801\\f843\\0000\によって釣り上げられた。\f801\\f802\池のヌシを釣ったことで\f801\この池は安全になったはずだ。\f801\\f802\これからは水源として\f801\安心して利用できるだろう。\f801\\f802\君たちは証拠として\f801\その魚を抱え上げると\f801\マギニアへと帰還することにする。\f801\\ffff\</origin>
				<translate>矢は見事に巨大魚にヒットしたようだ！\f801\魚が驚き力が弱まった瞬間\f801\\f843\\0000\が力いっぱい竿を引く！\f801\\f802\さすがの池のヌシも\f801\体に矢を受けては抗う事はできない。\f801\\f802\こうして、全長２ｍ近く\f801\何十もの鋭い牙を持つ巨大魚が\f801\\f843\\0000\によって釣り上げられた。\f801\\f802\池のヌシを釣ったことで\f801\この池は安全になったはずだ。\f801\\f802\これからは水源として\f801\安心して利用できるだろう。\f801\\f802\君たちは証拠として\f801\その魚を抱え上げると\f801\マギニアへと帰還することにする。\f801\\ffff\</translate>
			</id>
			<id id="71">
				<origin>\f843\\0400\が槍を構えると\f801\巨大魚に向けて狙いを定める。\f801\\f802\そして池の中に見える\f801\巨大な影に向かって\f801\鋭い一撃を放つ！\f801\\ffff\</origin>
				<translate>\f843\\0400\が槍を構えると\f801\巨大魚に向けて狙いを定める。\f801\\f802\そして池の中に見える\f801\巨大な影に向かって\f801\鋭い一撃を放つ！\f801\\ffff\</translate>
			</id>
			<id id="72">
				<origin>\f843\\0400\は悪戦苦闘しながら\f801\器具に竿を固定した後に槍を構えると\f801\巨大魚に向けて狙いを定める。\f801\\f802\そして池の中に見える\f801\巨大な影に向かって\f801\鋭い一撃を放つ！\f801\\ffff\</origin>
				<translate>\f843\\0400\は悪戦苦闘しながら\f801\器具に竿を固定した後に槍を構えると\f801\巨大魚に向けて狙いを定める。\f801\\f802\そして池の中に見える\f801\巨大な影に向かって\f801\鋭い一撃を放つ！\f801\\ffff\</translate>
			</id>
			<id id="73">
				<origin>槍は見事に巨大魚にヒットしたようだ！\f801\魚が驚き力が弱まった瞬間\f801\\f843\\0000\が力いっぱい竿を引く！\f801\\f802\さすがの池のヌシも\f801\体に槍を受けては抗う事はできない。\f801\\f802\こうして、全長２ｍ近く\f801\何十もの鋭い牙を持つ巨大魚が\f801\\f843\\0000\によって釣り上げられた。\f801\\f802\仲間たちはその釣りの腕と\f801\\f843\\0400\の槍の腕前を褒め称える。\f801\\f802\池のヌシを釣ったことで\f801\この池は安全になったはずだ。\f801\\f802\これからは水源として\f801\安心して利用できるだろう。\f801\\f802\君たちは証拠として\f801\その魚を抱え上げると\f801\マギニアへと帰還することにする。\f801\\ffff\</origin>
				<translate>槍は見事に巨大魚にヒットしたようだ！\f801\魚が驚き力が弱まった瞬間\f801\\f843\\0000\が力いっぱい竿を引く！\f801\\f802\さすがの池のヌシも\f801\体に槍を受けては抗う事はできない。\f801\\f802\こうして、全長２ｍ近く\f801\何十もの鋭い牙を持つ巨大魚が\f801\\f843\\0000\によって釣り上げられた。\f801\\f802\仲間たちはその釣りの腕と\f801\\f843\\0400\の槍の腕前を褒め称える。\f801\\f802\池のヌシを釣ったことで\f801\この池は安全になったはずだ。\f801\\f802\これからは水源として\f801\安心して利用できるだろう。\f801\\f802\君たちは証拠として\f801\その魚を抱え上げると\f801\マギニアへと帰還することにする。\f801\\ffff\</translate>
			</id>
			<id id="74">
				<origin>槍は見事に巨大魚にヒットしたようだ！\f801\魚が驚き力が弱まった瞬間\f801\\f843\\0000\が力いっぱい竿を引く！\f801\\f802\さすがの池のヌシも\f801\体に槍を受けては抗う事はできない。\f801\\f802\こうして、全長２ｍ近く\f801\何十もの鋭い牙を持つ巨大魚が\f801\\f843\\0000\によって釣り上げられた。\f801\\f802\池のヌシを釣ったことで\f801\この池は安全になったはずだ。\f801\\f802\これからは水源として\f801\安心して利用できるだろう。\f801\\f802\君たちは証拠として\f801\その魚を抱え上げると\f801\マギニアへと帰還することにする。\f801\\ffff\</origin>
				<translate>槍は見事に巨大魚にヒットしたようだ！\f801\魚が驚き力が弱まった瞬間\f801\\f843\\0000\が力いっぱい竿を引く！\f801\\f802\さすがの池のヌシも\f801\体に槍を受けては抗う事はできない。\f801\\f802\こうして、全長２ｍ近く\f801\何十もの鋭い牙を持つ巨大魚が\f801\\f843\\0000\によって釣り上げられた。\f801\\f802\池のヌシを釣ったことで\f801\この池は安全になったはずだ。\f801\\f802\これからは水源として\f801\安心して利用できるだろう。\f801\\f802\君たちは証拠として\f801\その魚を抱え上げると\f801\マギニアへと帰還することにする。\f801\\ffff\</translate>
			</id>
			<id id="75">
				<origin>\f843\\0400\が銃を構えると\f801\巨大魚に向けて狙いを定める。\f801\\f802\そして池の中に見える\f801\巨大な影に向かって\f801\鋭い一撃を発射する！\f801\\ffff\</origin>
				<translate>\f843\\0400\が銃を構えると\f801\巨大魚に向けて狙いを定める。\f801\\f802\そして池の中に見える\f801\巨大な影に向かって\f801\鋭い一撃を発射する！\f801\\ffff\</translate>
			</id>
			<id id="76">
				<origin>\f843\\0400\は悪戦苦闘しながら\f801\器具に竿を固定した後に銃を構えると\f801\巨大魚に向けて狙いを定める。\f801\\f802\そして池の中に見える\f801\巨大な影に向かって\f801\鋭い一撃を発射する！\f801\\ffff\</origin>
				<translate>\f843\\0400\は悪戦苦闘しながら\f801\器具に竿を固定した後に銃を構えると\f801\巨大魚に向けて狙いを定める。\f801\\f802\そして池の中に見える\f801\巨大な影に向かって\f801\鋭い一撃を発射する！\f801\\ffff\</translate>
			</id>
			<id id="77">
				<origin>銃は見事に巨大魚にヒットしたようだ！\f801\魚が驚き力が弱まった瞬間\f801\\f843\\0000\が力いっぱい竿を引く！\f801\\f802\さすがの池のヌシも\f801\体に銃撃を受けては抗う事はできない。\f801\\f802\こうして、全長２ｍ近く\f801\何十もの鋭い牙を持つ巨大魚が\f801\\f843\\0000\によって釣り上げられた。\f801\\f802\仲間たちはその釣りの腕と\f801\\f843\\0400\の銃の腕前を褒め称える。\f801\\f802\池のヌシを釣ったことで\f801\この池は安全になったはずだ。\f801\\f802\これからは水源として\f801\安心して利用できるだろう。\f801\\f802\君たちは証拠として\f801\その魚を抱え上げると\f801\マギニアへと帰還することにする。\f801\\ffff\</origin>
				<translate>銃は見事に巨大魚にヒットしたようだ！\f801\魚が驚き力が弱まった瞬間\f801\\f843\\0000\が力いっぱい竿を引く！\f801\\f802\さすがの池のヌシも\f801\体に銃撃を受けては抗う事はできない。\f801\\f802\こうして、全長２ｍ近く\f801\何十もの鋭い牙を持つ巨大魚が\f801\\f843\\0000\によって釣り上げられた。\f801\\f802\仲間たちはその釣りの腕と\f801\\f843\\0400\の銃の腕前を褒め称える。\f801\\f802\池のヌシを釣ったことで\f801\この池は安全になったはずだ。\f801\\f802\これからは水源として\f801\安心して利用できるだろう。\f801\\f802\君たちは証拠として\f801\その魚を抱え上げると\f801\マギニアへと帰還することにする。\f801\\ffff\</translate>
			</id>
			<id id="78">
				<origin>銃は見事に巨大魚にヒットしたようだ！\f801\魚が驚き力が弱まった瞬間\f801\\f843\\0000\が力いっぱい竿を引く！\f801\\f802\さすがの池のヌシも\f801\体に銃撃を受けては抗う事はできない。\f801\\f802\こうして、全長２ｍ近く\f801\何十もの鋭い牙を持つ巨大魚が\f801\\f843\\0000\によって釣り上げられた。\f801\\f802\池のヌシを釣ったことで\f801\この池は安全になったはずだ。\f801\\f802\これからは水源として\f801\安心して利用できるだろう。\f801\\f802\君たちは証拠として\f801\その魚を抱え上げると\f801\マギニアへと帰還することにする。\f801\\ffff\</origin>
				<translate>銃は見事に巨大魚にヒットしたようだ！\f801\魚が驚き力が弱まった瞬間\f801\\f843\\0000\が力いっぱい竿を引く！\f801\\f802\さすがの池のヌシも\f801\体に銃撃を受けては抗う事はできない。\f801\\f802\こうして、全長２ｍ近く\f801\何十もの鋭い牙を持つ巨大魚が\f801\\f843\\0000\によって釣り上げられた。\f801\\f802\池のヌシを釣ったことで\f801\この池は安全になったはずだ。\f801\\f802\これからは水源として\f801\安心して利用できるだろう。\f801\\f802\君たちは証拠として\f801\その魚を抱え上げると\f801\マギニアへと帰還することにする。\f801\\ffff\</translate>
			</id>
			<id id="79">
				<origin>\f843\\0400\が砲剣を構えると\f801\巨大魚に向けて狙いを定める。\f801\\f802\そして他の仲間たちが驚くのを気にも留めず\f801\そのまま砲撃を池に放つ！\f801\\ffff\</origin>
				<translate>\f843\\0400\が砲剣を構えると\f801\巨大魚に向けて狙いを定める。\f801\\f802\そして他の仲間たちが驚くのを気にも留めず\f801\そのまま砲撃を池に放つ！\f801\\ffff\</translate>
			</id>
			<id id="80">
				<origin>\f843\\0400\は悪戦苦闘しながら\f801\器具に竿を固定した後に砲剣を構えると\f801\巨大魚に向けて狙いを定める。\f801\\f802\そして何のためらいもなく\f801\そのまま砲撃を池に放つ！\f801\\ffff\</origin>
				<translate>\f843\\0400\は悪戦苦闘しながら\f801\器具に竿を固定した後に砲剣を構えると\f801\巨大魚に向けて狙いを定める。\f801\\f802\そして何のためらいもなく\f801\そのまま砲撃を池に放つ！\f801\\ffff\</translate>
			</id>
			<id id="81">
				<origin>激しい音が響き渡り\f801\仲間たちは思わず目を閉じる。\f801\\f802\が、その砲撃はうまく池の中央部\f801\ヌシが暴れる辺りに届いたようだ。\f801\\f802\\f843\\0000\が引く竿にかかる力が\f801\目に見えて弱まったのだ！\f801\\f802\気を取り直し\f801\\f843\\0000\が力いっぱい竿を引く！\f801\\f802\さすがの池のヌシも\f801\砲撃の前には抗う事はできなかったようだ。\f801\\f802\こうして、全長２ｍ近く\f801\何十もの鋭い牙を持つ巨大魚が\f801\\f843\\0000\によって釣り上げられた。\f801\\f802\仲間たちはその釣りの腕と\f801\\f843\\0400\の奇策を褒め称える。\f801\\f802\池のヌシを釣ったことで\f801\この池は安全になったはずだ。\f801\\f802\これからは水源として\f801\安心して利用できるだろう。\f801\\f802\君たちは証拠として\f801\その魚を抱え上げると\f801\マギニアへと帰還することにする。\f801\\ffff\</origin>
				<translate>激しい音が響き渡り\f801\仲間たちは思わず目を閉じる。\f801\\f802\が、その砲撃はうまく池の中央部\f801\ヌシが暴れる辺りに届いたようだ。\f801\\f802\\f843\\0000\が引く竿にかかる力が\f801\目に見えて弱まったのだ！\f801\\f802\気を取り直し\f801\\f843\\0000\が力いっぱい竿を引く！\f801\\f802\さすがの池のヌシも\f801\砲撃の前には抗う事はできなかったようだ。\f801\\f802\こうして、全長２ｍ近く\f801\何十もの鋭い牙を持つ巨大魚が\f801\\f843\\0000\によって釣り上げられた。\f801\\f802\仲間たちはその釣りの腕と\f801\\f843\\0400\の奇策を褒め称える。\f801\\f802\池のヌシを釣ったことで\f801\この池は安全になったはずだ。\f801\\f802\これからは水源として\f801\安心して利用できるだろう。\f801\\f802\君たちは証拠として\f801\その魚を抱え上げると\f801\マギニアへと帰還することにする。\f801\\ffff\</translate>
			</id>
			<id id="82">
				<origin>激しい音が響き渡り\f801\仲間たちは思わず目を閉じる。\f801\\f802\が、その砲撃はうまく池の中央部\f801\ヌシが暴れる辺りに届いたようだ。\f801\\f802\\f843\\0000\が引く竿にかかる力が\f801\目に見えて弱まったのだ！\f801\\f802\気を取り直し\f801\\f843\\0000\が力いっぱい竿を引く！\f801\\f802\さすがの池のヌシも\f801\砲撃の前には抗う事はできなかったようだ。\f801\\f802\こうして、全長２ｍ近く\f801\何十もの鋭い牙を持つ巨大魚が\f801\\f843\\0000\によって釣り上げられた。\f801\\f802\池のヌシを釣ったことで\f801\この池は安全になったはずだ。\f801\\f802\これからは水源として\f801\安心して利用できるだろう。\f801\\f802\君たちは証拠として\f801\その魚を抱え上げると\f801\マギニアへと帰還することにする。\f801\\ffff\</origin>
				<translate>激しい音が響き渡り\f801\仲間たちは思わず目を閉じる。\f801\\f802\が、その砲撃はうまく池の中央部\f801\ヌシが暴れる辺りに届いたようだ。\f801\\f802\\f843\\0000\が引く竿にかかる力が\f801\目に見えて弱まったのだ！\f801\\f802\気を取り直し\f801\\f843\\0000\が力いっぱい竿を引く！\f801\\f802\さすがの池のヌシも\f801\砲撃の前には抗う事はできなかったようだ。\f801\\f802\こうして、全長２ｍ近く\f801\何十もの鋭い牙を持つ巨大魚が\f801\\f843\\0000\によって釣り上げられた。\f801\\f802\池のヌシを釣ったことで\f801\この池は安全になったはずだ。\f801\\f802\これからは水源として\f801\安心して利用できるだろう。\f801\\f802\君たちは証拠として\f801\その魚を抱え上げると\f801\マギニアへと帰還することにする。\f801\\ffff\</translate>
			</id>
			<id id="83">
				<origin>\f843\\0400\が指先に\f801\雷を発生させながら\f801\池に近づいていくのだ。\f801\\f802\電気を水に流すことで\f801\ショックを与え、魚を気絶させれば\f801\簡単に釣れるはずだという。\f801\\f802\心配そうに見守る中\f801\\f843\\0400\が雷の星術を池に放つ！\f801\\ffff\</origin>
				<translate>\f843\\0400\が指先に\f801\雷を発生させながら\f801\池に近づいていくのだ。\f801\\f802\電気を水に流すことで\f801\ショックを与え、魚を気絶させれば\f801\簡単に釣れるはずだという。\f801\\f802\心配そうに見守る中\f801\\f843\\0400\が雷の星術を池に放つ！\f801\\ffff\</translate>
			</id>
			<id id="84">
				<origin>\f843\\0400\は悪戦苦闘しながら\f801\器具に竿を固定し終えると、\f801\雷を発生させながら池に近づいていく。\f801\\f802\電気を水に流すことで\f801\ショックを与え、魚を気絶させれば\f801\簡単に釣れるはずだと思いつく。\f801\\f802\固定した竿が大きくしなる中\f801\\f843\\0400\が雷の星術を池に放つ！\f801\\ffff\</origin>
				<translate>\f843\\0400\は悪戦苦闘しながら\f801\器具に竿を固定し終えると、\f801\雷を発生させながら池に近づいていく。\f801\\f802\電気を水に流すことで\f801\ショックを与え、魚を気絶させれば\f801\簡単に釣れるはずだと思いつく。\f801\\f802\固定した竿が大きくしなる中\f801\\f843\\0400\が雷の星術を池に放つ！\f801\\ffff\</translate>
			</id>
			<id id="85">
				<origin>池の水面に小さな稲妻が走り\f801\水中のヌシが大きく暴れ\f801\次の瞬間、動きを止める！\f801\\ffff\</origin>
				<translate>池の水面に小さな稲妻が走り\f801\水中のヌシが大きく暴れ\f801\次の瞬間、動きを止める！\f801\\ffff\</translate>
			</id>
			<id id="86">
				<origin>が、同時に\f843\\0000\にも\f801\電撃が届きダメージを受けてしまう！\f801\\ffff\</origin>
				<translate>が、同時に\f843\\0000\にも\f801\電撃が届きダメージを受けてしまう！\f801\\ffff\</translate>
			</id>
			<id id="87">
				<origin>一瞬ひるんだ\f843\\0000\だったが\f801\ヌシの動きがひるんだと気づくと\f801\力いっぱい竿をひく！\f801\\f802\こうして、全長２ｍ近く\f801\何十もの鋭い牙を持つ巨大魚が\f801\\f843\\0000\によって釣り上げられた。\f801\\f802\池のヌシを釣ったことで\f801\この池は安全になったはずだ。\f801\\f802\これからは水源として\f801\安心して利用できるだろう。\f801\\f802\君たちは証拠として\f801\その魚を抱え上げると\f801\マギニアへと帰還することにする。\f801\\ffff\</origin>
				<translate>一瞬ひるんだ\f843\\0000\だったが\f801\ヌシの動きがひるんだと気づくと\f801\力いっぱい竿をひく！\f801\\f802\こうして、全長２ｍ近く\f801\何十もの鋭い牙を持つ巨大魚が\f801\\f843\\0000\によって釣り上げられた。\f801\\f802\池のヌシを釣ったことで\f801\この池は安全になったはずだ。\f801\\f802\これからは水源として\f801\安心して利用できるだろう。\f801\\f802\君たちは証拠として\f801\その魚を抱え上げると\f801\マギニアへと帰還することにする。\f801\\ffff\</translate>
			</id>
			<id id="88">
				<origin>ヌシの動きがひるんだと気づくと\f801\\f843\\0000\は力いっぱい竿をひく！\f801\\f802\こうして、全長２ｍ近く\f801\何十もの鋭い牙を持つ巨大魚が\f801\\f843\\0000\によって釣り上げられた。\f801\\f802\池のヌシを釣ったことで\f801\この池は安全になったはずだ。\f801\\f802\これからは水源として\f801\安心して利用できるだろう。\f801\\f802\君たちは証拠として\f801\その魚を抱え上げると\f801\マギニアへと帰還することにする。\f801\\ffff\</origin>
				<translate>ヌシの動きがひるんだと気づくと\f801\\f843\\0000\は力いっぱい竿をひく！\f801\\f802\こうして、全長２ｍ近く\f801\何十もの鋭い牙を持つ巨大魚が\f801\\f843\\0000\によって釣り上げられた。\f801\\f802\池のヌシを釣ったことで\f801\この池は安全になったはずだ。\f801\\f802\これからは水源として\f801\安心して利用できるだろう。\f801\\f802\君たちは証拠として\f801\その魚を抱え上げると\f801\マギニアへと帰還することにする。\f801\\ffff\</translate>
			</id>
			<id id="89">
				<origin>\f843\\0400\が武器を構えると\f801\巨大魚に向けて狙いを定める。\f801\\f802\そして池の中に見える\f801\巨大な影に向かって\f801\それを投げつける！\f801\\ffff\</origin>
				<translate>\f843\\0400\が武器を構えると\f801\巨大魚に向けて狙いを定める。\f801\\f802\そして池の中に見える\f801\巨大な影に向かって\f801\それを投げつける！\f801\\ffff\</translate>
			</id>
			<id id="90">
				<origin>\f843\\0400\は悪戦苦闘しながら\f801\器具に竿を固定した後に武器を構えると\f801\巨大魚に向けて狙いを定める。\f801\\f802\そして池の中に見える\f801\巨大な影に向かって\f801\それを投げつける！\f801\\ffff\</origin>
				<translate>\f843\\0400\は悪戦苦闘しながら\f801\器具に竿を固定した後に武器を構えると\f801\巨大魚に向けて狙いを定める。\f801\\f802\そして池の中に見える\f801\巨大な影に向かって\f801\それを投げつける！\f801\\ffff\</translate>
			</id>
			<id id="91">
				<origin>武器は見事に巨大魚にヒットしたようだ！\f801\魚が驚き力が弱まった瞬間\f801\\f843\\0000\が力いっぱい竿を引く！\f801\\f802\こうして、全長２ｍ近く\f801\何十もの鋭い牙を持つ巨大魚が\f801\\f843\\0000\によって釣り上げられた。\f801\\f802\池のヌシを釣ったことで\f801\この池は安全になったはずだ。\f801\\f802\これからは水源として\f801\安心して利用できるだろう。\f801\\f802\君たちは証拠として\f801\その魚を抱え上げると\f801\マギニアへと帰還することにする。\f801\\ffff\</origin>
				<translate>武器は見事に巨大魚にヒットしたようだ！\f801\魚が驚き力が弱まった瞬間\f801\\f843\\0000\が力いっぱい竿を引く！\f801\\f802\こうして、全長２ｍ近く\f801\何十もの鋭い牙を持つ巨大魚が\f801\\f843\\0000\によって釣り上げられた。\f801\\f802\池のヌシを釣ったことで\f801\この池は安全になったはずだ。\f801\\f802\これからは水源として\f801\安心して利用できるだろう。\f801\\f802\君たちは証拠として\f801\その魚を抱え上げると\f801\マギニアへと帰還することにする。\f801\\ffff\</translate>
			</id>
		</body>
	</mbm>
