<?xml version="1.0" encoding="UTF-8"?>
	<mbm>
		<head>000000004d53473200000100</head>
		<size>c4000000</size>
		<number>00000000</number>
		<j>200000000000000000000000</j>
		<body>
			<id id="0">
				<origin>新たな迷宮の入り口を前にした君たちだが、\f801\飛竜討伐の報告をまだしていない。\f801\\f802\はやる気持ちはわかるが、\f801\まずは司令部にミッション報告をしたまえ！\f801\\ffff\</origin>
				<translate>新たな迷宮の入り口を前にした君たちだが、\f801\飛竜討伐の報告をまだしていない。\f801\\f802\はやる気持ちはわかるが、\f801\まずは司令部にミッション報告をしたまえ！\f801\\ffff\</translate>
			</id>
		</body>
	</mbm>
