<?xml version="1.0" encoding="UTF-8"?>
	<mbm>
		<head>000000004d53473200000100</head>
		<size>ae010000</size>
		<number>33000000</number>
		<j>200000000000000000000000</j>
		<body>
			<id id="0">
				<origin>新たな迷宮の入り口を前にした君たちだが、\f801\猛獣討伐の報告をまだしていない。\f801\\f802\はやる気持ちはわかるが、\f801\まずは司令部にミッション報告をしたまえ！\f801\\ffff\</origin>
				<translate>新たな迷宮の入り口を前にした君たちだが、\f801\猛獣討伐の報告をまだしていない。\f801\\f802\はやる気持ちはわかるが、\f801\まずは司令部にミッション報告をしたまえ！\f801\\ffff\</translate>
			</id>
			<id id="1"/>
			<id id="2"/>
			<id id="3"/>
			<id id="4"/>
			<id id="5"/>
			<id id="6"/>
			<id id="7"/>
			<id id="8"/>
			<id id="9"/>
			<id id="10"/>
			<id id="11"/>
			<id id="12"/>
			<id id="13"/>
			<id id="14"/>
			<id id="15"/>
			<id id="16"/>
			<id id="17"/>
			<id id="18"/>
			<id id="19"/>
			<id id="20"/>
			<id id="21"/>
			<id id="22"/>
			<id id="23"/>
			<id id="24"/>
			<id id="25"/>
			<id id="26"/>
			<id id="27"/>
			<id id="28"/>
			<id id="29"/>
			<id id="30"/>
			<id id="31"/>
			<id id="32"/>
			<id id="33"/>
			<id id="34"/>
			<id id="35"/>
			<id id="36"/>
			<id id="37"/>
			<id id="38"/>
			<id id="39"/>
			<id id="40"/>
			<id id="41"/>
			<id id="42"/>
			<id id="43"/>
			<id id="44"/>
			<id id="45"/>
			<id id="46"/>
			<id id="47"/>
			<id id="48"/>
			<id id="49"/>
			<id id="50">
				<origin>\f859\\1000\\f81b\\565f\\4348\\4152\\5f31\\3939\\2f45\\5645\\4e54\\2f6c\\6541\\5f32\\3136\\0000\「じゃあボクたちは\f801\先に飛竜の巣へ向かうよ。\f801\現地で集合しよう」\f801\\ffff\</origin>
				<translate>\f859\\1000\\f81b\\565f\\4348\\4152\\5f31\\3939\\2f45\\5645\\4e54\\2f6c\\6541\\5f32\\3136\\0000\「じゃあボクたちは\f801\先に飛竜の巣へ向かうよ。\f801\現地で集合しよう」\f801\\ffff\</translate>
			</id>
			<id id="51">
				<origin>レオはそう告げると\f801\一足先に樹海へ姿を消す。\f801\\f802\君たちは彼を追って\f801\飛竜の巣へと向かうことにする。\f801\\ffff\</origin>
				<translate>レオはそう告げると\f801\一足先に樹海へ姿を消す。\f801\\f802\君たちは彼を追って\f801\飛竜の巣へと向かうことにする。\f801\\ffff\</translate>
			</id>
		</body>
	</mbm>
