<?xml version="1.0" encoding="UTF-8"?>
	<mbm>
		<head>000000004d53473200000100</head>
		<size>08050000</size>
		<number>3e010000</number>
		<j>200000000000000000000000</j>
		<body>
			<id id="0">
				<origin>新たな迷宮の入り口を前にした君たちだが、\f801\今は新たな謎と脅威を司令部に\f801\報告するのが先決だろう。\f801\\f802\一度マギニアへ戻りたまえ！\f801\\ffff\</origin>
				<translate>新たな迷宮の入り口を前にした君たちだが、\f801\今は新たな謎と脅威を司令部に\f801\報告するのが先決だろう。\f801\\f802\一度マギニアへ戻りたまえ！\f801\\ffff\</translate>
			</id>
			<id id="1"/>
			<id id="2"/>
			<id id="3"/>
			<id id="4"/>
			<id id="5"/>
			<id id="6"/>
			<id id="7"/>
			<id id="8"/>
			<id id="9"/>
			<id id="10"/>
			<id id="11"/>
			<id id="12"/>
			<id id="13"/>
			<id id="14"/>
			<id id="15"/>
			<id id="16"/>
			<id id="17"/>
			<id id="18"/>
			<id id="19"/>
			<id id="20"/>
			<id id="21"/>
			<id id="22"/>
			<id id="23"/>
			<id id="24"/>
			<id id="25"/>
			<id id="26"/>
			<id id="27"/>
			<id id="28"/>
			<id id="29"/>
			<id id="30"/>
			<id id="31"/>
			<id id="32"/>
			<id id="33"/>
			<id id="34"/>
			<id id="35"/>
			<id id="36"/>
			<id id="37"/>
			<id id="38"/>
			<id id="39"/>
			<id id="40"/>
			<id id="41"/>
			<id id="42"/>
			<id id="43"/>
			<id id="44"/>
			<id id="45"/>
			<id id="46"/>
			<id id="47"/>
			<id id="48"/>
			<id id="49"/>
			<id id="50">
				<origin>君たちは、第四の島へ初めて訪れた際に\f801\人影を見た大きな洞窟の前に到着する。\f801\\f802\その時に目撃したような人影は周囲には\f801\存在せず、中から猛烈な勢いで\f801\吹き出す煙があるだけだ。\f801\\f802\観察すると、それは湯気だとわかる。\f801\洞窟内部はかなりの高温なのだろうか？\f801\\f802\君たちはそんな不思議な洞窟に\f801\踏み込む覚悟を決めると、ゆっくりと\f801\足を進めていく。\f801\\ffff\</origin>
				<translate>君たちは、第四の島へ初めて訪れた際に\f801\人影を見た大きな洞窟の前に到着する。\f801\\f802\その時に目撃したような人影は周囲には\f801\存在せず、中から猛烈な勢いで\f801\吹き出す煙があるだけだ。\f801\\f802\観察すると、それは湯気だとわかる。\f801\洞窟内部はかなりの高温なのだろうか？\f801\\f802\君たちはそんな不思議な洞窟に\f801\踏み込む覚悟を決めると、ゆっくりと\f801\足を進めていく。\f801\\ffff\</translate>
			</id>
			<id id="51"/>
			<id id="52"/>
			<id id="53"/>
			<id id="54"/>
			<id id="55"/>
			<id id="56"/>
			<id id="57"/>
			<id id="58"/>
			<id id="59"/>
			<id id="60"/>
			<id id="61"/>
			<id id="62"/>
			<id id="63"/>
			<id id="64"/>
			<id id="65"/>
			<id id="66"/>
			<id id="67"/>
			<id id="68"/>
			<id id="69"/>
			<id id="70"/>
			<id id="71"/>
			<id id="72"/>
			<id id="73"/>
			<id id="74"/>
			<id id="75"/>
			<id id="76"/>
			<id id="77"/>
			<id id="78"/>
			<id id="79"/>
			<id id="80"/>
			<id id="81"/>
			<id id="82"/>
			<id id="83"/>
			<id id="84"/>
			<id id="85"/>
			<id id="86"/>
			<id id="87"/>
			<id id="88"/>
			<id id="89"/>
			<id id="90"/>
			<id id="91"/>
			<id id="92"/>
			<id id="93"/>
			<id id="94"/>
			<id id="95"/>
			<id id="96"/>
			<id id="97"/>
			<id id="98"/>
			<id id="99"/>
			<id id="100"/>
			<id id="101"/>
			<id id="102"/>
			<id id="103"/>
			<id id="104"/>
			<id id="105"/>
			<id id="106"/>
			<id id="107"/>
			<id id="108"/>
			<id id="109"/>
			<id id="110"/>
			<id id="111"/>
			<id id="112"/>
			<id id="113"/>
			<id id="114"/>
			<id id="115"/>
			<id id="116"/>
			<id id="117"/>
			<id id="118"/>
			<id id="119"/>
			<id id="120"/>
			<id id="121"/>
			<id id="122"/>
			<id id="123"/>
			<id id="124"/>
			<id id="125"/>
			<id id="126"/>
			<id id="127"/>
			<id id="128"/>
			<id id="129"/>
			<id id="130"/>
			<id id="131"/>
			<id id="132"/>
			<id id="133"/>
			<id id="134"/>
			<id id="135"/>
			<id id="136"/>
			<id id="137"/>
			<id id="138"/>
			<id id="139"/>
			<id id="140"/>
			<id id="141"/>
			<id id="142"/>
			<id id="143"/>
			<id id="144"/>
			<id id="145"/>
			<id id="146"/>
			<id id="147"/>
			<id id="148"/>
			<id id="149"/>
			<id id="150"/>
			<id id="151"/>
			<id id="152"/>
			<id id="153"/>
			<id id="154"/>
			<id id="155"/>
			<id id="156"/>
			<id id="157"/>
			<id id="158"/>
			<id id="159"/>
			<id id="160"/>
			<id id="161"/>
			<id id="162"/>
			<id id="163"/>
			<id id="164"/>
			<id id="165"/>
			<id id="166"/>
			<id id="167"/>
			<id id="168"/>
			<id id="169"/>
			<id id="170"/>
			<id id="171"/>
			<id id="172"/>
			<id id="173"/>
			<id id="174"/>
			<id id="175"/>
			<id id="176"/>
			<id id="177"/>
			<id id="178"/>
			<id id="179"/>
			<id id="180"/>
			<id id="181"/>
			<id id="182"/>
			<id id="183"/>
			<id id="184"/>
			<id id="185"/>
			<id id="186"/>
			<id id="187"/>
			<id id="188"/>
			<id id="189"/>
			<id id="190"/>
			<id id="191"/>
			<id id="192"/>
			<id id="193"/>
			<id id="194"/>
			<id id="195"/>
			<id id="196"/>
			<id id="197"/>
			<id id="198"/>
			<id id="199"/>
			<id id="200"/>
			<id id="201"/>
			<id id="202"/>
			<id id="203"/>
			<id id="204"/>
			<id id="205"/>
			<id id="206"/>
			<id id="207"/>
			<id id="208"/>
			<id id="209"/>
			<id id="210"/>
			<id id="211"/>
			<id id="212"/>
			<id id="213"/>
			<id id="214"/>
			<id id="215"/>
			<id id="216"/>
			<id id="217"/>
			<id id="218"/>
			<id id="219"/>
			<id id="220"/>
			<id id="221"/>
			<id id="222"/>
			<id id="223"/>
			<id id="224"/>
			<id id="225"/>
			<id id="226"/>
			<id id="227"/>
			<id id="228"/>
			<id id="229"/>
			<id id="230"/>
			<id id="231"/>
			<id id="232"/>
			<id id="233"/>
			<id id="234"/>
			<id id="235"/>
			<id id="236"/>
			<id id="237"/>
			<id id="238"/>
			<id id="239"/>
			<id id="240"/>
			<id id="241"/>
			<id id="242"/>
			<id id="243"/>
			<id id="244"/>
			<id id="245"/>
			<id id="246"/>
			<id id="247"/>
			<id id="248"/>
			<id id="249"/>
			<id id="250"/>
			<id id="251"/>
			<id id="252"/>
			<id id="253"/>
			<id id="254"/>
			<id id="255"/>
			<id id="256"/>
			<id id="257"/>
			<id id="258"/>
			<id id="259"/>
			<id id="260"/>
			<id id="261"/>
			<id id="262"/>
			<id id="263"/>
			<id id="264"/>
			<id id="265"/>
			<id id="266"/>
			<id id="267"/>
			<id id="268"/>
			<id id="269"/>
			<id id="270"/>
			<id id="271"/>
			<id id="272"/>
			<id id="273"/>
			<id id="274"/>
			<id id="275"/>
			<id id="276"/>
			<id id="277"/>
			<id id="278"/>
			<id id="279"/>
			<id id="280"/>
			<id id="281"/>
			<id id="282"/>
			<id id="283"/>
			<id id="284"/>
			<id id="285"/>
			<id id="286"/>
			<id id="287"/>
			<id id="288"/>
			<id id="289"/>
			<id id="290"/>
			<id id="291"/>
			<id id="292"/>
			<id id="293"/>
			<id id="294"/>
			<id id="295"/>
			<id id="296"/>
			<id id="297"/>
			<id id="298"/>
			<id id="299"/>
			<id id="300">
				<origin>君たちが指定された場所につくと\f801\そこには困り果てた表情で洞窟を\f801\眺めるビルギッタの姿があった。\f801\\ffff\</origin>
				<translate>君たちが指定された場所につくと\f801\そこには困り果てた表情で洞窟を\f801\眺めるビルギッタの姿があった。\f801\\ffff\</translate>
			</id>
			<id id="301"/>
			<id id="302"/>
			<id id="303">
				<origin>\f859\\0900\「あ…\f840\のみなさん。\f801\ひ、久しぶりです……」\f801\\ffff\</origin>
				<translate>\f859\\0900\「あ…\f840\のみなさん。\f801\ひ、久しぶりです……」\f801\\ffff\</translate>
			</id>
			<id id="304"/>
			<id id="305"/>
			<id id="306">
				<origin>君たちを見て嬉しそうに\f801\そう告げる少女は、次の瞬間\f801\困った様子で言葉を続ける。\f801\\ffff\</origin>
				<translate>君たちを見て嬉しそうに\f801\そう告げる少女は、次の瞬間\f801\困った様子で言葉を続ける。\f801\\ffff\</translate>
			</id>
			<id id="307"/>
			<id id="308"/>
			<id id="309">
				<origin>\f859\\0900\\f81b\\565f\\4348\\4152\\5f31\\3930\\2f45\\5645\\4e54\\2f62\\6972\\5f32\\3234\\0000\「あ、あの…探索をしていたら\f801\飛竜に襲われて……」\f801\\f802\「私の…お父さんのような存在の\f801\ランランが私を庇って……」\f801\\ffff\</origin>
				<translate>\f859\\0900\\f81b\\565f\\4348\\4152\\5f31\\3930\\2f45\\5645\\4e54\\2f62\\6972\\5f32\\3234\\0000\「あ、あの…探索をしていたら\f801\飛竜に襲われて……」\f801\\f802\「私の…お父さんのような存在の\f801\ランランが私を庇って……」\f801\\ffff\</translate>
			</id>
			<id id="310"/>
			<id id="311"/>
			<id id="312">
				<origin>飛竜と争いながら\f801\洞窟内部に消えたのだという。\f801\\ffff\</origin>
				<translate>飛竜と争いながら\f801\洞窟内部に消えたのだという。\f801\\ffff\</translate>
			</id>
			<id id="313"/>
			<id id="314"/>
			<id id="315">
				<origin>\f859\\0900\「ランランが心配で……。\f801\みなさん、もしよろしければ\f801\ランランを助けてもらえませんか？」\f801\\ffff\</origin>
				<translate>\f859\\0900\「ランランが心配で……。\f801\みなさん、もしよろしければ\f801\ランランを助けてもらえませんか？」\f801\\ffff\</translate>
			</id>
			<id id="316"/>
			<id id="317"/>
			<id id="318">
				<origin>ランランと飛竜は洞窟内で\f801\今も争っているはずだという。\f801\\f802\君たちは金剛獣ノ岩窟に\f801\入り、ランランを助けることにする。\f801\\ffff\</origin>
				<translate>ランランと飛竜は洞窟内で\f801\今も争っているはずだという。\f801\\f802\君たちは金剛獣ノ岩窟に\f801\入り、ランランを助けることにする。\f801\\ffff\</translate>
			</id>
		</body>
	</mbm>
