<?xml version="1.0" encoding="UTF-8"?>
	<mbm>
		<head>000000004d53473200000100</head>
		<size>36130000</size>
		<number>7a000000</number>
		<j>200000000000000000000000</j>
		<body>
			<id id="0">
				<origin>\f859\\0500\ん？ 登録すべき魔物はないようだぞ。\f801\また何か見つけた時に報告を頼む。\f801\\ffff\</origin>
				<translate>\f859\\0500\ん？ 登録すべき魔物はないようだぞ。\f801\また何か見つけた時に報告を頼む。\f801\\ffff\</translate>
			</id>
			<id id="1">
				<origin>\f859\\0500\すでに魔物の図鑑は完成している。\f801\汝らの働きには本当に感謝しているぞ。\f801\\ffff\</origin>
				<translate>\f859\\0500\すでに魔物の図鑑は完成している。\f801\汝らの働きには本当に感謝しているぞ。\f801\\ffff\</translate>
			</id>
			<id id="2">
				<origin>\f859\\0400\おや？ 登録すべき魔物はないようだが…。\f801\また何か見つけた時に報告を頼むよ。\f801\\ffff\</origin>
				<translate>\f859\\0400\おや？ 登録すべき魔物はないようだが…。\f801\また何か見つけた時に報告を頼むよ。\f801\\ffff\</translate>
			</id>
			<id id="3">
				<origin>\f859\\0400\すでに魔物の図鑑は完成しているよ。\f801\君たちの働きには本当に感謝している。\f801\\ffff\</origin>
				<translate>\f859\\0400\すでに魔物の図鑑は完成しているよ。\f801\君たちの働きには本当に感謝している。\f801\\ffff\</translate>
			</id>
			<id id="4">
				<origin>\f859\\0700\えー…登録すべき魔物は\f801\ないようですね。\f801\何か見つけた時に報告をお願いします。\f801\\ffff\</origin>
				<translate>\f859\\0700\えー…登録すべき魔物は\f801\ないようですね。\f801\何か見つけた時に報告をお願いします。\f801\\ffff\</translate>
			</id>
			<id id="5">
				<origin>\f859\\0700\もう魔物の図鑑は完成しています。\f801\これも\f840\さんたちの\f801\活躍あってのことです。\f801\\ffff\</origin>
				<translate>\f859\\0700\もう魔物の図鑑は完成しています。\f801\これも\f840\さんたちの\f801\活躍あってのことです。\f801\\ffff\</translate>
			</id>
			<id id="6"/>
			<id id="7"/>
			<id id="8"/>
			<id id="9"/>
			<id id="10">
				<origin>\f859\\0500\１０体の魔物の登録ができたな。\f801\汝らの働きを讃え、これを贈ろう。\f801\\ffff\</origin>
				<translate>\f859\\0500\１０体の魔物の登録ができたな。\f801\汝らの働きを讃え、これを贈ろう。\f801\\ffff\</translate>
			</id>
			<id id="11">
				<origin>\f859\\0400\１０体の魔物の登録ができたね。\f801\これを報酬として渡すように\f801\姫から言付かっている。\f801\\ffff\</origin>
				<translate>\f859\\0400\１０体の魔物の登録ができたね。\f801\これを報酬として渡すように\f801\姫から言付かっている。\f801\\ffff\</translate>
			</id>
			<id id="12">
				<origin>\f859\\0700\１０体の魔物の登録ができました。\f801\これを報酬として渡すようにと\f801\言付かっております。\f801\\ffff\</origin>
				<translate>\f859\\0700\１０体の魔物の登録ができました。\f801\これを報酬として渡すようにと\f801\言付かっております。\f801\\ffff\</translate>
			</id>
			<id id="13"/>
			<id id="14"/>
			<id id="15"/>
			<id id="16"/>
			<id id="17"/>
			<id id="18"/>
			<id id="19"/>
			<id id="20">
				<origin>\f859\\0500\２５体の魔物の登録ができたな。\f801\汝らの働きを讃え、これを贈ろう。\f801\\ffff\</origin>
				<translate>\f859\\0500\２５体の魔物の登録ができたな。\f801\汝らの働きを讃え、これを贈ろう。\f801\\ffff\</translate>
			</id>
			<id id="21">
				<origin>\f859\\0400\２５体の魔物の登録ができたね。\f801\これを報酬として渡すように\f801\姫から言付かっている。\f801\\ffff\</origin>
				<translate>\f859\\0400\２５体の魔物の登録ができたね。\f801\これを報酬として渡すように\f801\姫から言付かっている。\f801\\ffff\</translate>
			</id>
			<id id="22">
				<origin>\f859\\0700\２５体の魔物の登録ができました。\f801\これを報酬として渡すようにと\f801\言付かっております。\f801\\ffff\</origin>
				<translate>\f859\\0700\２５体の魔物の登録ができました。\f801\これを報酬として渡すようにと\f801\言付かっております。\f801\\ffff\</translate>
			</id>
			<id id="23"/>
			<id id="24"/>
			<id id="25"/>
			<id id="26"/>
			<id id="27"/>
			<id id="28"/>
			<id id="29"/>
			<id id="30">
				<origin>\f859\\0500\５０体の魔物の登録ができたな。\f801\汝らの働きを讃え、これを贈ろう。\f801\\ffff\</origin>
				<translate>\f859\\0500\５０体の魔物の登録ができたな。\f801\汝らの働きを讃え、これを贈ろう。\f801\\ffff\</translate>
			</id>
			<id id="31">
				<origin>\f859\\0400\５０体の魔物の登録ができたね。\f801\これを報酬として渡すように\f801\姫から言付かっている。\f801\\ffff\</origin>
				<translate>\f859\\0400\５０体の魔物の登録ができたね。\f801\これを報酬として渡すように\f801\姫から言付かっている。\f801\\ffff\</translate>
			</id>
			<id id="32">
				<origin>\f859\\0700\５０体の魔物の登録ができました。\f801\これを報酬として渡すようにと\f801\言付かっております。\f801\\ffff\</origin>
				<translate>\f859\\0700\５０体の魔物の登録ができました。\f801\これを報酬として渡すようにと\f801\言付かっております。\f801\\ffff\</translate>
			</id>
			<id id="33"/>
			<id id="34"/>
			<id id="35"/>
			<id id="36"/>
			<id id="37"/>
			<id id="38"/>
			<id id="39"/>
			<id id="40">
				<origin>\f859\\0500\７５体の魔物の登録ができたな。\f801\汝らの働きを讃え、これを贈ろう。\f801\\ffff\</origin>
				<translate>\f859\\0500\７５体の魔物の登録ができたな。\f801\汝らの働きを讃え、これを贈ろう。\f801\\ffff\</translate>
			</id>
			<id id="41">
				<origin>\f859\\0400\７５体の魔物の登録ができたね。\f801\これを報酬として渡すように\f801\姫から言付かっている。\f801\\ffff\</origin>
				<translate>\f859\\0400\７５体の魔物の登録ができたね。\f801\これを報酬として渡すように\f801\姫から言付かっている。\f801\\ffff\</translate>
			</id>
			<id id="42">
				<origin>\f859\\0700\７５体の魔物の登録ができました。\f801\これを報酬として渡すようにと\f801\言付かっております。\f801\\ffff\</origin>
				<translate>\f859\\0700\７５体の魔物の登録ができました。\f801\これを報酬として渡すようにと\f801\言付かっております。\f801\\ffff\</translate>
			</id>
			<id id="43"/>
			<id id="44"/>
			<id id="45"/>
			<id id="46"/>
			<id id="47"/>
			<id id="48"/>
			<id id="49"/>
			<id id="50">
				<origin>\f859\\0500\１００体の魔物の登録ができたな。\f801\汝らの働きを讃え、これを贈ろう。\f801\\ffff\</origin>
				<translate>\f859\\0500\１００体の魔物の登録ができたな。\f801\汝らの働きを讃え、これを贈ろう。\f801\\ffff\</translate>
			</id>
			<id id="51">
				<origin>\f859\\0400\１００体の魔物の登録ができたね。\f801\これを報酬として渡すように\f801\姫から言付かっている。\f801\\ffff\</origin>
				<translate>\f859\\0400\１００体の魔物の登録ができたね。\f801\これを報酬として渡すように\f801\姫から言付かっている。\f801\\ffff\</translate>
			</id>
			<id id="52">
				<origin>\f859\\0700\１００体の魔物の登録ができました。\f801\これを報酬として渡すようにと\f801\言付かっております。\f801\\ffff\</origin>
				<translate>\f859\\0700\１００体の魔物の登録ができました。\f801\これを報酬として渡すようにと\f801\言付かっております。\f801\\ffff\</translate>
			</id>
			<id id="53"/>
			<id id="54"/>
			<id id="55"/>
			<id id="56"/>
			<id id="57"/>
			<id id="58"/>
			<id id="59"/>
			<id id="60">
				<origin>\f859\\0500\１２５体の魔物の登録ができたな。\f801\汝らの働きを讃え、これを贈ろう。\f801\\ffff\</origin>
				<translate>\f859\\0500\１２５体の魔物の登録ができたな。\f801\汝らの働きを讃え、これを贈ろう。\f801\\ffff\</translate>
			</id>
			<id id="61">
				<origin>\f859\\0400\１２５体の魔物の登録ができたね。\f801\これを報酬として渡すように\f801\姫から言付かっている。\f801\\ffff\</origin>
				<translate>\f859\\0400\１２５体の魔物の登録ができたね。\f801\これを報酬として渡すように\f801\姫から言付かっている。\f801\\ffff\</translate>
			</id>
			<id id="62">
				<origin>\f859\\0700\１２５体の魔物の登録ができました。\f801\これを報酬として渡すようにと\f801\言付かっております。\f801\\ffff\</origin>
				<translate>\f859\\0700\１２５体の魔物の登録ができました。\f801\これを報酬として渡すようにと\f801\言付かっております。\f801\\ffff\</translate>
			</id>
			<id id="63"/>
			<id id="64"/>
			<id id="65"/>
			<id id="66"/>
			<id id="67"/>
			<id id="68"/>
			<id id="69"/>
			<id id="70">
				<origin>\f859\\0500\１５０体の魔物の登録ができたな。\f801\汝らの働きを讃え、これを贈ろう。\f801\\ffff\</origin>
				<translate>\f859\\0500\１５０体の魔物の登録ができたな。\f801\汝らの働きを讃え、これを贈ろう。\f801\\ffff\</translate>
			</id>
			<id id="71">
				<origin>\f859\\0400\１５０体の魔物の登録ができたね。\f801\これを報酬として渡すように\f801\姫から言付かっている。\f801\\ffff\</origin>
				<translate>\f859\\0400\１５０体の魔物の登録ができたね。\f801\これを報酬として渡すように\f801\姫から言付かっている。\f801\\ffff\</translate>
			</id>
			<id id="72">
				<origin>\f859\\0700\１５０体の魔物の登録ができました。\f801\これを報酬として渡すようにと\f801\言付かっております。\f801\\ffff\</origin>
				<translate>\f859\\0700\１５０体の魔物の登録ができました。\f801\これを報酬として渡すようにと\f801\言付かっております。\f801\\ffff\</translate>
			</id>
			<id id="73"/>
			<id id="74"/>
			<id id="75"/>
			<id id="76"/>
			<id id="77"/>
			<id id="78"/>
			<id id="79"/>
			<id id="80">
				<origin>\f859\\0500\１７５体の魔物の登録ができたな。\f801\汝らの働きを讃え、これを贈ろう。\f801\\ffff\</origin>
				<translate>\f859\\0500\１７５体の魔物の登録ができたな。\f801\汝らの働きを讃え、これを贈ろう。\f801\\ffff\</translate>
			</id>
			<id id="81">
				<origin>\f859\\0400\１７５体の魔物の登録ができたね。\f801\これを報酬として渡すように\f801\姫から言付かっている。\f801\\ffff\</origin>
				<translate>\f859\\0400\１７５体の魔物の登録ができたね。\f801\これを報酬として渡すように\f801\姫から言付かっている。\f801\\ffff\</translate>
			</id>
			<id id="82">
				<origin>\f859\\0700\１７５体の魔物の登録ができました。\f801\これを報酬として渡すようにと\f801\言付かっております。\f801\\ffff\</origin>
				<translate>\f859\\0700\１７５体の魔物の登録ができました。\f801\これを報酬として渡すようにと\f801\言付かっております。\f801\\ffff\</translate>
			</id>
			<id id="83"/>
			<id id="84"/>
			<id id="85"/>
			<id id="86"/>
			<id id="87"/>
			<id id="88"/>
			<id id="89"/>
			<id id="90">
				<origin>\f859\\0500\２００体の魔物の登録ができたな。\f801\汝らの働きを讃え、これを贈ろう。\f801\\ffff\</origin>
				<translate>\f859\\0500\２００体の魔物の登録ができたな。\f801\汝らの働きを讃え、これを贈ろう。\f801\\ffff\</translate>
			</id>
			<id id="91">
				<origin>\f859\\0400\２００体の魔物の登録ができたね。\f801\これを報酬として渡すように\f801\姫から言付かっている。\f801\\ffff\</origin>
				<translate>\f859\\0400\２００体の魔物の登録ができたね。\f801\これを報酬として渡すように\f801\姫から言付かっている。\f801\\ffff\</translate>
			</id>
			<id id="92">
				<origin>\f859\\0700\２００体の魔物の登録ができました。\f801\これを報酬として渡すようにと\f801\言付かっております。\f801\\ffff\</origin>
				<translate>\f859\\0700\２００体の魔物の登録ができました。\f801\これを報酬として渡すようにと\f801\言付かっております。\f801\\ffff\</translate>
			</id>
			<id id="93"/>
			<id id="94"/>
			<id id="95"/>
			<id id="96"/>
			<id id="97"/>
			<id id="98"/>
			<id id="99"/>
			<id id="100">
				<origin>\f859\\0500\２２５体の魔物の登録ができたな。\f801\汝らの働きを讃え、これを贈ろう。\f801\\ffff\</origin>
				<translate>\f859\\0500\２２５体の魔物の登録ができたな。\f801\汝らの働きを讃え、これを贈ろう。\f801\\ffff\</translate>
			</id>
			<id id="101">
				<origin>\f859\\0400\２２５体の魔物の登録ができたね。\f801\これを報酬として渡すように\f801\姫から言付かっている。\f801\\ffff\</origin>
				<translate>\f859\\0400\２２５体の魔物の登録ができたね。\f801\これを報酬として渡すように\f801\姫から言付かっている。\f801\\ffff\</translate>
			</id>
			<id id="102">
				<origin>\f859\\0700\２２５体の魔物の登録ができました。\f801\これを報酬として渡すようにと\f801\言付かっております。\f801\\ffff\</origin>
				<translate>\f859\\0700\２２５体の魔物の登録ができました。\f801\これを報酬として渡すようにと\f801\言付かっております。\f801\\ffff\</translate>
			</id>
			<id id="103"/>
			<id id="104"/>
			<id id="105"/>
			<id id="106"/>
			<id id="107"/>
			<id id="108"/>
			<id id="109"/>
			<id id="110">
				<origin>\f859\\0500\これで魔物の図鑑は完成したようだな。\f801\さすが\f840\と言ったところか。\f801\\f802\この素晴らしい功績を称え、これを贈ろう。\f801\\ffff\</origin>
				<translate>\f859\\0500\これで魔物の図鑑は完成したようだな。\f801\さすが\f840\と言ったところか。\f801\\f802\この素晴らしい功績を称え、これを贈ろう。\f801\\ffff\</translate>
			</id>
			<id id="111">
				<origin>\f859\\0400\これで魔物の図鑑は完成したようだね。\f801\さすが、\f840\だ。\f801\\f802\この素晴らしい功績に対しては、\f801\これを渡すように姫から言付かっているよ。\f801\\ffff\</origin>
				<translate>\f859\\0400\これで魔物の図鑑は完成したようだね。\f801\さすが、\f840\だ。\f801\\f802\この素晴らしい功績に対しては、\f801\これを渡すように姫から言付かっているよ。\f801\\ffff\</translate>
			</id>
			<id id="112">
				<origin>\f859\\0700\これで魔物の図鑑は完成しましたね。\f801\\f840\の皆さん、さすがです。\f801\\f802\この素晴らしい功績に対しては、\f801\これを渡すように言付かっております。\f801\\ffff\</origin>
				<translate>\f859\\0700\これで魔物の図鑑は完成しましたね。\f801\\f840\の皆さん、さすがです。\f801\\f802\この素晴らしい功績に対しては、\f801\これを渡すように言付かっております。\f801\\ffff\</translate>
			</id>
			<id id="113"/>
			<id id="114"/>
			<id id="115"/>
			<id id="116"/>
			<id id="117"/>
			<id id="118"/>
			<id id="119"/>
			<id id="120">
				<origin>\f859\\0500\\f81b\\565f\\4348\\4152\\5f31\\3035\\2f45\\5645\\4e54\\2f43\\4f4d\\505f\\454e\\442f\\676f\\765f\\3134\\3500\\0000\すばらしい！\f801\ついに図鑑を完成させてくれたのか！\f801\\f802\\f81b\\565f\\4348\\4152\\5f31\\3035\\2f45\\5645\\4e54\\2f43\\4f4d\\505f\\454e\\442f\\676f\\765f\\3134\\3600\\0000\汝らは冷静だが少しは喜ぶといい。\f801\これはまさに偉業と呼ぶに相応しい事だ。\f801\\f802\\f81b\\565f\\4348\\4152\\5f31\\3035\\2f45\\5645\\4e54\\2f43\\4f4d\\505f\\454e\\442f\\676f\\765f\\3134\\3700\\0000\この偉業を祝うために\f801\今から汝らが主役の祭りを執り行おう！\f801\…今宵は眠れぬが覚悟をしておくといい\f801\\ffff\</origin>
				<translate>\f859\\0500\\f81b\\565f\\4348\\4152\\5f31\\3035\\2f45\\5645\\4e54\\2f43\\4f4d\\505f\\454e\\442f\\676f\\765f\\3134\\3500\\0000\すばらしい！\f801\ついに図鑑を完成させてくれたのか！\f801\\f802\\f81b\\565f\\4348\\4152\\5f31\\3035\\2f45\\5645\\4e54\\2f43\\4f4d\\505f\\454e\\442f\\676f\\765f\\3134\\3600\\0000\汝らは冷静だが少しは喜ぶといい。\f801\これはまさに偉業と呼ぶに相応しい事だ。\f801\\f802\\f81b\\565f\\4348\\4152\\5f31\\3035\\2f45\\5645\\4e54\\2f43\\4f4d\\505f\\454e\\442f\\676f\\765f\\3134\\3700\\0000\この偉業を祝うために\f801\今から汝らが主役の祭りを執り行おう！\f801\…今宵は眠れぬが覚悟をしておくといい\f801\\ffff\</translate>
			</id>
			<id id="121">
				<origin>\f859\\0400\\f81b\\565f\\4348\\4152\\5f31\\3036\\2f45\\5645\\4e54\\2f43\\4f4d\\505f\\454e\\442f\\6775\\695f\\3331\\3700\\0000\ついにすべての図鑑を埋めたというのか！\f801\誰もなし得なかった偉業を\f801\君たちが見事やり遂げたのだな！\f801\\ffff\</origin>
				<translate>\f859\\0400\\f81b\\565f\\4348\\4152\\5f31\\3036\\2f45\\5645\\4e54\\2f43\\4f4d\\505f\\454e\\442f\\6775\\695f\\3331\\3700\\0000\ついにすべての図鑑を埋めたというのか！\f801\誰もなし得なかった偉業を\f801\君たちが見事やり遂げたのだな！\f801\\ffff\</translate>
			</id>
			<id id="122">
				<origin>\f859\\0700\すばらしいです！\f801\ついに図鑑が完成しましたね！\f801\\f802\皆さんは冷静ですがもっと喜ぶべきです！\f801\これはまさに偉業と呼ぶに\f801\相応しい事なんですから！\f801\\f802\この偉業を祝うために皆様が主役の祭りを\f801\開催することを上層部に進言致します！\f801\存分に楽しんでいただければと思います！\f801\\ffff\</origin>
				<translate>\f859\\0700\すばらしいです！\f801\ついに図鑑が完成しましたね！\f801\\f802\皆さんは冷静ですがもっと喜ぶべきです！\f801\これはまさに偉業と呼ぶに\f801\相応しい事なんですから！\f801\\f802\この偉業を祝うために皆様が主役の祭りを\f801\開催することを上層部に進言致します！\f801\存分に楽しんでいただければと思います！\f801\\ffff\</translate>
			</id>
		</body>
	</mbm>
